{
"type": "FeatureCollection",
"name": "project1_tracts",
"crs": { "type": "name", "properties": { "name": "urn:ogc:def:crs:OGC:1.3:CRS84" } },
"features": [
{ "type": "Feature", "properties": { "tract_geoid": "42101000101", "tract_name": "1.01", "fixed_population": 1963.0, "peak_count": 3, "peak_rate": 5.0942435048395316, "recent_count": 2, "recent_rate": 3.3961623365596876, "absolute_rate_change": -1.698081168279844, "absolute_count_change": -1, "benchmark_rate_10k": 13.597203178615208, "baseline_percentile": 0.75, "peak_elevated": false, "recent_elevated": false, "transition": "Consistently below", "low_population_flag": false, "low_count_flag": true, "zero_population_flag": false, "missing_denominator_flag": false }, "geometry": { "type": "Polygon", "coordinates": [ [ [ -75.152337, 39.949421 ], [ -75.151539, 39.952948 ], [ -75.141469, 39.951698 ], [ -75.141766, 39.949884 ], [ -75.142466, 39.948174 ], [ -75.152337, 39.949421 ] ] ] } },
{ "type": "Feature", "properties": { "tract_geoid": "42101000102", "tract_name": "1.02", "fixed_population": 3172.0, "peak_count": 0, "peak_rate": 0.0, "recent_count": 1, "recent_rate": 1.0508617065994115, "absolute_rate_change": 1.0508617065994115, "absolute_count_change": 1, "benchmark_rate_10k": 13.597203178615208, "baseline_percentile": 0.75, "peak_elevated": false, "recent_elevated": false, "transition": "Consistently below", "low_population_flag": false, "low_count_flag": true, "zero_population_flag": false, "missing_denominator_flag": false }, "geometry": { "type": "Polygon", "coordinates": [ [ [ -75.151125, 39.954848 ], [ -75.151223, 39.956862 ], [ -75.150881, 39.957421 ], [ -75.148877, 39.957664 ], [ -75.148539, 39.957637 ], [ -75.144255, 39.956784 ], [ -75.142177, 39.956184 ], [ -75.141586, 39.955754 ], [ -75.141469, 39.951698 ], [ -75.151539, 39.952948 ], [ -75.151125, 39.954848 ] ] ] } },
{ "type": "Feature", "properties": { "tract_geoid": "42101000200", "tract_name": "2", "fixed_population": 3103.0, "peak_count": 8, "peak_rate": 8.5938339241594157, "recent_count": 3, "recent_rate": 3.2226877215597813, "absolute_rate_change": -5.3711462025996344, "absolute_count_change": -5, "benchmark_rate_10k": 13.597203178615208, "baseline_percentile": 0.75, "peak_elevated": false, "recent_elevated": false, "transition": "Consistently below", "low_population_flag": false, "low_count_flag": true, "zero_population_flag": false, "missing_denominator_flag": false }, "geometry": { "type": "Polygon", "coordinates": [ [ [ -75.163093, 39.9544 ], [ -75.162339, 39.957825 ], [ -75.155538, 39.956923 ], [ -75.153846, 39.956784 ], [ -75.152893, 39.956884 ], [ -75.150881, 39.957421 ], [ -75.151223, 39.956862 ], [ -75.151125, 39.954848 ], [ -75.151539, 39.952948 ], [ -75.163093, 39.9544 ] ] ] } },
{ "type": "Feature", "properties": { "tract_geoid": "42101000300", "tract_name": "3", "fixed_population": 4727.0, "peak_count": 1, "peak_rate": 0.70516888794866373, "recent_count": 1, "recent_rate": 0.70516888794866373, "absolute_rate_change": 0.0, "absolute_count_change": 0, "benchmark_rate_10k": 13.597203178615208, "baseline_percentile": 0.75, "peak_elevated": false, "recent_elevated": false, "transition": "Consistently below", "low_population_flag": false, "low_count_flag": true, "zero_population_flag": false, "missing_denominator_flag": false }, "geometry": { "type": "Polygon", "coordinates": [ [ [ -75.179937, 39.960028 ], [ -75.162339, 39.957825 ], [ -75.163093, 39.9544 ], [ -75.177377, 39.956176 ], [ -75.177527, 39.95549 ], [ -75.17972, 39.956164 ], [ -75.179126, 39.958004 ], [ -75.179937, 39.960028 ] ] ] } },
{ "type": "Feature", "properties": { "tract_geoid": "42101000401", "tract_name": "4.01", "fixed_population": 2919.0, "peak_count": 0, "peak_rate": 0.0, "recent_count": 1, "recent_rate": 1.1419435879867534, "absolute_rate_change": 1.1419435879867534, "absolute_count_change": 1, "benchmark_rate_10k": 13.597203178615208, "baseline_percentile": 0.75, "peak_elevated": false, "recent_elevated": false, "transition": "Consistently below", "low_population_flag": false, "low_count_flag": true, "zero_population_flag": false, "missing_denominator_flag": false }, "geometry": { "type": "Polygon", "coordinates": [ [ [ -75.180223, 39.954472 ], [ -75.17972, 39.956164 ], [ -75.177527, 39.95549 ], [ -75.177377, 39.956176 ], [ -75.172783, 39.955604 ], [ -75.173489, 39.952052 ], [ -75.180909, 39.952982 ], [ -75.180223, 39.954472 ] ] ] } },
{ "type": "Feature", "properties": { "tract_geoid": "42101000403", "tract_name": "4.03", "fixed_population": 1010.0, "peak_count": 7, "peak_rate": 23.102310231023104, "recent_count": 4, "recent_rate": 13.201320132013201, "absolute_rate_change": -9.9009900990099027, "absolute_count_change": -3, "benchmark_rate_10k": 13.597203178615208, "baseline_percentile": 0.75, "peak_elevated": true, "recent_elevated": false, "transition": "Previously elevated", "low_population_flag": false, "low_count_flag": true, "zero_population_flag": false, "missing_denominator_flag": false }, "geometry": { "type": "Polygon", "coordinates": [ [ [ -75.168767, 39.951468 ], [ -75.167989, 39.955008 ], [ -75.163093, 39.9544 ], [ -75.163323, 39.953355 ], [ -75.165063, 39.953608 ], [ -75.165299, 39.952284 ], [ -75.163996, 39.951625 ], [ -75.164011, 39.950876 ], [ -75.168767, 39.951468 ] ] ] } },
{ "type": "Feature", "properties": { "tract_geoid": "42101000404", "tract_name": "4.04", "fixed_population": 2588.0, "peak_count": 2, "peak_rate": 2.5759917568263782, "recent_count": 0, "recent_rate": 0.0, "absolute_rate_change": -2.5759917568263782, "absolute_count_change": -2, "benchmark_rate_10k": 13.597203178615208, "baseline_percentile": 0.75, "peak_elevated": false, "recent_elevated": false, "transition": "Consistently below", "low_population_flag": false, "low_count_flag": true, "zero_population_flag": false, "missing_denominator_flag": false }, "geometry": { "type": "Polygon", "coordinates": [ [ [ -75.173489, 39.952052 ], [ -75.172783, 39.955604 ], [ -75.167989, 39.955008 ], [ -75.168767, 39.951468 ], [ -75.173489, 39.952052 ] ] ] } },
{ "type": "Feature", "properties": { "tract_geoid": "42101000500", "tract_name": "5", "fixed_population": 3395.0, "peak_count": 6, "peak_rate": 5.8910162002945503, "recent_count": 9, "recent_rate": 8.8365243004418268, "absolute_rate_change": 2.9455081001472765, "absolute_count_change": 3, "benchmark_rate_10k": 13.597203178615208, "baseline_percentile": 0.75, "peak_elevated": false, "recent_elevated": false, "transition": "Consistently below", "low_population_flag": false, "low_count_flag": false, "zero_population_flag": false, "missing_denominator_flag": false }, "geometry": { "type": "Polygon", "coordinates": [ [ [ -75.165063, 39.953608 ], [ -75.163323, 39.953355 ], [ -75.163093, 39.9544 ], [ -75.151539, 39.952948 ], [ -75.152337, 39.949421 ], [ -75.164011, 39.950876 ], [ -75.163996, 39.951625 ], [ -75.165299, 39.952284 ], [ -75.165063, 39.953608 ] ] ] } },
{ "type": "Feature", "properties": { "tract_geoid": "42101000600", "tract_name": "6", "fixed_population": 1923.0, "peak_count": 3, "peak_rate": 5.2002080083203337, "recent_count": 6, "recent_rate": 10.400416016640667, "absolute_rate_change": 5.2002080083203337, "absolute_count_change": 3, "benchmark_rate_10k": 13.597203178615208, "baseline_percentile": 0.75, "peak_elevated": false, "recent_elevated": false, "transition": "Consistently below", "low_population_flag": false, "low_count_flag": true, "zero_population_flag": false, "missing_denominator_flag": false }, "geometry": { "type": "Polygon", "coordinates": [ [ [ -75.164338, 39.949346 ], [ -75.164011, 39.950876 ], [ -75.152337, 39.949421 ], [ -75.153174, 39.947962 ], [ -75.164338, 39.949346 ] ] ] } },
{ "type": "Feature", "properties": { "tract_geoid": "42101000701", "tract_name": "7.01", "fixed_population": 2229.0, "peak_count": 4, "peak_rate": 5.9817556452818899, "recent_count": 2, "recent_rate": 2.9908778226409449, "absolute_rate_change": -2.9908778226409449, "absolute_count_change": -2, "benchmark_rate_10k": 13.597203178615208, "baseline_percentile": 0.75, "peak_elevated": false, "recent_elevated": false, "transition": "Consistently below", "low_population_flag": false, "low_count_flag": true, "zero_population_flag": false, "missing_denominator_flag": false }, "geometry": { "type": "Polygon", "coordinates": [ [ [ -75.173489, 39.952052 ], [ -75.164011, 39.950876 ], [ -75.164338, 39.949346 ], [ -75.167517, 39.949744 ], [ -75.167689, 39.948974 ], [ -75.169251, 39.949174 ], [ -75.169102, 39.949943 ], [ -75.173813, 39.950531 ], [ -75.173489, 39.952052 ] ] ] } },
{ "type": "Feature", "properties": { "tract_geoid": "42101000702", "tract_name": "7.02", "fixed_population": 2055.0, "peak_count": 1, "peak_rate": 1.6220600162206003, "recent_count": 0, "recent_rate": 0.0, "absolute_rate_change": -1.6220600162206003, "absolute_count_change": -1, "benchmark_rate_10k": 13.597203178615208, "baseline_percentile": 0.75, "peak_elevated": false, "recent_elevated": false, "transition": "Consistently below", "low_population_flag": false, "low_count_flag": true, "zero_population_flag": false, "missing_denominator_flag": false }, "geometry": { "type": "Polygon", "coordinates": [ [ [ -75.180909, 39.952982 ], [ -75.173489, 39.952052 ], [ -75.173813, 39.950531 ], [ -75.181663, 39.951509 ], [ -75.180909, 39.952982 ] ] ] } },
{ "type": "Feature", "properties": { "tract_geoid": "42101000801", "tract_name": "8.01", "fixed_population": 1604.0, "peak_count": 0, "peak_rate": 0.0, "recent_count": 0, "recent_rate": 0.0, "absolute_rate_change": 0.0, "absolute_count_change": 0, "benchmark_rate_10k": 13.597203178615208, "baseline_percentile": 0.75, "peak_elevated": false, "recent_elevated": false, "transition": "Consistently below", "low_population_flag": false, "low_count_flag": true, "zero_population_flag": false, "missing_denominator_flag": false }, "geometry": { "type": "Polygon", "coordinates": [ [ [ -75.181663, 39.951509 ], [ -75.177323, 39.950964 ], [ -75.177843, 39.94861 ], [ -75.181134, 39.949008 ], [ -75.183288, 39.949512 ], [ -75.181663, 39.951509 ] ] ] } },
{ "type": "Feature", "properties": { "tract_geoid": "42101000803", "tract_name": "8.03", "fixed_population": 3947.0, "peak_count": 0, "peak_rate": 0.0, "recent_count": 1, "recent_rate": 0.8445232666159953, "absolute_rate_change": 0.8445232666159953, "absolute_count_change": 1, "benchmark_rate_10k": 13.597203178615208, "baseline_percentile": 0.75, "peak_elevated": false, "recent_elevated": false, "transition": "Consistently below", "low_population_flag": false, "low_count_flag": true, "zero_population_flag": false, "missing_denominator_flag": false }, "geometry": { "type": "Polygon", "coordinates": [ [ [ -75.177323, 39.950964 ], [ -75.170667, 39.950131 ], [ -75.17118, 39.947784 ], [ -75.177843, 39.94861 ], [ -75.177323, 39.950964 ] ] ] } },
{ "type": "Feature", "properties": { "tract_geoid": "42101000805", "tract_name": "8.05", "fixed_population": 2263.0, "peak_count": 0, "peak_rate": 0.0, "recent_count": 0, "recent_rate": 0.0, "absolute_rate_change": 0.0, "absolute_count_change": 0, "benchmark_rate_10k": 13.597203178615208, "baseline_percentile": 0.75, "peak_elevated": false, "recent_elevated": false, "transition": "Consistently below", "low_population_flag": false, "low_count_flag": true, "zero_population_flag": false, "missing_denominator_flag": false }, "geometry": { "type": "Polygon", "coordinates": [ [ [ -75.17118, 39.947784 ], [ -75.170667, 39.950131 ], [ -75.169102, 39.949943 ], [ -75.169251, 39.949174 ], [ -75.167689, 39.948974 ], [ -75.16803, 39.947386 ], [ -75.17118, 39.947784 ] ] ] } },
{ "type": "Feature", "properties": { "tract_geoid": "42101000806", "tract_name": "8.06", "fixed_population": 2303.0, "peak_count": 0, "peak_rate": 0.0, "recent_count": 4, "recent_rate": 5.7895498624981903, "absolute_rate_change": 5.7895498624981903, "absolute_count_change": 4, "benchmark_rate_10k": 13.597203178615208, "baseline_percentile": 0.75, "peak_elevated": false, "recent_elevated": false, "transition": "Consistently below", "low_population_flag": false, "low_count_flag": true, "zero_population_flag": false, "missing_denominator_flag": false }, "geometry": { "type": "Polygon", "coordinates": [ [ [ -75.16803, 39.947386 ], [ -75.167517, 39.949744 ], [ -75.164338, 39.949346 ], [ -75.164845, 39.946999 ], [ -75.16803, 39.947386 ] ] ] } },
{ "type": "Feature", "properties": { "tract_geoid": "42101000901", "tract_name": "9.01", "fixed_population": 2000.0, "peak_count": 5, "peak_rate": 8.3333333333333339, "recent_count": 3, "recent_rate": 5.0, "absolute_rate_change": -3.3333333333333339, "absolute_count_change": -2, "benchmark_rate_10k": 13.597203178615208, "baseline_percentile": 0.75, "peak_elevated": false, "recent_elevated": false, "transition": "Consistently below", "low_population_flag": false, "low_count_flag": true, "zero_population_flag": false, "missing_denominator_flag": false }, "geometry": { "type": "Polygon", "coordinates": [ [ [ -75.164845, 39.946999 ], [ -75.164338, 39.949346 ], [ -75.159751, 39.948783 ], [ -75.160267, 39.946422 ], [ -75.164845, 39.946999 ] ] ] } },
{ "type": "Feature", "properties": { "tract_geoid": "42101000902", "tract_name": "9.02", "fixed_population": 2624.0, "peak_count": 0, "peak_rate": 0.0, "recent_count": 0, "recent_rate": 0.0, "absolute_rate_change": 0.0, "absolute_count_change": 0, "benchmark_rate_10k": 13.597203178615208, "baseline_percentile": 0.75, "peak_elevated": false, "recent_elevated": false, "transition": "Consistently below", "low_population_flag": false, "low_count_flag": true, "zero_population_flag": false, "missing_denominator_flag": false }, "geometry": { "type": "Polygon", "coordinates": [ [ [ -75.159751, 39.948783 ], [ -75.153174, 39.947962 ], [ -75.153424, 39.946817 ], [ -75.153104, 39.94591 ], [ -75.153184, 39.945536 ], [ -75.160267, 39.946422 ], [ -75.159751, 39.948783 ] ] ] } },
{ "type": "Feature", "properties": { "tract_geoid": "42101001001", "tract_name": "10.01", "fixed_population": 2726.0, "peak_count": 0, "peak_rate": 0.0, "recent_count": 0, "recent_rate": 0.0, "absolute_rate_change": 0.0, "absolute_count_change": 0, "benchmark_rate_10k": 13.597203178615208, "baseline_percentile": 0.75, "peak_elevated": false, "recent_elevated": false, "transition": "Consistently below", "low_population_flag": false, "low_count_flag": true, "zero_population_flag": false, "missing_denominator_flag": false }, "geometry": { "type": "Polygon", "coordinates": [ [ [ -75.153916, 39.942205 ], [ -75.153104, 39.94591 ], [ -75.153424, 39.946817 ], [ -75.153174, 39.947962 ], [ -75.152337, 39.949421 ], [ -75.149186, 39.949032 ], [ -75.150755, 39.941818 ], [ -75.153916, 39.942205 ] ] ] } },
{ "type": "Feature", "properties": { "tract_geoid": "42101001002", "tract_name": "10.02", "fixed_population": 3759.0, "peak_count": 4, "peak_rate": 3.5470426531879045, "recent_count": 3, "recent_rate": 2.6602819898909287, "absolute_rate_change": -0.88676066329697578, "absolute_count_change": -1, "benchmark_rate_10k": 13.597203178615208, "baseline_percentile": 0.75, "peak_elevated": false, "recent_elevated": false, "transition": "Consistently below", "low_population_flag": false, "low_count_flag": true, "zero_population_flag": false, "missing_denominator_flag": false }, "geometry": { "type": "Polygon", "coordinates": [ [ [ -75.150755, 39.941818 ], [ -75.149186, 39.949032 ], [ -75.142466, 39.948174 ], [ -75.14406, 39.940972 ], [ -75.150755, 39.941818 ] ] ] } },
{ "type": "Feature", "properties": { "tract_geoid": "42101001101", "tract_name": "11.01", "fixed_population": 4192.0, "peak_count": 4, "peak_rate": 3.1806615776081428, "recent_count": 1, "recent_rate": 0.79516539440203571, "absolute_rate_change": -2.385496183206107, "absolute_count_change": -3, "benchmark_rate_10k": 13.597203178615208, "baseline_percentile": 0.75, "peak_elevated": false, "recent_elevated": false, "transition": "Consistently below", "low_population_flag": false, "low_count_flag": true, "zero_population_flag": false, "missing_denominator_flag": false }, "geometry": { "type": "Polygon", "coordinates": [ [ [ -75.165575, 39.943664 ], [ -75.164845, 39.946999 ], [ -75.159481, 39.946325 ], [ -75.160205, 39.942997 ], [ -75.165575, 39.943664 ] ] ] } },
{ "type": "Feature", "properties": { "tract_geoid": "42101001102", "tract_name": "11.02", "fixed_population": 2811.0, "peak_count": 0, "peak_rate": 0.0, "recent_count": 1, "recent_rate": 1.1858176212498517, "absolute_rate_change": 1.1858176212498517, "absolute_count_change": 1, "benchmark_rate_10k": 13.597203178615208, "baseline_percentile": 0.75, "peak_elevated": false, "recent_elevated": false, "transition": "Consistently below", "low_population_flag": false, "low_count_flag": true, "zero_population_flag": false, "missing_denominator_flag": false }, "geometry": { "type": "Polygon", "coordinates": [ [ [ -75.160205, 39.942997 ], [ -75.159481, 39.946325 ], [ -75.153184, 39.945536 ], [ -75.153916, 39.942205 ], [ -75.160205, 39.942997 ] ] ] } },
{ "type": "Feature", "properties": { "tract_geoid": "42101001201", "tract_name": "12.01", "fixed_population": 4063.0, "peak_count": 0, "peak_rate": 0.0, "recent_count": 1, "recent_rate": 0.82041184674706702, "absolute_rate_change": 0.82041184674706702, "absolute_count_change": 1, "benchmark_rate_10k": 13.597203178615208, "baseline_percentile": 0.75, "peak_elevated": false, "recent_elevated": false, "transition": "Consistently below", "low_population_flag": false, "low_count_flag": true, "zero_population_flag": false, "missing_denominator_flag": false }, "geometry": { "type": "Polygon", "coordinates": [ [ [ -75.187231, 39.947176 ], [ -75.185634, 39.948021 ], [ -75.183288, 39.949512 ], [ -75.181134, 39.949008 ], [ -75.174323, 39.948177 ], [ -75.175054, 39.944832 ], [ -75.185685, 39.946159 ], [ -75.187231, 39.947176 ] ] ] } },
{ "type": "Feature", "properties": { "tract_geoid": "42101001203", "tract_name": "12.03", "fixed_population": 1725.0, "peak_count": 0, "peak_rate": 0.0, "recent_count": 0, "recent_rate": 0.0, "absolute_rate_change": 0.0, "absolute_count_change": 0, "benchmark_rate_10k": 13.597203178615208, "baseline_percentile": 0.75, "peak_elevated": false, "recent_elevated": false, "transition": "Consistently below", "low_population_flag": false, "low_count_flag": true, "zero_population_flag": false, "missing_denominator_flag": false }, "geometry": { "type": "Polygon", "coordinates": [ [ [ -75.175054, 39.944832 ], [ -75.174323, 39.948177 ], [ -75.17118, 39.947784 ], [ -75.171906, 39.944443 ], [ -75.175054, 39.944832 ] ] ] } },
{ "type": "Feature", "properties": { "tract_geoid": "42101001204", "tract_name": "12.04", "fixed_population": 3420.0, "peak_count": 1, "peak_rate": 0.97465886939571145, "recent_count": 3, "recent_rate": 2.9239766081871346, "absolute_rate_change": 1.9493177387914231, "absolute_count_change": 2, "benchmark_rate_10k": 13.597203178615208, "baseline_percentile": 0.75, "peak_elevated": false, "recent_elevated": false, "transition": "Consistently below", "low_population_flag": false, "low_count_flag": true, "zero_population_flag": false, "missing_denominator_flag": false }, "geometry": { "type": "Polygon", "coordinates": [ [ [ -75.171906, 39.944443 ], [ -75.17118, 39.947784 ], [ -75.164845, 39.946999 ], [ -75.165575, 39.943664 ], [ -75.171906, 39.944443 ] ] ] } },
{ "type": "Feature", "properties": { "tract_geoid": "42101001301", "tract_name": "13.01", "fixed_population": 1997.0, "peak_count": 1, "peak_rate": 1.6691704223001169, "recent_count": 0, "recent_rate": 0.0, "absolute_rate_change": -1.6691704223001169, "absolute_count_change": -1, "benchmark_rate_10k": 13.597203178615208, "baseline_percentile": 0.75, "peak_elevated": false, "recent_elevated": false, "transition": "Consistently below", "low_population_flag": false, "low_count_flag": true, "zero_population_flag": false, "missing_denominator_flag": false }, "geometry": { "type": "Polygon", "coordinates": [ [ [ -75.186626, 39.940985 ], [ -75.184474, 39.942274 ], [ -75.177761, 39.941461 ], [ -75.178251, 39.939268 ], [ -75.187445, 39.940364 ], [ -75.186626, 39.940985 ] ] ] } },
{ "type": "Feature", "properties": { "tract_geoid": "42101001302", "tract_name": "13.02", "fixed_population": 4524.0, "peak_count": 2, "peak_rate": 1.4736221632773356, "recent_count": 0, "recent_rate": 0.0, "absolute_rate_change": -1.4736221632773356, "absolute_count_change": -2, "benchmark_rate_10k": 13.597203178615208, "baseline_percentile": 0.75, "peak_elevated": false, "recent_elevated": false, "transition": "Consistently below", "low_population_flag": false, "low_count_flag": true, "zero_population_flag": false, "missing_denominator_flag": false }, "geometry": { "type": "Polygon", "coordinates": [ [ [ -75.193872, 39.9421 ], [ -75.191495, 39.943153 ], [ -75.188299, 39.946409 ], [ -75.187231, 39.947176 ], [ -75.185685, 39.946159 ], [ -75.176985, 39.94508 ], [ -75.177761, 39.941461 ], [ -75.184474, 39.942274 ], [ -75.186626, 39.940985 ], [ -75.188712, 39.939567 ], [ -75.190495, 39.940328 ], [ -75.192664, 39.941567 ], [ -75.193872, 39.9421 ] ] ] } },
{ "type": "Feature", "properties": { "tract_geoid": "42101001400", "tract_name": "14", "fixed_population": 4350.0, "peak_count": 1, "peak_rate": 0.76628352490421459, "recent_count": 0, "recent_rate": 0.0, "absolute_rate_change": -0.76628352490421459, "absolute_count_change": -1, "benchmark_rate_10k": 13.597203178615208, "baseline_percentile": 0.75, "peak_elevated": false, "recent_elevated": false, "transition": "Consistently below", "low_population_flag": false, "low_count_flag": true, "zero_population_flag": false, "missing_denominator_flag": false }, "geometry": { "type": "Polygon", "coordinates": [ [ [ -75.177598, 39.942228 ], [ -75.176985, 39.94508 ], [ -75.165575, 39.943664 ], [ -75.166204, 39.940813 ], [ -75.177598, 39.942228 ] ] ] } },
{ "type": "Feature", "properties": { "tract_geoid": "42101001500", "tract_name": "15", "fixed_population": 3118.0, "peak_count": 5, "peak_rate": 5.345306820611504, "recent_count": 3, "recent_rate": 3.2071840923669015, "absolute_rate_change": -2.1381227282446025, "absolute_count_change": -2, "benchmark_rate_10k": 13.597203178615208, "baseline_percentile": 0.75, "peak_elevated": false, "recent_elevated": false, "transition": "Consistently below", "low_population_flag": false, "low_count_flag": true, "zero_population_flag": false, "missing_denominator_flag": false }, "geometry": { "type": "Polygon", "coordinates": [ [ [ -75.165575, 39.943664 ], [ -75.152334, 39.942015 ], [ -75.152771, 39.940039 ], [ -75.156388, 39.940627 ], [ -75.165988, 39.94182 ], [ -75.165575, 39.943664 ] ] ] } },
{ "type": "Feature", "properties": { "tract_geoid": "42101001600", "tract_name": "16", "fixed_population": 2400.0, "peak_count": 20, "peak_rate": 27.777777777777779, "recent_count": 1, "recent_rate": 1.3888888888888888, "absolute_rate_change": -26.388888888888889, "absolute_count_change": -19, "benchmark_rate_10k": 13.597203178615208, "baseline_percentile": 0.75, "peak_elevated": true, "recent_elevated": false, "transition": "Previously elevated", "low_population_flag": false, "low_count_flag": true, "zero_population_flag": false, "missing_denominator_flag": false }, "geometry": { "type": "Polygon", "coordinates": [ [ [ -75.152771, 39.940039 ], [ -75.152334, 39.942015 ], [ -75.14406, 39.940972 ], [ -75.144646, 39.938373 ], [ -75.146229, 39.938629 ], [ -75.146246, 39.938567 ], [ -75.14973, 39.939181 ], [ -75.151559, 39.939826 ], [ -75.152771, 39.940039 ] ] ] } },
{ "type": "Feature", "properties": { "tract_geoid": "42101001700", "tract_name": "17", "fixed_population": 3060.0, "peak_count": 0, "peak_rate": 0.0, "recent_count": 2, "recent_rate": 2.1786492374727668, "absolute_rate_change": 2.1786492374727668, "absolute_count_change": 2, "benchmark_rate_10k": 13.597203178615208, "baseline_percentile": 0.75, "peak_elevated": false, "recent_elevated": false, "transition": "Consistently below", "low_population_flag": false, "low_count_flag": true, "zero_population_flag": false, "missing_denominator_flag": false }, "geometry": { "type": "Polygon", "coordinates": [ [ [ -75.153286, 39.937736 ], [ -75.152771, 39.940039 ], [ -75.151559, 39.939826 ], [ -75.14973, 39.939181 ], [ -75.146246, 39.938567 ], [ -75.146229, 39.938629 ], [ -75.144646, 39.938373 ], [ -75.144529, 39.938873 ], [ -75.143877, 39.938784 ], [ -75.144888, 39.935465 ], [ -75.153286, 39.937736 ] ] ] } },
{ "type": "Feature", "properties": { "tract_geoid": "42101001800", "tract_name": "18", "fixed_population": 3314.0, "peak_count": 4, "peak_rate": 4.0233353450010059, "recent_count": 2, "recent_rate": 2.0116676725005029, "absolute_rate_change": -2.0116676725005029, "absolute_count_change": -2, "benchmark_rate_10k": 13.597203178615208, "baseline_percentile": 0.75, "peak_elevated": false, "recent_elevated": false, "transition": "Consistently below", "low_population_flag": false, "low_count_flag": true, "zero_population_flag": false, "missing_denominator_flag": false }, "geometry": { "type": "Polygon", "coordinates": [ [ [ -75.16636, 39.94003 ], [ -75.165988, 39.94182 ], [ -75.156388, 39.940627 ], [ -75.152771, 39.940039 ], [ -75.153286, 39.937736 ], [ -75.157848, 39.938982 ], [ -75.16636, 39.94003 ] ] ] } },
{ "type": "Feature", "properties": { "tract_geoid": "42101001900", "tract_name": "19", "fixed_population": 3612.0, "peak_count": 4, "peak_rate": 3.6913990402362495, "recent_count": 3, "recent_rate": 2.7685492801771869, "absolute_rate_change": -0.92284976005906261, "absolute_count_change": -1, "benchmark_rate_10k": 13.597203178615208, "baseline_percentile": 0.75, "peak_elevated": false, "recent_elevated": false, "transition": "Consistently below", "low_population_flag": false, "low_count_flag": true, "zero_population_flag": false, "missing_denominator_flag": false }, "geometry": { "type": "Polygon", "coordinates": [ [ [ -75.178251, 39.939268 ], [ -75.177598, 39.942228 ], [ -75.166204, 39.940813 ], [ -75.166816, 39.937869 ], [ -75.178251, 39.939268 ] ] ] } },
{ "type": "Feature", "properties": { "tract_geoid": "42101002000", "tract_name": "20", "fixed_population": 2414.0, "peak_count": 7, "peak_rate": 9.6658381662524171, "recent_count": 4, "recent_rate": 5.5233360950013806, "absolute_rate_change": -4.1425020712510365, "absolute_count_change": -3, "benchmark_rate_10k": 13.597203178615208, "baseline_percentile": 0.75, "peak_elevated": false, "recent_elevated": false, "transition": "Consistently below", "low_population_flag": false, "low_count_flag": true, "zero_population_flag": false, "missing_denominator_flag": false }, "geometry": { "type": "Polygon", "coordinates": [ [ [ -75.18824, 39.939878 ], [ -75.187445, 39.940364 ], [ -75.179839, 39.939478 ], [ -75.180621, 39.935816 ], [ -75.188885, 39.936887 ], [ -75.18824, 39.939878 ] ] ] } },
{ "type": "Feature", "properties": { "tract_geoid": "42101002100", "tract_name": "21", "fixed_population": 2575.0, "peak_count": 6, "peak_rate": 7.766990291262136, "recent_count": 3, "recent_rate": 3.883495145631068, "absolute_rate_change": -3.883495145631068, "absolute_count_change": -3, "benchmark_rate_10k": 13.597203178615208, "baseline_percentile": 0.75, "peak_elevated": false, "recent_elevated": false, "transition": "Consistently below", "low_population_flag": false, "low_count_flag": true, "zero_population_flag": false, "missing_denominator_flag": false }, "geometry": { "type": "Polygon", "coordinates": [ [ [ -75.179839, 39.939478 ], [ -75.173173, 39.938641 ], [ -75.17397, 39.934974 ], [ -75.180621, 39.935816 ], [ -75.179839, 39.939478 ] ] ] } },
{ "type": "Feature", "properties": { "tract_geoid": "42101002200", "tract_name": "22", "fixed_population": 2219.0, "peak_count": 1, "peak_rate": 1.5021781583295779, "recent_count": 3, "recent_rate": 4.5065344749887339, "absolute_rate_change": 3.0043563166591563, "absolute_count_change": 2, "benchmark_rate_10k": 13.597203178615208, "baseline_percentile": 0.75, "peak_elevated": false, "recent_elevated": false, "transition": "Consistently below", "low_population_flag": false, "low_count_flag": true, "zero_population_flag": false, "missing_denominator_flag": false }, "geometry": { "type": "Polygon", "coordinates": [ [ [ -75.17397, 39.934974 ], [ -75.173173, 39.938641 ], [ -75.166816, 39.937869 ], [ -75.16764, 39.93415 ], [ -75.17397, 39.934974 ] ] ] } },
{ "type": "Feature", "properties": { "tract_geoid": "42101002300", "tract_name": "23", "fixed_population": 2958.0, "peak_count": 1, "peak_rate": 1.1268875366238449, "recent_count": 0, "recent_rate": 0.0, "absolute_rate_change": -1.1268875366238449, "absolute_count_change": -1, "benchmark_rate_10k": 13.597203178615208, "baseline_percentile": 0.75, "peak_elevated": false, "recent_elevated": false, "transition": "Consistently below", "low_population_flag": false, "low_count_flag": true, "zero_population_flag": false, "missing_denominator_flag": false }, "geometry": { "type": "Polygon", "coordinates": [ [ [ -75.16764, 39.93415 ], [ -75.167083, 39.936742 ], [ -75.160199, 39.9356 ], [ -75.157351, 39.934897 ], [ -75.159517, 39.9331 ], [ -75.16764, 39.93415 ] ] ] } },
{ "type": "Feature", "properties": { "tract_geoid": "42101002400", "tract_name": "24", "fixed_population": 4710.0, "peak_count": 7, "peak_rate": 4.9539985845718322, "recent_count": 11, "recent_rate": 7.7848549186128801, "absolute_rate_change": 2.830856334041048, "absolute_count_change": 4, "benchmark_rate_10k": 13.597203178615208, "baseline_percentile": 0.75, "peak_elevated": false, "recent_elevated": false, "transition": "Consistently below", "low_population_flag": false, "low_count_flag": false, "zero_population_flag": false, "missing_denominator_flag": false }, "geometry": { "type": "Polygon", "coordinates": [ [ [ -75.167083, 39.936742 ], [ -75.16636, 39.94003 ], [ -75.157848, 39.938982 ], [ -75.153286, 39.937736 ], [ -75.154454, 39.93242 ], [ -75.159517, 39.9331 ], [ -75.157351, 39.934897 ], [ -75.160199, 39.9356 ], [ -75.167083, 39.936742 ] ] ] } },
{ "type": "Feature", "properties": { "tract_geoid": "42101002500", "tract_name": "25", "fixed_population": 4330.0, "peak_count": 11, "peak_rate": 8.4680523479599703, "recent_count": 9, "recent_rate": 6.9284064665127021, "absolute_rate_change": -1.5396458814472682, "absolute_count_change": -2, "benchmark_rate_10k": 13.597203178615208, "baseline_percentile": 0.75, "peak_elevated": false, "recent_elevated": false, "transition": "Consistently below", "low_population_flag": false, "low_count_flag": false, "zero_population_flag": false, "missing_denominator_flag": false }, "geometry": { "type": "Polygon", "coordinates": [ [ [ -75.154454, 39.93242 ], [ -75.153286, 39.937736 ], [ -75.144888, 39.935465 ], [ -75.145392, 39.933378 ], [ -75.14617, 39.931321 ], [ -75.154454, 39.93242 ] ] ] } },
{ "type": "Feature", "properties": { "tract_geoid": "42101002701", "tract_name": "27.01", "fixed_population": 3892.0, "peak_count": 6, "peak_rate": 5.1387461459403907, "recent_count": 6, "recent_rate": 5.1387461459403907, "absolute_rate_change": 0.0, "absolute_count_change": 0, "benchmark_rate_10k": 13.597203178615208, "baseline_percentile": 0.75, "peak_elevated": false, "recent_elevated": false, "transition": "Consistently below", "low_population_flag": false, "low_count_flag": false, "zero_population_flag": false, "missing_denominator_flag": false }, "geometry": { "type": "Polygon", "coordinates": [ [ [ -75.156095, 39.925103 ], [ -75.154454, 39.93242 ], [ -75.151309, 39.932007 ], [ -75.152938, 39.924679 ], [ -75.156095, 39.925103 ] ] ] } },
{ "type": "Feature", "properties": { "tract_geoid": "42101002702", "tract_name": "27.02", "fixed_population": 4652.0, "peak_count": 4, "peak_rate": 2.8661507595299511, "recent_count": 0, "recent_rate": 0.0, "absolute_rate_change": -2.8661507595299511, "absolute_count_change": -4, "benchmark_rate_10k": 13.597203178615208, "baseline_percentile": 0.75, "peak_elevated": false, "recent_elevated": false, "transition": "Consistently below", "low_population_flag": false, "low_count_flag": true, "zero_population_flag": false, "missing_denominator_flag": false }, "geometry": { "type": "Polygon", "coordinates": [ [ [ -75.152938, 39.924679 ], [ -75.151309, 39.932007 ], [ -75.14617, 39.931321 ], [ -75.147842, 39.924015 ], [ -75.152938, 39.924679 ] ] ] } },
{ "type": "Feature", "properties": { "tract_geoid": "42101002801", "tract_name": "28.01", "fixed_population": 3965.0, "peak_count": 1, "peak_rate": 0.8406893652795292, "recent_count": 3, "recent_rate": 2.5220680958385877, "absolute_rate_change": 1.6813787305590586, "absolute_count_change": 2, "benchmark_rate_10k": 13.597203178615208, "baseline_percentile": 0.75, "peak_elevated": false, "recent_elevated": false, "transition": "Consistently below", "low_population_flag": false, "low_count_flag": true, "zero_population_flag": false, "missing_denominator_flag": false }, "geometry": { "type": "Polygon", "coordinates": [ [ [ -75.159204, 39.925511 ], [ -75.157578, 39.932837 ], [ -75.154454, 39.93242 ], [ -75.156095, 39.925103 ], [ -75.159204, 39.925511 ] ] ] } },
{ "type": "Feature", "properties": { "tract_geoid": "42101002802", "tract_name": "28.02", "fixed_population": 5778.0, "peak_count": 5, "peak_rate": 2.8845044421368411, "recent_count": 0, "recent_rate": 0.0, "absolute_rate_change": -2.8845044421368411, "absolute_count_change": -5, "benchmark_rate_10k": 13.597203178615208, "baseline_percentile": 0.75, "peak_elevated": false, "recent_elevated": false, "transition": "Consistently below", "low_population_flag": false, "low_count_flag": true, "zero_population_flag": false, "missing_denominator_flag": false }, "geometry": { "type": "Polygon", "coordinates": [ [ [ -75.16735, 39.926579 ], [ -75.164884, 39.928737 ], [ -75.159517, 39.9331 ], [ -75.157578, 39.932837 ], [ -75.159204, 39.925511 ], [ -75.16735, 39.926579 ] ] ] } },
{ "type": "Feature", "properties": { "tract_geoid": "42101002900", "tract_name": "29", "fixed_population": 4239.0, "peak_count": 1, "peak_rate": 0.78634898167806877, "recent_count": 1, "recent_rate": 0.78634898167806877, "absolute_rate_change": 0.0, "absolute_count_change": 0, "benchmark_rate_10k": 13.597203178615208, "baseline_percentile": 0.75, "peak_elevated": false, "recent_elevated": false, "transition": "Consistently below", "low_population_flag": false, "low_count_flag": true, "zero_population_flag": false, "missing_denominator_flag": false }, "geometry": { "type": "Polygon", "coordinates": [ [ [ -75.169499, 39.925531 ], [ -75.16764, 39.93415 ], [ -75.159517, 39.9331 ], [ -75.164884, 39.928737 ], [ -75.16735, 39.926579 ], [ -75.169499, 39.925531 ] ] ] } },
{ "type": "Feature", "properties": { "tract_geoid": "42101003001", "tract_name": "30.01", "fixed_population": 3810.0, "peak_count": 2, "peak_rate": 1.7497812773403323, "recent_count": 2, "recent_rate": 1.7497812773403323, "absolute_rate_change": 0.0, "absolute_count_change": 0, "benchmark_rate_10k": 13.597203178615208, "baseline_percentile": 0.75, "peak_elevated": false, "recent_elevated": false, "transition": "Consistently below", "low_population_flag": false, "low_count_flag": true, "zero_population_flag": false, "missing_denominator_flag": false }, "geometry": { "type": "Polygon", "coordinates": [ [ [ -75.175562, 39.927642 ], [ -75.174764, 39.931307 ], [ -75.168423, 39.930465 ], [ -75.169228, 39.926806 ], [ -75.175562, 39.927642 ] ] ] } },
{ "type": "Feature", "properties": { "tract_geoid": "42101003002", "tract_name": "30.02", "fixed_population": 3354.0, "peak_count": 4, "peak_rate": 3.9753528125621149, "recent_count": 1, "recent_rate": 0.99383820314052873, "absolute_rate_change": -2.9815146094215863, "absolute_count_change": -3, "benchmark_rate_10k": 13.597203178615208, "baseline_percentile": 0.75, "peak_elevated": false, "recent_elevated": false, "transition": "Consistently below", "low_population_flag": false, "low_count_flag": true, "zero_population_flag": false, "missing_denominator_flag": false }, "geometry": { "type": "Polygon", "coordinates": [ [ [ -75.174764, 39.931307 ], [ -75.17397, 39.934974 ], [ -75.16764, 39.93415 ], [ -75.168423, 39.930465 ], [ -75.174764, 39.931307 ] ] ] } },
{ "type": "Feature", "properties": { "tract_geoid": "42101003100", "tract_name": "31", "fixed_population": 4743.0, "peak_count": 20, "peak_rate": 14.055801532082366, "recent_count": 7, "recent_rate": 4.9195305362288284, "absolute_rate_change": -9.136270995853538, "absolute_count_change": -13, "benchmark_rate_10k": 13.597203178615208, "baseline_percentile": 0.75, "peak_elevated": true, "recent_elevated": false, "transition": "Previously elevated", "low_population_flag": false, "low_count_flag": false, "zero_population_flag": false, "missing_denominator_flag": false }, "geometry": { "type": "Polygon", "coordinates": [ [ [ -75.181944, 39.929729 ], [ -75.180621, 39.935816 ], [ -75.17397, 39.934974 ], [ -75.175289, 39.928867 ], [ -75.181944, 39.929729 ] ] ] } },
{ "type": "Feature", "properties": { "tract_geoid": "42101003200", "tract_name": "32", "fixed_population": 4326.0, "peak_count": 35, "peak_rate": 26.968716289104641, "recent_count": 24, "recent_rate": 18.492834026814609, "absolute_rate_change": -8.4758822622900318, "absolute_count_change": -11, "benchmark_rate_10k": 13.597203178615208, "baseline_percentile": 0.75, "peak_elevated": true, "recent_elevated": true, "transition": "Persistently elevated", "low_population_flag": false, "low_count_flag": false, "zero_population_flag": false, "missing_denominator_flag": false }, "geometry": { "type": "Polygon", "coordinates": [ [ [ -75.190222, 39.930779 ], [ -75.188885, 39.936887 ], [ -75.180621, 39.935816 ], [ -75.181944, 39.929729 ], [ -75.190222, 39.930779 ] ] ] } },
{ "type": "Feature", "properties": { "tract_geoid": "42101003300", "tract_name": "33", "fixed_population": 6302.0, "peak_count": 30, "peak_rate": 15.867978419549349, "recent_count": 35, "recent_rate": 18.512641489474241, "absolute_rate_change": 2.6446630699248921, "absolute_count_change": 5, "benchmark_rate_10k": 13.597203178615208, "baseline_percentile": 0.75, "peak_elevated": true, "recent_elevated": true, "transition": "Persistently elevated", "low_population_flag": false, "low_count_flag": false, "zero_population_flag": false, "missing_denominator_flag": false }, "geometry": { "type": "Polygon", "coordinates": [ [ [ -75.205185, 39.941116 ], [ -75.204577, 39.942549 ], [ -75.203156, 39.943591 ], [ -75.20037, 39.943991 ], [ -75.195234, 39.942217 ], [ -75.193872, 39.9421 ], [ -75.192664, 39.941567 ], [ -75.190495, 39.940328 ], [ -75.188712, 39.939567 ], [ -75.18824, 39.939878 ], [ -75.190222, 39.930779 ], [ -75.193353, 39.931185 ], [ -75.192826, 39.933628 ], [ -75.199503, 39.934508 ], [ -75.198849, 39.936959 ], [ -75.197924, 39.938063 ], [ -75.199344, 39.938366 ], [ -75.20114, 39.937468 ], [ -75.205468, 39.938355 ], [ -75.205185, 39.941116 ] ] ] } },
{ "type": "Feature", "properties": { "tract_geoid": "42101003600", "tract_name": "36", "fixed_population": 6310.0, "peak_count": 50, "peak_rate": 26.413100898045432, "recent_count": 15, "recent_rate": 7.9239302694136295, "absolute_rate_change": -18.489170628631804, "absolute_count_change": -35, "benchmark_rate_10k": 13.597203178615208, "baseline_percentile": 0.75, "peak_elevated": true, "recent_elevated": false, "transition": "Previously elevated", "low_population_flag": false, "low_count_flag": false, "zero_population_flag": false, "missing_denominator_flag": false }, "geometry": { "type": "Polygon", "coordinates": [ [ [ -75.199855, 39.93266 ], [ -75.199503, 39.934508 ], [ -75.192826, 39.933628 ], [ -75.193353, 39.931185 ], [ -75.18524, 39.930146 ], [ -75.186937, 39.922318 ], [ -75.192494, 39.921266 ], [ -75.195045, 39.921011 ], [ -75.193156, 39.924592 ], [ -75.193014, 39.925086 ], [ -75.199649, 39.931912 ], [ -75.199855, 39.93266 ] ] ] } },
{ "type": "Feature", "properties": { "tract_geoid": "42101003701", "tract_name": "37.01", "fixed_population": 5737.0, "peak_count": 18, "peak_rate": 10.458427749694962, "recent_count": 11, "recent_rate": 6.3912614025913665, "absolute_rate_change": -4.0671663471035959, "absolute_count_change": -7, "benchmark_rate_10k": 13.597203178615208, "baseline_percentile": 0.75, "peak_elevated": false, "recent_elevated": false, "transition": "Consistently below", "low_population_flag": false, "low_count_flag": false, "zero_population_flag": false, "missing_denominator_flag": false }, "geometry": { "type": "Polygon", "coordinates": [ [ [ -75.186029, 39.926481 ], [ -75.18524, 39.930146 ], [ -75.175289, 39.928867 ], [ -75.176088, 39.925198 ], [ -75.186029, 39.926481 ] ] ] } },
{ "type": "Feature", "properties": { "tract_geoid": "42101003702", "tract_name": "37.02", "fixed_population": 3453.0, "peak_count": 14, "peak_rate": 13.514818032628632, "recent_count": 8, "recent_rate": 7.7227531615020757, "absolute_rate_change": -5.7920648711265565, "absolute_count_change": -6, "benchmark_rate_10k": 13.597203178615208, "baseline_percentile": 0.75, "peak_elevated": false, "recent_elevated": false, "transition": "Consistently below", "low_population_flag": false, "low_count_flag": false, "zero_population_flag": false, "missing_denominator_flag": false }, "geometry": { "type": "Polygon", "coordinates": [ [ [ -75.186029, 39.926481 ], [ -75.176088, 39.925198 ], [ -75.176295, 39.92425 ], [ -75.186937, 39.922318 ], [ -75.186029, 39.926481 ] ] ] } },
{ "type": "Feature", "properties": { "tract_geoid": "42101003800", "tract_name": "38", "fixed_population": 3622.0, "peak_count": 1, "peak_rate": 0.92030185900975525, "recent_count": 1, "recent_rate": 0.92030185900975525, "absolute_rate_change": 0.0, "absolute_count_change": 0, "benchmark_rate_10k": 13.597203178615208, "baseline_percentile": 0.75, "peak_elevated": false, "recent_elevated": false, "transition": "Consistently below", "low_population_flag": false, "low_count_flag": true, "zero_population_flag": false, "missing_denominator_flag": false }, "geometry": { "type": "Polygon", "coordinates": [ [ [ -75.190298, 39.91644 ], [ -75.18943, 39.920822 ], [ -75.189653, 39.921807 ], [ -75.176295, 39.92425 ], [ -75.177082, 39.920207 ], [ -75.178008, 39.916316 ], [ -75.17718, 39.91489 ], [ -75.177806, 39.91309 ], [ -75.181884, 39.913517 ], [ -75.188754, 39.914447 ], [ -75.19022, 39.915884 ], [ -75.190298, 39.91644 ] ] ] } },
{ "type": "Feature", "properties": { "tract_geoid": "42101003901", "tract_name": "39.01", "fixed_population": 6463.0, "peak_count": 12, "peak_rate": 6.1890762803651551, "recent_count": 4, "recent_rate": 2.0630254267883852, "absolute_rate_change": -4.1260508535767695, "absolute_count_change": -8, "benchmark_rate_10k": 13.597203178615208, "baseline_percentile": 0.75, "peak_elevated": false, "recent_elevated": false, "transition": "Consistently below", "low_population_flag": false, "low_count_flag": true, "zero_population_flag": false, "missing_denominator_flag": false }, "geometry": { "type": "Polygon", "coordinates": [ [ [ -75.176906, 39.921464 ], [ -75.175562, 39.927642 ], [ -75.169228, 39.926806 ], [ -75.170581, 39.920653 ], [ -75.173748, 39.92106 ], [ -75.174033, 39.919809 ], [ -75.177082, 39.920207 ], [ -75.176906, 39.921464 ] ] ] } },
{ "type": "Feature", "properties": { "tract_geoid": "42101003902", "tract_name": "39.02", "fixed_population": 5107.0, "peak_count": 5, "peak_rate": 3.2634945499641015, "recent_count": 0, "recent_rate": 0.0, "absolute_rate_change": -3.2634945499641015, "absolute_count_change": -5, "benchmark_rate_10k": 13.597203178615208, "baseline_percentile": 0.75, "peak_elevated": false, "recent_elevated": false, "transition": "Consistently below", "low_population_flag": false, "low_count_flag": true, "zero_population_flag": false, "missing_denominator_flag": false }, "geometry": { "type": "Polygon", "coordinates": [ [ [ -75.178008, 39.916316 ], [ -75.177082, 39.920207 ], [ -75.174033, 39.919809 ], [ -75.173748, 39.92106 ], [ -75.170581, 39.920653 ], [ -75.172253, 39.912388 ], [ -75.177806, 39.91309 ], [ -75.17718, 39.91489 ], [ -75.178008, 39.916316 ] ] ] } },
{ "type": "Feature", "properties": { "tract_geoid": "42101004001", "tract_name": "40.01", "fixed_population": 4103.0, "peak_count": 2, "peak_rate": 1.6248273620927776, "recent_count": 4, "recent_rate": 3.2496547241855551, "absolute_rate_change": 1.6248273620927776, "absolute_count_change": 2, "benchmark_rate_10k": 13.597203178615208, "baseline_percentile": 0.75, "peak_elevated": false, "recent_elevated": false, "transition": "Consistently below", "low_population_flag": false, "low_count_flag": true, "zero_population_flag": false, "missing_denominator_flag": false }, "geometry": { "type": "Polygon", "coordinates": [ [ [ -75.170309, 39.921885 ], [ -75.169499, 39.925531 ], [ -75.16735, 39.926579 ], [ -75.162338, 39.92592 ], [ -75.163412, 39.921015 ], [ -75.170309, 39.921885 ] ] ] } },
{ "type": "Feature", "properties": { "tract_geoid": "42101004002", "tract_name": "40.02", "fixed_population": 5544.0, "peak_count": 5, "peak_rate": 3.0062530062530066, "recent_count": 3, "recent_rate": 1.8037518037518037, "absolute_rate_change": -1.202501202501203, "absolute_count_change": -2, "benchmark_rate_10k": 13.597203178615208, "baseline_percentile": 0.75, "peak_elevated": false, "recent_elevated": false, "transition": "Consistently below", "low_population_flag": false, "low_count_flag": true, "zero_population_flag": false, "missing_denominator_flag": false }, "geometry": { "type": "Polygon", "coordinates": [ [ [ -75.171423, 39.916757 ], [ -75.170309, 39.921885 ], [ -75.163412, 39.921015 ], [ -75.16453, 39.915875 ], [ -75.171423, 39.916757 ] ] ] } },
{ "type": "Feature", "properties": { "tract_geoid": "42101004101", "tract_name": "41.01", "fixed_population": 5517.0, "peak_count": 15, "peak_rate": 9.0628965017219514, "recent_count": 17, "recent_rate": 10.271282701951545, "absolute_rate_change": 1.2083862002295938, "absolute_count_change": 2, "benchmark_rate_10k": 13.597203178615208, "baseline_percentile": 0.75, "peak_elevated": false, "recent_elevated": false, "transition": "Consistently below", "low_population_flag": false, "low_count_flag": false, "zero_population_flag": false, "missing_denominator_flag": false }, "geometry": { "type": "Polygon", "coordinates": [ [ [ -75.163412, 39.921015 ], [ -75.162338, 39.92592 ], [ -75.154526, 39.924895 ], [ -75.155597, 39.920013 ], [ -75.163412, 39.921015 ] ] ] } },
{ "type": "Feature", "properties": { "tract_geoid": "42101004103", "tract_name": "41.03", "fixed_population": 4750.0, "peak_count": 14, "peak_rate": 9.8245614035087723, "recent_count": 4, "recent_rate": 2.807017543859649, "absolute_rate_change": -7.0175438596491233, "absolute_count_change": -10, "benchmark_rate_10k": 13.597203178615208, "baseline_percentile": 0.75, "peak_elevated": false, "recent_elevated": false, "transition": "Consistently below", "low_population_flag": false, "low_count_flag": true, "zero_population_flag": false, "missing_denominator_flag": false }, "geometry": { "type": "Polygon", "coordinates": [ [ [ -75.163956, 39.918518 ], [ -75.163412, 39.921015 ], [ -75.155597, 39.920013 ], [ -75.156139, 39.917515 ], [ -75.163956, 39.918518 ] ] ] } },
{ "type": "Feature", "properties": { "tract_geoid": "42101004104", "tract_name": "41.04", "fixed_population": 3622.0, "peak_count": 5, "peak_rate": 4.6015092950487766, "recent_count": 6, "recent_rate": 5.5218111540585317, "absolute_rate_change": 0.92030185900975514, "absolute_count_change": 1, "benchmark_rate_10k": 13.597203178615208, "baseline_percentile": 0.75, "peak_elevated": false, "recent_elevated": false, "transition": "Consistently below", "low_population_flag": false, "low_count_flag": false, "zero_population_flag": false, "missing_denominator_flag": false }, "geometry": { "type": "Polygon", "coordinates": [ [ [ -75.16453, 39.915875 ], [ -75.163956, 39.918518 ], [ -75.156139, 39.917515 ], [ -75.156708, 39.914869 ], [ -75.16453, 39.915875 ] ] ] } },
{ "type": "Feature", "properties": { "tract_geoid": "42101004201", "tract_name": "42.01", "fixed_population": 4405.0, "peak_count": 1, "peak_rate": 0.75671585319712442, "recent_count": 0, "recent_rate": 0.0, "absolute_rate_change": -0.75671585319712442, "absolute_count_change": -1, "benchmark_rate_10k": 13.597203178615208, "baseline_percentile": 0.75, "peak_elevated": false, "recent_elevated": false, "transition": "Consistently below", "low_population_flag": false, "low_count_flag": true, "zero_population_flag": false, "missing_denominator_flag": false }, "geometry": { "type": "Polygon", "coordinates": [ [ [ -75.155597, 39.920013 ], [ -75.154526, 39.924895 ], [ -75.147478, 39.923965 ], [ -75.148035, 39.921581 ], [ -75.148223, 39.920148 ], [ -75.148079, 39.919035 ], [ -75.155597, 39.920013 ] ] ] } },
{ "type": "Feature", "properties": { "tract_geoid": "42101004202", "tract_name": "42.02", "fixed_population": 5637.0, "peak_count": 6, "peak_rate": 3.5479865176512329, "recent_count": 1, "recent_rate": 0.59133108627520548, "absolute_rate_change": -2.9566554313760274, "absolute_count_change": -5, "benchmark_rate_10k": 13.597203178615208, "baseline_percentile": 0.75, "peak_elevated": false, "recent_elevated": false, "transition": "Consistently below", "low_population_flag": false, "low_count_flag": true, "zero_population_flag": false, "missing_denominator_flag": false }, "geometry": { "type": "Polygon", "coordinates": [ [ [ -75.156708, 39.914869 ], [ -75.155597, 39.920013 ], [ -75.146538, 39.91884 ], [ -75.147357, 39.91509 ], [ -75.148124, 39.913772 ], [ -75.156708, 39.914869 ] ] ] } },
{ "type": "Feature", "properties": { "tract_geoid": "42101005400", "tract_name": "54", "fixed_population": 1687.0, "peak_count": 3, "peak_rate": 5.9276822762299934, "recent_count": 0, "recent_rate": 0.0, "absolute_rate_change": -5.9276822762299934, "absolute_count_change": -3, "benchmark_rate_10k": 13.597203178615208, "baseline_percentile": 0.75, "peak_elevated": false, "recent_elevated": false, "transition": "Consistently below", "low_population_flag": false, "low_count_flag": true, "zero_population_flag": false, "missing_denominator_flag": false }, "geometry": { "type": "Polygon", "coordinates": [ [ [ -75.264878, 39.887927 ], [ -75.262485, 39.888406 ], [ -75.261743, 39.891774 ], [ -75.259112, 39.892436 ], [ -75.256789, 39.895189 ], [ -75.257362, 39.895844 ], [ -75.255093, 39.898756 ], [ -75.253285, 39.898094 ], [ -75.252349, 39.897618 ], [ -75.241825, 39.892006 ], [ -75.245667, 39.890006 ], [ -75.254897, 39.880006 ], [ -75.256412, 39.878806 ], [ -75.261245, 39.876484 ], [ -75.262655, 39.876786 ], [ -75.263328, 39.879712 ], [ -75.264928, 39.881112 ], [ -75.264433, 39.882167 ], [ -75.261937, 39.883 ], [ -75.264602, 39.884737 ], [ -75.262844, 39.885682 ], [ -75.265153, 39.887142 ], [ -75.264878, 39.887927 ] ] ] } },
{ "type": "Feature", "properties": { "tract_geoid": "42101005500", "tract_name": "55", "fixed_population": 6421.0, "peak_count": 13, "peak_rate": 6.7486891969059855, "recent_count": 5, "recent_rate": 2.595649691117687, "absolute_rate_change": -4.1530395057882981, "absolute_count_change": -8, "benchmark_rate_10k": 13.597203178615208, "baseline_percentile": 0.75, "peak_elevated": false, "recent_elevated": false, "transition": "Consistently below", "low_population_flag": false, "low_count_flag": false, "zero_population_flag": false, "missing_denominator_flag": false }, "geometry": { "type": "Polygon", "coordinates": [ [ [ -75.255597, 39.899596 ], [ -75.251288, 39.904403 ], [ -75.253492, 39.905585 ], [ -75.2525, 39.906614 ], [ -75.250224, 39.907808 ], [ -75.249929, 39.909352 ], [ -75.251498, 39.910051 ], [ -75.2472, 39.913578 ], [ -75.247592, 39.914362 ], [ -75.246781, 39.916165 ], [ -75.247341, 39.918541 ], [ -75.246856, 39.918759 ], [ -75.246308, 39.917176 ], [ -75.24338, 39.913488 ], [ -75.243226, 39.913112 ], [ -75.243367, 39.913005 ], [ -75.240576, 39.904062 ], [ -75.244985, 39.903178 ], [ -75.247308, 39.902282 ], [ -75.249109, 39.901113 ], [ -75.252349, 39.897618 ], [ -75.253285, 39.898094 ], [ -75.255093, 39.898756 ], [ -75.255597, 39.899596 ] ] ] } },
{ "type": "Feature", "properties": { "tract_geoid": "42101005600", "tract_name": "56", "fixed_population": 1010.0, "peak_count": 6, "peak_rate": 19.801980198019802, "recent_count": 3, "recent_rate": 9.9009900990099009, "absolute_rate_change": -9.9009900990099009, "absolute_count_change": -3, "benchmark_rate_10k": 13.597203178615208, "baseline_percentile": 0.75, "peak_elevated": true, "recent_elevated": false, "transition": "Previously elevated", "low_population_flag": false, "low_count_flag": true, "zero_population_flag": false, "missing_denominator_flag": false }, "geometry": { "type": "Polygon", "coordinates": [ [ [ -75.249109, 39.901113 ], [ -75.247308, 39.902282 ], [ -75.244985, 39.903178 ], [ -75.240331, 39.904113 ], [ -75.238643, 39.898691 ], [ -75.243752, 39.893025 ], [ -75.252349, 39.897618 ], [ -75.249109, 39.901113 ] ] ] } },
{ "type": "Feature", "properties": { "tract_geoid": "42101006000", "tract_name": "60", "fixed_population": 6426.0, "peak_count": 14, "peak_rate": 7.2621641249092228, "recent_count": 22, "recent_rate": 11.411972196285923, "absolute_rate_change": 4.1498080713767003, "absolute_count_change": 8, "benchmark_rate_10k": 13.597203178615208, "baseline_percentile": 0.75, "peak_elevated": false, "recent_elevated": false, "transition": "Consistently below", "low_population_flag": false, "low_count_flag": false, "zero_population_flag": false, "missing_denominator_flag": false }, "geometry": { "type": "Polygon", "coordinates": [ [ [ -75.243821, 39.916027 ], [ -75.239511, 39.918979 ], [ -75.23463, 39.914848 ], [ -75.230507, 39.911203 ], [ -75.232444, 39.90967 ], [ -75.235285, 39.906555 ], [ -75.236579, 39.905536 ], [ -75.238611, 39.904543 ], [ -75.240576, 39.904062 ], [ -75.243367, 39.913005 ], [ -75.243226, 39.913112 ], [ -75.24338, 39.913488 ], [ -75.244935, 39.91545 ], [ -75.243821, 39.916027 ] ] ] } },
{ "type": "Feature", "properties": { "tract_geoid": "42101006100", "tract_name": "61", "fixed_population": 2975.0, "peak_count": 17, "peak_rate": 19.047619047619047, "recent_count": 7, "recent_rate": 7.8431372549019605, "absolute_rate_change": -11.204481792717086, "absolute_count_change": -10, "benchmark_rate_10k": 13.597203178615208, "baseline_percentile": 0.75, "peak_elevated": true, "recent_elevated": false, "transition": "Previously elevated", "low_population_flag": false, "low_count_flag": false, "zero_population_flag": false, "missing_denominator_flag": false }, "geometry": { "type": "Polygon", "coordinates": [ [ [ -75.23463, 39.914848 ], [ -75.227538, 39.91984 ], [ -75.225839, 39.918503 ], [ -75.22421, 39.917832 ], [ -75.223236, 39.917589 ], [ -75.229266, 39.909028 ], [ -75.230507, 39.911203 ], [ -75.23463, 39.914848 ] ] ] } },
{ "type": "Feature", "properties": { "tract_geoid": "42101006200", "tract_name": "62", "fixed_population": 4139.0, "peak_count": 24, "peak_rate": 19.328340178787148, "recent_count": 8, "recent_rate": 6.4427800595957159, "absolute_rate_change": -12.885560119191432, "absolute_count_change": -16, "benchmark_rate_10k": 13.597203178615208, "baseline_percentile": 0.75, "peak_elevated": true, "recent_elevated": false, "transition": "Previously elevated", "low_population_flag": false, "low_count_flag": false, "zero_population_flag": false, "missing_denominator_flag": false }, "geometry": { "type": "Polygon", "coordinates": [ [ [ -75.239511, 39.918979 ], [ -75.232438, 39.92397 ], [ -75.227538, 39.91984 ], [ -75.23463, 39.914848 ], [ -75.239511, 39.918979 ] ] ] } },
{ "type": "Feature", "properties": { "tract_geoid": "42101006300", "tract_name": "63", "fixed_population": 4040.0, "peak_count": 31, "peak_rate": 25.577557755775576, "recent_count": 16, "recent_rate": 13.201320132013201, "absolute_rate_change": -12.376237623762375, "absolute_count_change": -15, "benchmark_rate_10k": 13.597203178615208, "baseline_percentile": 0.75, "peak_elevated": true, "recent_elevated": false, "transition": "Previously elevated", "low_population_flag": false, "low_count_flag": false, "zero_population_flag": false, "missing_denominator_flag": false }, "geometry": { "type": "Polygon", "coordinates": [ [ [ -75.246856, 39.918759 ], [ -75.235594, 39.92664 ], [ -75.232438, 39.92397 ], [ -75.242454, 39.916907 ], [ -75.243821, 39.916027 ], [ -75.244935, 39.91545 ], [ -75.246308, 39.917176 ], [ -75.246856, 39.918759 ] ] ] } },
{ "type": "Feature", "properties": { "tract_geoid": "42101006400", "tract_name": "64", "fixed_population": 4536.0, "peak_count": 19, "peak_rate": 13.962375073486184, "recent_count": 1, "recent_rate": 0.73486184597295712, "absolute_rate_change": -13.227513227513226, "absolute_count_change": -18, "benchmark_rate_10k": 13.597203178615208, "baseline_percentile": 0.75, "peak_elevated": true, "recent_elevated": false, "transition": "Previously elevated", "low_population_flag": false, "low_count_flag": true, "zero_population_flag": false, "missing_denominator_flag": false }, "geometry": { "type": "Polygon", "coordinates": [ [ [ -75.247759, 39.921708 ], [ -75.247321, 39.922178 ], [ -75.245679, 39.924882 ], [ -75.244481, 39.927434 ], [ -75.243464, 39.927396 ], [ -75.243404, 39.929498 ], [ -75.244274, 39.930486 ], [ -75.243643, 39.930897 ], [ -75.235478, 39.928877 ], [ -75.236986, 39.927821 ], [ -75.235594, 39.92664 ], [ -75.245626, 39.919573 ], [ -75.246856, 39.918759 ], [ -75.247341, 39.918541 ], [ -75.247484, 39.919242 ], [ -75.247487, 39.920206 ], [ -75.247759, 39.921708 ] ] ] } },
{ "type": "Feature", "properties": { "tract_geoid": "42101006500", "tract_name": "65", "fixed_population": 4924.0, "peak_count": 41, "peak_rate": 27.75521256431086, "recent_count": 31, "recent_rate": 20.985648524235039, "absolute_rate_change": -6.7695640400758208, "absolute_count_change": -10, "benchmark_rate_10k": 13.597203178615208, "baseline_percentile": 0.75, "peak_elevated": true, "recent_elevated": true, "transition": "Persistently elevated", "low_population_flag": false, "low_count_flag": false, "zero_population_flag": false, "missing_denominator_flag": false }, "geometry": { "type": "Polygon", "coordinates": [ [ [ -75.247028, 39.943414 ], [ -75.240266, 39.945866 ], [ -75.233632, 39.940292 ], [ -75.23242, 39.938995 ], [ -75.227252, 39.934661 ], [ -75.235478, 39.928877 ], [ -75.243643, 39.930897 ], [ -75.243369, 39.931908 ], [ -75.241909, 39.933544 ], [ -75.237617, 39.932526 ], [ -75.236833, 39.933768 ], [ -75.236822, 39.934103 ], [ -75.236123, 39.935472 ], [ -75.23492, 39.936333 ], [ -75.234868, 39.937456 ], [ -75.235488, 39.938359 ], [ -75.23957, 39.938039 ], [ -75.240626, 39.939191 ], [ -75.239903, 39.940035 ], [ -75.239494, 39.94116 ], [ -75.240582, 39.942196 ], [ -75.243026, 39.942211 ], [ -75.246822, 39.94297 ], [ -75.247028, 39.943414 ] ] ] } },
{ "type": "Feature", "properties": { "tract_geoid": "42101006600", "tract_name": "66", "fixed_population": 2766.0, "peak_count": 50, "peak_rate": 60.255483248975658, "recent_count": 24, "recent_rate": 28.922631959508315, "absolute_rate_change": -31.332851289467342, "absolute_count_change": -26, "benchmark_rate_10k": 13.597203178615208, "baseline_percentile": 0.75, "peak_elevated": true, "recent_elevated": true, "transition": "Persistently elevated", "low_population_flag": false, "low_count_flag": false, "zero_population_flag": false, "missing_denominator_flag": false }, "geometry": { "type": "Polygon", "coordinates": [ [ [ -75.236986, 39.927821 ], [ -75.227252, 39.934661 ], [ -75.222696, 39.930808 ], [ -75.232438, 39.92397 ], [ -75.236986, 39.927821 ] ] ] } },
{ "type": "Feature", "properties": { "tract_geoid": "42101006700", "tract_name": "67", "fixed_population": 7209.0, "peak_count": 47, "peak_rate": 21.732094141582284, "recent_count": 29, "recent_rate": 13.409164470338004, "absolute_rate_change": -8.32292967124428, "absolute_count_change": -18, "benchmark_rate_10k": 13.597203178615208, "baseline_percentile": 0.75, "peak_elevated": true, "recent_elevated": false, "transition": "Previously elevated", "low_population_flag": false, "low_count_flag": false, "zero_population_flag": false, "missing_denominator_flag": false }, "geometry": { "type": "Polygon", "coordinates": [ [ [ -75.232438, 39.92397 ], [ -75.222696, 39.930808 ], [ -75.219434, 39.928082 ], [ -75.216768, 39.926956 ], [ -75.223236, 39.917589 ], [ -75.22421, 39.917832 ], [ -75.225839, 39.918503 ], [ -75.232438, 39.92397 ] ] ] } },
{ "type": "Feature", "properties": { "tract_geoid": "42101007000", "tract_name": "70", "fixed_population": 3733.0, "peak_count": 39, "peak_rate": 34.824537905170104, "recent_count": 10, "recent_rate": 8.9293686936333589, "absolute_rate_change": -25.895169211536746, "absolute_count_change": -29, "benchmark_rate_10k": 13.597203178615208, "baseline_percentile": 0.75, "peak_elevated": true, "recent_elevated": false, "transition": "Previously elevated", "low_population_flag": false, "low_count_flag": false, "zero_population_flag": false, "missing_denominator_flag": false }, "geometry": { "type": "Polygon", "coordinates": [ [ [ -75.227252, 39.934661 ], [ -75.220278, 39.939572 ], [ -75.215682, 39.935691 ], [ -75.222696, 39.930808 ], [ -75.227252, 39.934661 ] ] ] } },
{ "type": "Feature", "properties": { "tract_geoid": "42101007101", "tract_name": "71.01", "fixed_population": 1867.0, "peak_count": 24, "peak_rate": 42.849491162292445, "recent_count": 25, "recent_rate": 44.634886627387971, "absolute_rate_change": 1.7853954650955259, "absolute_count_change": 1, "benchmark_rate_10k": 13.597203178615208, "baseline_percentile": 0.75, "peak_elevated": true, "recent_elevated": true, "transition": "Persistently elevated", "low_population_flag": false, "low_count_flag": false, "zero_population_flag": false, "missing_denominator_flag": false }, "geometry": { "type": "Polygon", "coordinates": [ [ [ -75.229726, 39.936743 ], [ -75.222753, 39.941654 ], [ -75.220278, 39.939572 ], [ -75.227252, 39.934661 ], [ -75.229726, 39.936743 ] ] ] } },
{ "type": "Feature", "properties": { "tract_geoid": "42101007102", "tract_name": "71.02", "fixed_population": 4488.0, "peak_count": 38, "peak_rate": 28.223410576351753, "recent_count": 12, "recent_rate": 8.9126559714795004, "absolute_rate_change": -19.310754604872251, "absolute_count_change": -26, "benchmark_rate_10k": 13.597203178615208, "baseline_percentile": 0.75, "peak_elevated": true, "recent_elevated": false, "transition": "Previously elevated", "low_population_flag": false, "low_count_flag": false, "zero_population_flag": false, "missing_denominator_flag": false }, "geometry": { "type": "Polygon", "coordinates": [ [ [ -75.233632, 39.940292 ], [ -75.226805, 39.945083 ], [ -75.222753, 39.941654 ], [ -75.229726, 39.936743 ], [ -75.23242, 39.938995 ], [ -75.233632, 39.940292 ] ] ] } },
{ "type": "Feature", "properties": { "tract_geoid": "42101007200", "tract_name": "72", "fixed_population": 4634.0, "peak_count": 36, "peak_rate": 25.89555459646094, "recent_count": 21, "recent_rate": 15.105740181268882, "absolute_rate_change": -10.789814415192058, "absolute_count_change": -15, "benchmark_rate_10k": 13.597203178615208, "baseline_percentile": 0.75, "peak_elevated": true, "recent_elevated": true, "transition": "Persistently elevated", "low_population_flag": false, "low_count_flag": false, "zero_population_flag": false, "missing_denominator_flag": false }, "geometry": { "type": "Polygon", "coordinates": [ [ [ -75.240266, 39.945866 ], [ -75.231289, 39.94782 ], [ -75.229449, 39.947779 ], [ -75.228342, 39.946167 ], [ -75.228686, 39.945913 ], [ -75.226805, 39.945083 ], [ -75.233632, 39.940292 ], [ -75.240266, 39.945866 ] ] ] } },
{ "type": "Feature", "properties": { "tract_geoid": "42101007300", "tract_name": "73", "fixed_population": 3460.0, "peak_count": 22, "peak_rate": 21.194605009633911, "recent_count": 10, "recent_rate": 9.6339113680154149, "absolute_rate_change": -11.560693641618496, "absolute_count_change": -12, "benchmark_rate_10k": 13.597203178615208, "baseline_percentile": 0.75, "peak_elevated": true, "recent_elevated": false, "transition": "Previously elevated", "low_population_flag": false, "low_count_flag": false, "zero_population_flag": false, "missing_denominator_flag": false }, "geometry": { "type": "Polygon", "coordinates": [ [ [ -75.229449, 39.947779 ], [ -75.224946, 39.947744 ], [ -75.223315, 39.947925 ], [ -75.219002, 39.944283 ], [ -75.219138, 39.944186 ], [ -75.217136, 39.94374 ], [ -75.221545, 39.940652 ], [ -75.226805, 39.945083 ], [ -75.228686, 39.945913 ], [ -75.228342, 39.946167 ], [ -75.229449, 39.947779 ] ] ] } },
{ "type": "Feature", "properties": { "tract_geoid": "42101007400", "tract_name": "74", "fixed_population": 3632.0, "peak_count": 44, "peak_rate": 40.381791483113069, "recent_count": 7, "recent_rate": 6.4243759177679882, "absolute_rate_change": -33.95741556534508, "absolute_count_change": -37, "benchmark_rate_10k": 13.597203178615208, "baseline_percentile": 0.75, "peak_elevated": true, "recent_elevated": false, "transition": "Previously elevated", "low_population_flag": false, "low_count_flag": false, "zero_population_flag": false, "missing_denominator_flag": false }, "geometry": { "type": "Polygon", "coordinates": [ [ [ -75.221545, 39.940652 ], [ -75.217136, 39.94374 ], [ -75.214999, 39.943265 ], [ -75.211401, 39.945802 ], [ -75.208142, 39.943056 ], [ -75.208799, 39.941644 ], [ -75.207838, 39.941286 ], [ -75.210198, 39.93952 ], [ -75.215682, 39.935691 ], [ -75.221545, 39.940652 ] ] ] } },
{ "type": "Feature", "properties": { "tract_geoid": "42101007700", "tract_name": "77", "fixed_population": 1734.0, "peak_count": 2, "peak_rate": 3.8446751249519417, "recent_count": 2, "recent_rate": 3.8446751249519417, "absolute_rate_change": 0.0, "absolute_count_change": 0, "benchmark_rate_10k": 13.597203178615208, "baseline_percentile": 0.75, "peak_elevated": false, "recent_elevated": false, "transition": "Consistently below", "low_population_flag": false, "low_count_flag": true, "zero_population_flag": false, "missing_denominator_flag": false }, "geometry": { "type": "Polygon", "coordinates": [ [ [ -75.21292, 39.949065 ], [ -75.207138, 39.949784 ], [ -75.205759, 39.949832 ], [ -75.205656, 39.948053 ], [ -75.207046, 39.946754 ], [ -75.205367, 39.944994 ], [ -75.205313, 39.944102 ], [ -75.20506, 39.943624 ], [ -75.207838, 39.941286 ], [ -75.208799, 39.941644 ], [ -75.208142, 39.943056 ], [ -75.211401, 39.945802 ], [ -75.210103, 39.946697 ], [ -75.21292, 39.949065 ] ] ] } },
{ "type": "Feature", "properties": { "tract_geoid": "42101007800", "tract_name": "78", "fixed_population": 4705.0, "peak_count": 6, "peak_rate": 4.2507970244420834, "recent_count": 2, "recent_rate": 1.4169323414806942, "absolute_rate_change": -2.8338646829613889, "absolute_count_change": -4, "benchmark_rate_10k": 13.597203178615208, "baseline_percentile": 0.75, "peak_elevated": false, "recent_elevated": false, "transition": "Consistently below", "low_population_flag": false, "low_count_flag": true, "zero_population_flag": false, "missing_denominator_flag": false }, "geometry": { "type": "Polygon", "coordinates": [ [ [ -75.223315, 39.947925 ], [ -75.21292, 39.949065 ], [ -75.210103, 39.946697 ], [ -75.214999, 39.943265 ], [ -75.219138, 39.944186 ], [ -75.219002, 39.944283 ], [ -75.223315, 39.947925 ] ] ] } },
{ "type": "Feature", "properties": { "tract_geoid": "42101007900", "tract_name": "79", "fixed_population": 4261.0, "peak_count": 2, "peak_rate": 1.5645779550966128, "recent_count": 2, "recent_rate": 1.5645779550966128, "absolute_rate_change": 0.0, "absolute_count_change": 0, "benchmark_rate_10k": 13.597203178615208, "baseline_percentile": 0.75, "peak_elevated": false, "recent_elevated": false, "transition": "Consistently below", "low_population_flag": false, "low_count_flag": true, "zero_population_flag": false, "missing_denominator_flag": false }, "geometry": { "type": "Polygon", "coordinates": [ [ [ -75.223315, 39.947925 ], [ -75.222279, 39.95304 ], [ -75.212393, 39.951811 ], [ -75.21292, 39.949065 ], [ -75.223315, 39.947925 ] ] ] } },
{ "type": "Feature", "properties": { "tract_geoid": "42101008000", "tract_name": "80", "fixed_population": 3667.0, "peak_count": 21, "peak_rate": 19.089173711480775, "recent_count": 11, "recent_rate": 9.9990909917280248, "absolute_rate_change": -9.0900827197527505, "absolute_count_change": -10, "benchmark_rate_10k": 13.597203178615208, "baseline_percentile": 0.75, "peak_elevated": true, "recent_elevated": false, "transition": "Previously elevated", "low_population_flag": false, "low_count_flag": false, "zero_population_flag": false, "missing_denominator_flag": false }, "geometry": { "type": "Polygon", "coordinates": [ [ [ -75.231289, 39.94782 ], [ -75.229999, 39.953996 ], [ -75.222279, 39.95304 ], [ -75.223315, 39.947925 ], [ -75.224946, 39.947744 ], [ -75.231289, 39.94782 ] ] ] } },
{ "type": "Feature", "properties": { "tract_geoid": "42101008101", "tract_name": "81.01", "fixed_population": 2498.0, "peak_count": 27, "peak_rate": 36.028823058446761, "recent_count": 15, "recent_rate": 20.016012810248196, "absolute_rate_change": -16.012810248198566, "absolute_count_change": -12, "benchmark_rate_10k": 13.597203178615208, "baseline_percentile": 0.75, "peak_elevated": true, "recent_elevated": true, "transition": "Persistently elevated", "low_population_flag": false, "low_count_flag": false, "zero_population_flag": false, "missing_denominator_flag": false }, "geometry": { "type": "Polygon", "coordinates": [ [ [ -75.240052, 39.945917 ], [ -75.239118, 39.950446 ], [ -75.230959, 39.949438 ], [ -75.231289, 39.94782 ], [ -75.240052, 39.945917 ] ] ] } },
{ "type": "Feature", "properties": { "tract_geoid": "42101008102", "tract_name": "81.02", "fixed_population": 5370.0, "peak_count": 23, "peak_rate": 14.276846679081316, "recent_count": 13, "recent_rate": 8.0695220360024837, "absolute_rate_change": -6.2073246430788327, "absolute_count_change": -10, "benchmark_rate_10k": 13.597203178615208, "baseline_percentile": 0.75, "peak_elevated": true, "recent_elevated": false, "transition": "Previously elevated", "low_population_flag": false, "low_count_flag": false, "zero_population_flag": false, "missing_denominator_flag": false }, "geometry": { "type": "Polygon", "coordinates": [ [ [ -75.239118, 39.950446 ], [ -75.238166, 39.955011 ], [ -75.229999, 39.953996 ], [ -75.230959, 39.949438 ], [ -75.239118, 39.950446 ] ] ] } },
{ "type": "Feature", "properties": { "tract_geoid": "42101008200", "tract_name": "82", "fixed_population": 7562.0, "peak_count": 32, "peak_rate": 14.105615798289694, "recent_count": 24, "recent_rate": 10.579211848717271, "absolute_rate_change": -3.5264039495724226, "absolute_count_change": -8, "benchmark_rate_10k": 13.597203178615208, "baseline_percentile": 0.75, "peak_elevated": true, "recent_elevated": false, "transition": "Previously elevated", "low_population_flag": false, "low_count_flag": false, "zero_population_flag": false, "missing_denominator_flag": false }, "geometry": { "type": "Polygon", "coordinates": [ [ [ -75.251577, 39.952127 ], [ -75.250816, 39.953475 ], [ -75.238796, 39.951942 ], [ -75.240052, 39.945917 ], [ -75.247028, 39.943414 ], [ -75.247208, 39.943904 ], [ -75.249921, 39.946626 ], [ -75.250473, 39.948178 ], [ -75.250661, 39.948437 ], [ -75.251609, 39.951466 ], [ -75.251577, 39.952127 ] ] ] } },
{ "type": "Feature", "properties": { "tract_geoid": "42101008301", "tract_name": "83.01", "fixed_population": 3723.0, "peak_count": 20, "peak_rate": 17.906706061420003, "recent_count": 8, "recent_rate": 7.1626824245680005, "absolute_rate_change": -10.744023636852003, "absolute_count_change": -12, "benchmark_rate_10k": 13.597203178615208, "baseline_percentile": 0.75, "peak_elevated": true, "recent_elevated": false, "transition": "Previously elevated", "low_population_flag": false, "low_count_flag": false, "zero_population_flag": false, "missing_denominator_flag": false }, "geometry": { "type": "Polygon", "coordinates": [ [ [ -75.25085, 39.959099 ], [ -75.248383, 39.960425 ], [ -75.247688, 39.962817 ], [ -75.242735, 39.962202 ], [ -75.244719, 39.952676 ], [ -75.250816, 39.953475 ], [ -75.249006, 39.956907 ], [ -75.249499, 39.957189 ], [ -75.25085, 39.959099 ] ] ] } },
{ "type": "Feature", "properties": { "tract_geoid": "42101008302", "tract_name": "83.02", "fixed_population": 4850.0, "peak_count": 46, "peak_rate": 31.615120274914087, "recent_count": 42, "recent_rate": 28.865979381443299, "absolute_rate_change": -2.7491408934707877, "absolute_count_change": -4, "benchmark_rate_10k": 13.597203178615208, "baseline_percentile": 0.75, "peak_elevated": true, "recent_elevated": true, "transition": "Persistently elevated", "low_population_flag": false, "low_count_flag": false, "zero_population_flag": false, "missing_denominator_flag": false }, "geometry": { "type": "Polygon", "coordinates": [ [ [ -75.244719, 39.952676 ], [ -75.242735, 39.962202 ], [ -75.238785, 39.961715 ], [ -75.240137, 39.955252 ], [ -75.238166, 39.955011 ], [ -75.238796, 39.951942 ], [ -75.244719, 39.952676 ] ] ] } },
{ "type": "Feature", "properties": { "tract_geoid": "42101008400", "tract_name": "84", "fixed_population": 5080.0, "peak_count": 27, "peak_rate": 17.716535433070867, "recent_count": 18, "recent_rate": 11.811023622047244, "absolute_rate_change": -5.9055118110236222, "absolute_count_change": -9, "benchmark_rate_10k": 13.597203178615208, "baseline_percentile": 0.75, "peak_elevated": true, "recent_elevated": false, "transition": "Previously elevated", "low_population_flag": false, "low_count_flag": false, "zero_population_flag": false, "missing_denominator_flag": false }, "geometry": { "type": "Polygon", "coordinates": [ [ [ -75.240137, 39.955252 ], [ -75.238785, 39.961715 ], [ -75.230801, 39.960722 ], [ -75.232153, 39.954262 ], [ -75.240137, 39.955252 ] ] ] } },
{ "type": "Feature", "properties": { "tract_geoid": "42101008500", "tract_name": "85", "fixed_population": 6817.0, "peak_count": 42, "peak_rate": 20.536893061463985, "recent_count": 33, "recent_rate": 16.136130262578845, "absolute_rate_change": -4.4007627988851397, "absolute_count_change": -9, "benchmark_rate_10k": 13.597203178615208, "baseline_percentile": 0.75, "peak_elevated": true, "recent_elevated": true, "transition": "Persistently elevated", "low_population_flag": false, "low_count_flag": false, "zero_population_flag": false, "missing_denominator_flag": false }, "geometry": { "type": "Polygon", "coordinates": [ [ [ -75.232153, 39.954262 ], [ -75.230801, 39.960722 ], [ -75.22092, 39.959505 ], [ -75.222279, 39.95304 ], [ -75.232153, 39.954262 ] ] ] } },
{ "type": "Feature", "properties": { "tract_geoid": "42101008601", "tract_name": "86.01", "fixed_population": 3715.0, "peak_count": 8, "peak_rate": 7.1781067743382687, "recent_count": 2, "recent_rate": 1.7945266935845672, "absolute_rate_change": -5.3835800807537018, "absolute_count_change": -6, "benchmark_rate_10k": 13.597203178615208, "baseline_percentile": 0.75, "peak_elevated": false, "recent_elevated": false, "transition": "Consistently below", "low_population_flag": false, "low_count_flag": true, "zero_population_flag": false, "missing_denominator_flag": false }, "geometry": { "type": "Polygon", "coordinates": [ [ [ -75.222279, 39.95304 ], [ -75.221798, 39.955319 ], [ -75.215872, 39.954586 ], [ -75.214643, 39.955607 ], [ -75.211677, 39.95524 ], [ -75.212393, 39.951811 ], [ -75.222279, 39.95304 ] ] ] } },
{ "type": "Feature", "properties": { "tract_geoid": "42101008602", "tract_name": "86.02", "fixed_population": 2667.0, "peak_count": 15, "peak_rate": 18.747656542932134, "recent_count": 1, "recent_rate": 1.2498437695288087, "absolute_rate_change": -17.497812773403325, "absolute_count_change": -14, "benchmark_rate_10k": 13.597203178615208, "baseline_percentile": 0.75, "peak_elevated": true, "recent_elevated": false, "transition": "Previously elevated", "low_population_flag": false, "low_count_flag": true, "zero_population_flag": false, "missing_denominator_flag": false }, "geometry": { "type": "Polygon", "coordinates": [ [ [ -75.221798, 39.955319 ], [ -75.22092, 39.959505 ], [ -75.211039, 39.958276 ], [ -75.211677, 39.95524 ], [ -75.214643, 39.955607 ], [ -75.215872, 39.954586 ], [ -75.221798, 39.955319 ] ] ] } },
{ "type": "Feature", "properties": { "tract_geoid": "42101008701", "tract_name": "87.01", "fixed_population": 4147.0, "peak_count": 1, "peak_rate": 0.80379390724218303, "recent_count": 0, "recent_rate": 0.0, "absolute_rate_change": -0.80379390724218303, "absolute_count_change": -1, "benchmark_rate_10k": 13.597203178615208, "baseline_percentile": 0.75, "peak_elevated": false, "recent_elevated": false, "transition": "Consistently below", "low_population_flag": false, "low_count_flag": true, "zero_population_flag": false, "missing_denominator_flag": false }, "geometry": { "type": "Polygon", "coordinates": [ [ [ -75.21292, 39.949065 ], [ -75.211039, 39.958276 ], [ -75.208128, 39.957915 ], [ -75.209264, 39.952522 ], [ -75.209259, 39.949541 ], [ -75.21292, 39.949065 ] ] ] } },
{ "type": "Feature", "properties": { "tract_geoid": "42101008702", "tract_name": "87.02", "fixed_population": 3526.0, "peak_count": 1, "peak_rate": 0.94535829079221023, "recent_count": 0, "recent_rate": 0.0, "absolute_rate_change": -0.94535829079221023, "absolute_count_change": -1, "benchmark_rate_10k": 13.597203178615208, "baseline_percentile": 0.75, "peak_elevated": false, "recent_elevated": false, "transition": "Consistently below", "low_population_flag": false, "low_count_flag": true, "zero_population_flag": false, "missing_denominator_flag": false }, "geometry": { "type": "Polygon", "coordinates": [ [ [ -75.209259, 39.949541 ], [ -75.209264, 39.952522 ], [ -75.208128, 39.957915 ], [ -75.204145, 39.957422 ], [ -75.204933, 39.955181 ], [ -75.205802, 39.950985 ], [ -75.205759, 39.949832 ], [ -75.207138, 39.949784 ], [ -75.209259, 39.949541 ] ] ] } },
{ "type": "Feature", "properties": { "tract_geoid": "42101008801", "tract_name": "88.01", "fixed_population": 2530.0, "peak_count": 3, "peak_rate": 3.9525691699604741, "recent_count": 1, "recent_rate": 1.3175230566534912, "absolute_rate_change": -2.6350461133069829, "absolute_count_change": -2, "benchmark_rate_10k": 13.597203178615208, "baseline_percentile": 0.75, "peak_elevated": false, "recent_elevated": false, "transition": "Consistently below", "low_population_flag": false, "low_count_flag": true, "zero_population_flag": false, "missing_denominator_flag": false }, "geometry": { "type": "Polygon", "coordinates": [ [ [ -75.200801, 39.951458 ], [ -75.199622, 39.95686 ], [ -75.196121, 39.956429 ], [ -75.197243, 39.951021 ], [ -75.200801, 39.951458 ] ] ] } },
{ "type": "Feature", "properties": { "tract_geoid": "42101008802", "tract_name": "88.02", "fixed_population": 6050.0, "peak_count": 2, "peak_rate": 1.1019283746556474, "recent_count": 4, "recent_rate": 2.2038567493112948, "absolute_rate_change": 1.1019283746556474, "absolute_count_change": 2, "benchmark_rate_10k": 13.597203178615208, "baseline_percentile": 0.75, "peak_elevated": false, "recent_elevated": false, "transition": "Consistently below", "low_population_flag": false, "low_count_flag": true, "zero_population_flag": false, "missing_denominator_flag": false }, "geometry": { "type": "Polygon", "coordinates": [ [ [ -75.205802, 39.950985 ], [ -75.204933, 39.955181 ], [ -75.204145, 39.957422 ], [ -75.199622, 39.95686 ], [ -75.200801, 39.951458 ], [ -75.199204, 39.951257 ], [ -75.199519, 39.95022 ], [ -75.199545, 39.949211 ], [ -75.200967, 39.949862 ], [ -75.204525, 39.948728 ], [ -75.205682, 39.948512 ], [ -75.205802, 39.950985 ] ] ] } },
{ "type": "Feature", "properties": { "tract_geoid": "42101009000", "tract_name": "90", "fixed_population": 7560.0, "peak_count": 3, "peak_rate": 1.3227513227513228, "recent_count": 0, "recent_rate": 0.0, "absolute_rate_change": -1.3227513227513228, "absolute_count_change": -3, "benchmark_rate_10k": 13.597203178615208, "baseline_percentile": 0.75, "peak_elevated": false, "recent_elevated": false, "transition": "Consistently below", "low_population_flag": false, "low_count_flag": true, "zero_population_flag": false, "missing_denominator_flag": false }, "geometry": { "type": "Polygon", "coordinates": [ [ [ -75.194297, 39.962607 ], [ -75.186742, 39.963445 ], [ -75.186678, 39.960652 ], [ -75.186286, 39.957641 ], [ -75.18449, 39.956914 ], [ -75.186574, 39.956251 ], [ -75.187064, 39.955295 ], [ -75.194152, 39.95618 ], [ -75.193574, 39.958689 ], [ -75.194297, 39.962607 ] ] ] } },
{ "type": "Feature", "properties": { "tract_geoid": "42101009100", "tract_name": "91", "fixed_population": 3024.0, "peak_count": 18, "peak_rate": 19.841269841269842, "recent_count": 12, "recent_rate": 13.227513227513226, "absolute_rate_change": -6.6137566137566157, "absolute_count_change": -6, "benchmark_rate_10k": 13.597203178615208, "baseline_percentile": 0.75, "peak_elevated": true, "recent_elevated": false, "transition": "Previously elevated", "low_population_flag": false, "low_count_flag": false, "zero_population_flag": false, "missing_denominator_flag": false }, "geometry": { "type": "Polygon", "coordinates": [ [ [ -75.202235, 39.961643 ], [ -75.200136, 39.961963 ], [ -75.194297, 39.962607 ], [ -75.193574, 39.958689 ], [ -75.194152, 39.95618 ], [ -75.201953, 39.957149 ], [ -75.201824, 39.957827 ], [ -75.202235, 39.961643 ] ] ] } },
{ "type": "Feature", "properties": { "tract_geoid": "42101009200", "tract_name": "92", "fixed_population": 3255.0, "peak_count": 15, "peak_rate": 15.360983102918587, "recent_count": 0, "recent_rate": 0.0, "absolute_rate_change": -15.360983102918587, "absolute_count_change": -15, "benchmark_rate_10k": 13.597203178615208, "baseline_percentile": 0.75, "peak_elevated": true, "recent_elevated": false, "transition": "Previously elevated", "low_population_flag": false, "low_count_flag": true, "zero_population_flag": false, "missing_denominator_flag": false }, "geometry": { "type": "Polygon", "coordinates": [ [ [ -75.214018, 39.958643 ], [ -75.21306, 39.962577 ], [ -75.21056, 39.962571 ], [ -75.209058, 39.962329 ], [ -75.20236, 39.962859 ], [ -75.201824, 39.957827 ], [ -75.201953, 39.957149 ], [ -75.214018, 39.958643 ] ] ] } },
{ "type": "Feature", "properties": { "tract_geoid": "42101009300", "tract_name": "93", "fixed_population": 4210.0, "peak_count": 54, "peak_rate": 42.755344418052253, "recent_count": 42, "recent_rate": 33.2541567695962, "absolute_rate_change": -9.5011876484560531, "absolute_count_change": -12, "benchmark_rate_10k": 13.597203178615208, "baseline_percentile": 0.75, "peak_elevated": true, "recent_elevated": true, "transition": "Persistently elevated", "low_population_flag": false, "low_count_flag": false, "zero_population_flag": false, "missing_denominator_flag": false }, "geometry": { "type": "Polygon", "coordinates": [ [ [ -75.228645, 39.960463 ], [ -75.227679, 39.965072 ], [ -75.22786, 39.966191 ], [ -75.22459, 39.964896 ], [ -75.220044, 39.963819 ], [ -75.219693, 39.962523 ], [ -75.219175, 39.959288 ], [ -75.228645, 39.960463 ] ] ] } },
{ "type": "Feature", "properties": { "tract_geoid": "42101009400", "tract_name": "94", "fixed_population": 3685.0, "peak_count": 48, "peak_rate": 43.419267299864316, "recent_count": 23, "recent_rate": 20.805065581184984, "absolute_rate_change": -22.614201718679332, "absolute_count_change": -25, "benchmark_rate_10k": 13.597203178615208, "baseline_percentile": 0.75, "peak_elevated": true, "recent_elevated": true, "transition": "Persistently elevated", "low_population_flag": false, "low_count_flag": false, "zero_population_flag": false, "missing_denominator_flag": false }, "geometry": { "type": "Polygon", "coordinates": [ [ [ -75.236808, 39.961471 ], [ -75.235842, 39.966085 ], [ -75.227679, 39.965072 ], [ -75.228645, 39.960463 ], [ -75.236808, 39.961471 ] ] ] } },
{ "type": "Feature", "properties": { "tract_geoid": "42101009500", "tract_name": "95", "fixed_population": 3758.0, "peak_count": 41, "peak_rate": 36.36686180592514, "recent_count": 20, "recent_rate": 17.739932588256163, "absolute_rate_change": -18.626929217668977, "absolute_count_change": -21, "benchmark_rate_10k": 13.597203178615208, "baseline_percentile": 0.75, "peak_elevated": true, "recent_elevated": true, "transition": "Persistently elevated", "low_population_flag": false, "low_count_flag": false, "zero_population_flag": false, "missing_denominator_flag": false }, "geometry": { "type": "Polygon", "coordinates": [ [ [ -75.240762, 39.96196 ], [ -75.239132, 39.969849 ], [ -75.235697, 39.970336 ], [ -75.235352, 39.968446 ], [ -75.236808, 39.961471 ], [ -75.240762, 39.96196 ] ] ] } },
{ "type": "Feature", "properties": { "tract_geoid": "42101009600", "tract_name": "96", "fixed_population": 3586.0, "peak_count": 50, "peak_rate": 46.477040342071014, "recent_count": 31, "recent_rate": 28.815765012084032, "absolute_rate_change": -17.661275329986982, "absolute_count_change": -19, "benchmark_rate_10k": 13.597203178615208, "baseline_percentile": 0.75, "peak_elevated": true, "recent_elevated": true, "transition": "Persistently elevated", "low_population_flag": false, "low_count_flag": false, "zero_population_flag": false, "missing_denominator_flag": false }, "geometry": { "type": "Polygon", "coordinates": [ [ [ -75.247169, 39.965927 ], [ -75.246531, 39.968967 ], [ -75.239479, 39.968097 ], [ -75.240762, 39.96196 ], [ -75.246753, 39.962705 ], [ -75.246425, 39.964276 ], [ -75.247109, 39.964294 ], [ -75.247169, 39.965927 ] ] ] } },
{ "type": "Feature", "properties": { "tract_geoid": "42101009801", "tract_name": "98.01", "fixed_population": 2534.0, "peak_count": 2, "peak_rate": 2.6308866087871614, "recent_count": 0, "recent_rate": 0.0, "absolute_rate_change": -2.6308866087871614, "absolute_count_change": -2, "benchmark_rate_10k": 13.597203178615208, "baseline_percentile": 0.75, "peak_elevated": false, "recent_elevated": false, "transition": "Consistently below", "low_population_flag": false, "low_count_flag": true, "zero_population_flag": false, "missing_denominator_flag": false }, "geometry": { "type": "Polygon", "coordinates": [ [ [ -75.271309, 39.979275 ], [ -75.267973, 39.980757 ], [ -75.265918, 39.979251 ], [ -75.261996, 39.977598 ], [ -75.263054, 39.975749 ], [ -75.262812, 39.975611 ], [ -75.264257, 39.974419 ], [ -75.265558, 39.975641 ], [ -75.267588, 39.974662 ], [ -75.271309, 39.979275 ] ] ] } },
{ "type": "Feature", "properties": { "tract_geoid": "42101009802", "tract_name": "98.02", "fixed_population": 5820.0, "peak_count": 10, "peak_rate": 5.72737686139748, "recent_count": 3, "recent_rate": 1.7182130584192441, "absolute_rate_change": -4.0091638029782359, "absolute_count_change": -7, "benchmark_rate_10k": 13.597203178615208, "baseline_percentile": 0.75, "peak_elevated": false, "recent_elevated": false, "transition": "Consistently below", "low_population_flag": false, "low_count_flag": true, "zero_population_flag": false, "missing_denominator_flag": false }, "geometry": { "type": "Polygon", "coordinates": [ [ [ -75.275871, 39.977245 ], [ -75.271309, 39.979275 ], [ -75.267588, 39.974662 ], [ -75.265558, 39.975641 ], [ -75.264257, 39.974419 ], [ -75.262812, 39.975611 ], [ -75.263054, 39.975749 ], [ -75.261996, 39.977598 ], [ -75.260868, 39.977176 ], [ -75.259808, 39.974401 ], [ -75.259933, 39.974448 ], [ -75.2619, 39.972584 ], [ -75.26562, 39.969941 ], [ -75.26857, 39.972505 ], [ -75.271639, 39.972082 ], [ -75.275871, 39.977245 ] ] ] } },
{ "type": "Feature", "properties": { "tract_geoid": "42101010000", "tract_name": "100", "fixed_population": 5774.0, "peak_count": 14, "peak_rate": 8.0822075972751417, "recent_count": 9, "recent_rate": 5.1957048839625912, "absolute_rate_change": -2.8865027133125505, "absolute_count_change": -5, "benchmark_rate_10k": 13.597203178615208, "baseline_percentile": 0.75, "peak_elevated": false, "recent_elevated": false, "transition": "Consistently below", "low_population_flag": false, "low_count_flag": false, "zero_population_flag": false, "missing_denominator_flag": false }, "geometry": { "type": "Polygon", "coordinates": [ [ [ -75.255196, 39.97426 ], [ -75.247494, 39.975113 ], [ -75.246935, 39.972111 ], [ -75.247518, 39.969093 ], [ -75.246531, 39.968967 ], [ -75.247169, 39.965927 ], [ -75.251119, 39.966398 ], [ -75.250481, 39.96946 ], [ -75.255123, 39.970036 ], [ -75.2549, 39.97269 ], [ -75.255196, 39.97426 ] ] ] } },
{ "type": "Feature", "properties": { "tract_geoid": "42101010100", "tract_name": "101", "fixed_population": 6596.0, "peak_count": 38, "peak_rate": 19.203557711744491, "recent_count": 11, "recent_rate": 5.5589246007681421, "absolute_rate_change": -13.644633110976349, "absolute_count_change": -27, "benchmark_rate_10k": 13.597203178615208, "baseline_percentile": 0.75, "peak_elevated": true, "recent_elevated": false, "transition": "Previously elevated", "low_population_flag": false, "low_count_flag": false, "zero_population_flag": false, "missing_denominator_flag": false }, "geometry": { "type": "Polygon", "coordinates": [ [ [ -75.247518, 39.969093 ], [ -75.246935, 39.972111 ], [ -75.247494, 39.975113 ], [ -75.23857, 39.976101 ], [ -75.237455, 39.970141 ], [ -75.239132, 39.969849 ], [ -75.239479, 39.968097 ], [ -75.247518, 39.969093 ] ] ] } },
{ "type": "Feature", "properties": { "tract_geoid": "42101010200", "tract_name": "102", "fixed_population": 3225.0, "peak_count": 54, "peak_rate": 55.813953488372093, "recent_count": 13, "recent_rate": 13.436692506459949, "absolute_rate_change": -42.377260981912144, "absolute_count_change": -41, "benchmark_rate_10k": 13.597203178615208, "baseline_percentile": 0.75, "peak_elevated": true, "recent_elevated": false, "transition": "Previously elevated", "low_population_flag": false, "low_count_flag": false, "zero_population_flag": false, "missing_denominator_flag": false }, "geometry": { "type": "Polygon", "coordinates": [ [ [ -75.235842, 39.966085 ], [ -75.235356, 39.968509 ], [ -75.235697, 39.970336 ], [ -75.228735, 39.971107 ], [ -75.227679, 39.965072 ], [ -75.235842, 39.966085 ] ] ] } },
{ "type": "Feature", "properties": { "tract_geoid": "42101010300", "tract_name": "103", "fixed_population": 2104.0, "peak_count": 34, "peak_rate": 53.865652724968321, "recent_count": 34, "recent_rate": 53.865652724968321, "absolute_rate_change": 0.0, "absolute_count_change": 0, "benchmark_rate_10k": 13.597203178615208, "baseline_percentile": 0.75, "peak_elevated": true, "recent_elevated": true, "transition": "Persistently elevated", "low_population_flag": false, "low_count_flag": false, "zero_population_flag": false, "missing_denominator_flag": false }, "geometry": { "type": "Polygon", "coordinates": [ [ [ -75.228735, 39.971107 ], [ -75.225841, 39.97143 ], [ -75.225372, 39.969517 ], [ -75.223118, 39.969747 ], [ -75.221952, 39.96425 ], [ -75.22459, 39.964896 ], [ -75.22786, 39.966191 ], [ -75.228735, 39.971107 ] ] ] } },
{ "type": "Feature", "properties": { "tract_geoid": "42101010400", "tract_name": "104", "fixed_population": 3775.0, "peak_count": 35, "peak_rate": 30.905077262693158, "recent_count": 16, "recent_rate": 14.1280353200883, "absolute_rate_change": -16.77704194260486, "absolute_count_change": -19, "benchmark_rate_10k": 13.597203178615208, "baseline_percentile": 0.75, "peak_elevated": true, "recent_elevated": true, "transition": "Persistently elevated", "low_population_flag": false, "low_count_flag": false, "zero_population_flag": false, "missing_denominator_flag": false }, "geometry": { "type": "Polygon", "coordinates": [ [ [ -75.223118, 39.969747 ], [ -75.217172, 39.970351 ], [ -75.216192, 39.962477 ], [ -75.217002, 39.959015 ], [ -75.219175, 39.959288 ], [ -75.219693, 39.962523 ], [ -75.220044, 39.963819 ], [ -75.221952, 39.96425 ], [ -75.223118, 39.969747 ] ] ] } },
{ "type": "Feature", "properties": { "tract_geoid": "42101010500", "tract_name": "105", "fixed_population": 4044.0, "peak_count": 36, "peak_rate": 29.673590504451038, "recent_count": 11, "recent_rate": 9.0669304319155941, "absolute_rate_change": -20.606660072535444, "absolute_count_change": -25, "benchmark_rate_10k": 13.597203178615208, "baseline_percentile": 0.75, "peak_elevated": true, "recent_elevated": false, "transition": "Previously elevated", "low_population_flag": false, "low_count_flag": false, "zero_population_flag": false, "missing_denominator_flag": false }, "geometry": { "type": "Polygon", "coordinates": [ [ [ -75.217767, 39.972627 ], [ -75.212211, 39.973242 ], [ -75.212148, 39.973012 ], [ -75.211334, 39.968726 ], [ -75.21056, 39.962571 ], [ -75.21306, 39.962577 ], [ -75.214018, 39.958643 ], [ -75.217002, 39.959015 ], [ -75.216192, 39.962477 ], [ -75.217172, 39.970351 ], [ -75.217767, 39.972627 ] ] ] } },
{ "type": "Feature", "properties": { "tract_geoid": "42101010600", "tract_name": "106", "fixed_population": 1512.0, "peak_count": 26, "peak_rate": 57.319223985890652, "recent_count": 17, "recent_rate": 37.47795414462081, "absolute_rate_change": -19.841269841269842, "absolute_count_change": -9, "benchmark_rate_10k": 13.597203178615208, "baseline_percentile": 0.75, "peak_elevated": true, "recent_elevated": true, "transition": "Persistently elevated", "low_population_flag": false, "low_count_flag": false, "zero_population_flag": false, "missing_denominator_flag": false }, "geometry": { "type": "Polygon", "coordinates": [ [ [ -75.211334, 39.968726 ], [ -75.202342, 39.963137 ], [ -75.20236, 39.962859 ], [ -75.209058, 39.962329 ], [ -75.21056, 39.962571 ], [ -75.211334, 39.968726 ] ] ] } },
{ "type": "Feature", "properties": { "tract_geoid": "42101010700", "tract_name": "107", "fixed_population": 3529.0, "peak_count": 37, "peak_rate": 34.94852177198451, "recent_count": 23, "recent_rate": 21.724756777179561, "absolute_rate_change": -13.223764994804949, "absolute_count_change": -14, "benchmark_rate_10k": 13.597203178615208, "baseline_percentile": 0.75, "peak_elevated": true, "recent_elevated": true, "transition": "Persistently elevated", "low_population_flag": false, "low_count_flag": false, "zero_population_flag": false, "missing_denominator_flag": false }, "geometry": { "type": "Polygon", "coordinates": [ [ [ -75.212148, 39.973012 ], [ -75.205979, 39.971429 ], [ -75.203722, 39.970929 ], [ -75.202342, 39.963137 ], [ -75.211334, 39.968726 ], [ -75.212148, 39.973012 ] ] ] } },
{ "type": "Feature", "properties": { "tract_geoid": "42101010800", "tract_name": "108", "fixed_population": 4497.0, "peak_count": 56, "peak_rate": 41.509154250982135, "recent_count": 31, "recent_rate": 22.978281817507966, "absolute_rate_change": -18.530872433474169, "absolute_count_change": -25, "benchmark_rate_10k": 13.597203178615208, "baseline_percentile": 0.75, "peak_elevated": true, "recent_elevated": true, "transition": "Persistently elevated", "low_population_flag": false, "low_count_flag": false, "zero_population_flag": false, "missing_denominator_flag": false }, "geometry": { "type": "Polygon", "coordinates": [ [ [ -75.203722, 39.970929 ], [ -75.192308, 39.967724 ], [ -75.192139, 39.966888 ], [ -75.19531, 39.968045 ], [ -75.194297, 39.962607 ], [ -75.200136, 39.961963 ], [ -75.202235, 39.961643 ], [ -75.202537, 39.964608 ], [ -75.203722, 39.970929 ] ] ] } },
{ "type": "Feature", "properties": { "tract_geoid": "42101010900", "tract_name": "109", "fixed_population": 2718.0, "peak_count": 22, "peak_rate": 26.980623007113071, "recent_count": 7, "recent_rate": 8.5847436840814328, "absolute_rate_change": -18.395879323031636, "absolute_count_change": -15, "benchmark_rate_10k": 13.597203178615208, "baseline_percentile": 0.75, "peak_elevated": true, "recent_elevated": false, "transition": "Previously elevated", "low_population_flag": false, "low_count_flag": false, "zero_population_flag": false, "missing_denominator_flag": false }, "geometry": { "type": "Polygon", "coordinates": [ [ [ -75.19531, 39.968045 ], [ -75.192139, 39.966888 ], [ -75.192308, 39.967724 ], [ -75.189583, 39.966756 ], [ -75.187403, 39.965104 ], [ -75.186742, 39.963445 ], [ -75.194297, 39.962607 ], [ -75.19531, 39.968045 ] ] ] } },
{ "type": "Feature", "properties": { "tract_geoid": "42101011000", "tract_name": "110", "fixed_population": 3290.0, "peak_count": 41, "peak_rate": 41.540020263424523, "recent_count": 22, "recent_rate": 22.289766970618032, "absolute_rate_change": -19.250253292806491, "absolute_count_change": -19, "benchmark_rate_10k": 13.597203178615208, "baseline_percentile": 0.75, "peak_elevated": true, "recent_elevated": true, "transition": "Persistently elevated", "low_population_flag": false, "low_count_flag": false, "zero_population_flag": false, "missing_denominator_flag": false }, "geometry": { "type": "Polygon", "coordinates": [ [ [ -75.213469, 39.977791 ], [ -75.20372, 39.974182 ], [ -75.198809, 39.974722 ], [ -75.198547, 39.973296 ], [ -75.198995, 39.971543 ], [ -75.201219, 39.970214 ], [ -75.203722, 39.970929 ], [ -75.205979, 39.971429 ], [ -75.212148, 39.973012 ], [ -75.213469, 39.977791 ] ] ] } },
{ "type": "Feature", "properties": { "tract_geoid": "42101011100", "tract_name": "111", "fixed_population": 3668.0, "peak_count": 42, "peak_rate": 38.167938931297705, "recent_count": 19, "recent_rate": 17.266448564158487, "absolute_rate_change": -20.901490367139218, "absolute_count_change": -23, "benchmark_rate_10k": 13.597203178615208, "baseline_percentile": 0.75, "peak_elevated": true, "recent_elevated": true, "transition": "Persistently elevated", "low_population_flag": false, "low_count_flag": false, "zero_population_flag": false, "missing_denominator_flag": false }, "geometry": { "type": "Polygon", "coordinates": [ [ [ -75.230171, 39.978794 ], [ -75.226765, 39.977211 ], [ -75.224066, 39.981508 ], [ -75.223157, 39.981381 ], [ -75.213469, 39.977791 ], [ -75.212211, 39.973242 ], [ -75.217767, 39.972627 ], [ -75.217172, 39.970351 ], [ -75.225372, 39.969517 ], [ -75.225841, 39.97143 ], [ -75.228735, 39.971107 ], [ -75.230171, 39.978794 ] ] ] } },
{ "type": "Feature", "properties": { "tract_geoid": "42101011200", "tract_name": "112", "fixed_population": 5938.0, "peak_count": 49, "peak_rate": 27.506455596721679, "recent_count": 34, "recent_rate": 19.086112046704837, "absolute_rate_change": -8.4203435500168418, "absolute_count_change": -15, "benchmark_rate_10k": 13.597203178615208, "baseline_percentile": 0.75, "peak_elevated": true, "recent_elevated": true, "transition": "Persistently elevated", "low_population_flag": false, "low_count_flag": false, "zero_population_flag": false, "missing_denominator_flag": false }, "geometry": { "type": "Polygon", "coordinates": [ [ [ -75.23857, 39.976101 ], [ -75.229855, 39.977069 ], [ -75.228735, 39.971107 ], [ -75.237455, 39.970141 ], [ -75.23857, 39.976101 ] ] ] } },
{ "type": "Feature", "properties": { "tract_geoid": "42101011300", "tract_name": "113", "fixed_population": 3793.0, "peak_count": 16, "peak_rate": 14.060989542139026, "recent_count": 9, "recent_rate": 7.9093066174532032, "absolute_rate_change": -6.1516829246858231, "absolute_count_change": -7, "benchmark_rate_10k": 13.597203178615208, "baseline_percentile": 0.75, "peak_elevated": true, "recent_elevated": false, "transition": "Previously elevated", "low_population_flag": false, "low_count_flag": false, "zero_population_flag": false, "missing_denominator_flag": false }, "geometry": { "type": "Polygon", "coordinates": [ [ [ -75.239335, 39.981447 ], [ -75.239042, 39.98195 ], [ -75.236163, 39.98097 ], [ -75.234068, 39.980402 ], [ -75.232422, 39.979797 ], [ -75.230171, 39.978794 ], [ -75.229855, 39.977069 ], [ -75.23857, 39.976101 ], [ -75.239467, 39.980914 ], [ -75.239335, 39.981447 ] ] ] } },
{ "type": "Feature", "properties": { "tract_geoid": "42101011400", "tract_name": "114", "fixed_population": 6361.0, "peak_count": 31, "peak_rate": 16.244825237122043, "recent_count": 10, "recent_rate": 5.2402662055232403, "absolute_rate_change": -11.004559031598802, "absolute_count_change": -21, "benchmark_rate_10k": 13.597203178615208, "baseline_percentile": 0.75, "peak_elevated": true, "recent_elevated": false, "transition": "Previously elevated", "low_population_flag": false, "low_count_flag": false, "zero_population_flag": false, "missing_denominator_flag": false }, "geometry": { "type": "Polygon", "coordinates": [ [ [ -75.251063, 39.981601 ], [ -75.248346, 39.982968 ], [ -75.248668, 39.98468 ], [ -75.248991, 39.985109 ], [ -75.245478, 39.986619 ], [ -75.244491, 39.985667 ], [ -75.23724, 39.98484 ], [ -75.239335, 39.981447 ], [ -75.239467, 39.980914 ], [ -75.23857, 39.976101 ], [ -75.247797, 39.975079 ], [ -75.248628, 39.978707 ], [ -75.251063, 39.981601 ] ] ] } },
{ "type": "Feature", "properties": { "tract_geoid": "42101011500", "tract_name": "115", "fixed_population": 4766.0, "peak_count": 11, "peak_rate": 7.6933836900265771, "recent_count": 9, "recent_rate": 6.2945866554762899, "absolute_rate_change": -1.3987970345502871, "absolute_count_change": -2, "benchmark_rate_10k": 13.597203178615208, "baseline_percentile": 0.75, "peak_elevated": false, "recent_elevated": false, "transition": "Consistently below", "low_population_flag": false, "low_count_flag": false, "zero_population_flag": false, "missing_denominator_flag": false }, "geometry": { "type": "Polygon", "coordinates": [ [ [ -75.255918, 39.978122 ], [ -75.253929, 39.979067 ], [ -75.252544, 39.98077 ], [ -75.251063, 39.981601 ], [ -75.248628, 39.978707 ], [ -75.247797, 39.975079 ], [ -75.255196, 39.97426 ], [ -75.255918, 39.978122 ] ] ] } },
{ "type": "Feature", "properties": { "tract_geoid": "42101011700", "tract_name": "117", "fixed_population": 1990.0, "peak_count": 1, "peak_rate": 1.6750418760469012, "recent_count": 0, "recent_rate": 0.0, "absolute_rate_change": -1.6750418760469012, "absolute_count_change": -1, "benchmark_rate_10k": 13.597203178615208, "baseline_percentile": 0.75, "peak_elevated": false, "recent_elevated": false, "transition": "Consistently below", "low_population_flag": false, "low_count_flag": true, "zero_population_flag": false, "missing_denominator_flag": false }, "geometry": { "type": "Polygon", "coordinates": [ [ [ -75.247948, 39.991138 ], [ -75.235298, 39.99707 ], [ -75.234136, 39.995598 ], [ -75.233713, 39.992176 ], [ -75.236143, 39.99102 ], [ -75.238361, 39.990486 ], [ -75.239838, 39.989287 ], [ -75.245478, 39.986619 ], [ -75.246416, 39.988266 ], [ -75.246187, 39.989516 ], [ -75.246904, 39.98985 ], [ -75.247948, 39.991138 ] ] ] } },
{ "type": "Feature", "properties": { "tract_geoid": "42101011800", "tract_name": "118", "fixed_population": 4400.0, "peak_count": 12, "peak_rate": 9.0909090909090917, "recent_count": 10, "recent_rate": 7.5757575757575761, "absolute_rate_change": -1.5151515151515156, "absolute_count_change": -2, "benchmark_rate_10k": 13.597203178615208, "baseline_percentile": 0.75, "peak_elevated": false, "recent_elevated": false, "transition": "Consistently below", "low_population_flag": false, "low_count_flag": false, "zero_population_flag": false, "missing_denominator_flag": false }, "geometry": { "type": "Polygon", "coordinates": [ [ [ -75.245478, 39.986619 ], [ -75.239838, 39.989287 ], [ -75.238361, 39.990486 ], [ -75.236143, 39.99102 ], [ -75.233713, 39.992176 ], [ -75.233528, 39.990653 ], [ -75.230791, 39.982516 ], [ -75.2301, 39.981556 ], [ -75.228792, 39.980705 ], [ -75.228471, 39.97896 ], [ -75.2263, 39.977951 ], [ -75.226765, 39.977211 ], [ -75.232422, 39.979797 ], [ -75.234068, 39.980402 ], [ -75.236163, 39.98097 ], [ -75.239042, 39.98195 ], [ -75.23724, 39.98484 ], [ -75.244491, 39.985667 ], [ -75.245478, 39.986619 ] ] ] } },
{ "type": "Feature", "properties": { "tract_geoid": "42101011900", "tract_name": "119", "fixed_population": 4347.0, "peak_count": 24, "peak_rate": 18.40349666436623, "recent_count": 18, "recent_rate": 13.802622498274673, "absolute_rate_change": -4.6008741660915575, "absolute_count_change": -6, "benchmark_rate_10k": 13.597203178615208, "baseline_percentile": 0.75, "peak_elevated": true, "recent_elevated": true, "transition": "Persistently elevated", "low_population_flag": false, "low_count_flag": false, "zero_population_flag": false, "missing_denominator_flag": false }, "geometry": { "type": "Polygon", "coordinates": [ [ [ -75.233672, 39.991882 ], [ -75.225662, 39.991469 ], [ -75.225699, 39.989626 ], [ -75.225891, 39.988131 ], [ -75.225109, 39.987582 ], [ -75.225573, 39.987151 ], [ -75.226239, 39.985769 ], [ -75.226963, 39.983813 ], [ -75.227057, 39.982691 ], [ -75.226202, 39.981608 ], [ -75.224066, 39.981508 ], [ -75.2263, 39.977951 ], [ -75.228471, 39.97896 ], [ -75.228792, 39.980705 ], [ -75.2301, 39.981556 ], [ -75.230791, 39.982516 ], [ -75.233528, 39.990653 ], [ -75.233672, 39.991882 ] ] ] } },
{ "type": "Feature", "properties": { "tract_geoid": "42101012000", "tract_name": "120", "fixed_population": 1820.0, "peak_count": 3, "peak_rate": 5.4945054945054945, "recent_count": 0, "recent_rate": 0.0, "absolute_rate_change": -5.4945054945054945, "absolute_count_change": -3, "benchmark_rate_10k": 13.597203178615208, "baseline_percentile": 0.75, "peak_elevated": false, "recent_elevated": false, "transition": "Consistently below", "low_population_flag": false, "low_count_flag": true, "zero_population_flag": false, "missing_denominator_flag": false }, "geometry": { "type": "Polygon", "coordinates": [ [ [ -75.235298, 39.99707 ], [ -75.227462, 40.000746 ], [ -75.226563, 39.999216 ], [ -75.225664, 39.995848 ], [ -75.225662, 39.991469 ], [ -75.233672, 39.991882 ], [ -75.234136, 39.995598 ], [ -75.235298, 39.99707 ] ] ] } },
{ "type": "Feature", "properties": { "tract_geoid": "42101012100", "tract_name": "121", "fixed_population": 3146.0, "peak_count": 0, "peak_rate": 0.0, "recent_count": 1, "recent_rate": 1.0595465140919686, "absolute_rate_change": 1.0595465140919686, "absolute_count_change": 1, "benchmark_rate_10k": 13.597203178615208, "baseline_percentile": 0.75, "peak_elevated": false, "recent_elevated": false, "transition": "Consistently below", "low_population_flag": false, "low_count_flag": true, "zero_population_flag": false, "missing_denominator_flag": false }, "geometry": { "type": "Polygon", "coordinates": [ [ [ -75.227462, 40.000746 ], [ -75.220665, 40.003944 ], [ -75.217994, 39.994223 ], [ -75.219333, 39.992171 ], [ -75.220317, 39.990286 ], [ -75.225109, 39.987582 ], [ -75.225891, 39.988131 ], [ -75.225699, 39.989626 ], [ -75.225664, 39.995848 ], [ -75.226563, 39.999216 ], [ -75.227462, 40.000746 ] ] ] } },
{ "type": "Feature", "properties": { "tract_geoid": "42101012201", "tract_name": "122.01", "fixed_population": 3133.0, "peak_count": 0, "peak_rate": 0.0, "recent_count": 1, "recent_rate": 1.0639429726566656, "absolute_rate_change": 1.0639429726566656, "absolute_count_change": 1, "benchmark_rate_10k": 13.597203178615208, "baseline_percentile": 0.75, "peak_elevated": false, "recent_elevated": false, "transition": "Consistently below", "low_population_flag": false, "low_count_flag": true, "zero_population_flag": false, "missing_denominator_flag": false }, "geometry": { "type": "Polygon", "coordinates": [ [ [ -75.215355, 40.001244 ], [ -75.21403, 40.005079 ], [ -75.21216, 40.004847 ], [ -75.209771, 40.006983 ], [ -75.207784, 40.006302 ], [ -75.207504, 40.006469 ], [ -75.20338, 40.005165 ], [ -75.201293, 40.00597 ], [ -75.202057, 40.004729 ], [ -75.202838, 40.003706 ], [ -75.203194, 40.003393 ], [ -75.211666, 40.002039 ], [ -75.215355, 40.001244 ] ] ] } },
{ "type": "Feature", "properties": { "tract_geoid": "42101012203", "tract_name": "122.03", "fixed_population": 969.0, "peak_count": 8, "peak_rate": 27.519779841761267, "recent_count": 2, "recent_rate": 6.8799449604403167, "absolute_rate_change": -20.639834881320951, "absolute_count_change": -6, "benchmark_rate_10k": 13.597203178615208, "baseline_percentile": 0.75, "peak_elevated": true, "recent_elevated": false, "transition": "Previously elevated", "low_population_flag": false, "low_count_flag": true, "zero_population_flag": false, "missing_denominator_flag": false }, "geometry": { "type": "Polygon", "coordinates": [ [ [ -75.213533, 40.006646 ], [ -75.213745, 40.00716 ], [ -75.210619, 40.008652 ], [ -75.208221, 40.009947 ], [ -75.203156, 40.008256 ], [ -75.20556, 40.007369 ], [ -75.207784, 40.006302 ], [ -75.209771, 40.006983 ], [ -75.21216, 40.004847 ], [ -75.21403, 40.005079 ], [ -75.213533, 40.006646 ] ] ] } },
{ "type": "Feature", "properties": { "tract_geoid": "42101012204", "tract_name": "122.04", "fixed_population": 4107.0, "peak_count": 0, "peak_rate": 0.0, "recent_count": 2, "recent_rate": 1.6232448664881096, "absolute_rate_change": 1.6232448664881096, "absolute_count_change": 2, "benchmark_rate_10k": 13.597203178615208, "baseline_percentile": 0.75, "peak_elevated": false, "recent_elevated": false, "transition": "Consistently below", "low_population_flag": false, "low_count_flag": true, "zero_population_flag": false, "missing_denominator_flag": false }, "geometry": { "type": "Polygon", "coordinates": [ [ [ -75.220665, 40.003944 ], [ -75.213745, 40.00716 ], [ -75.213533, 40.006646 ], [ -75.215355, 40.001244 ], [ -75.211666, 40.002039 ], [ -75.203194, 40.003393 ], [ -75.202838, 40.003706 ], [ -75.202057, 40.004729 ], [ -75.200868, 40.004432 ], [ -75.20412, 40.000328 ], [ -75.205488, 40.000902 ], [ -75.206695, 39.999167 ], [ -75.20728, 39.999054 ], [ -75.209156, 39.998339 ], [ -75.215572, 39.996241 ], [ -75.217994, 39.994223 ], [ -75.220665, 40.003944 ] ] ] } },
{ "type": "Feature", "properties": { "tract_geoid": "42101012501", "tract_name": "125.01", "fixed_population": 2319.0, "peak_count": 1, "peak_rate": 1.4374011786689664, "recent_count": 1, "recent_rate": 1.4374011786689664, "absolute_rate_change": 0.0, "absolute_count_change": 0, "benchmark_rate_10k": 13.597203178615208, "baseline_percentile": 0.75, "peak_elevated": false, "recent_elevated": false, "transition": "Consistently below", "low_population_flag": false, "low_count_flag": true, "zero_population_flag": false, "missing_denominator_flag": false }, "geometry": { "type": "Polygon", "coordinates": [ [ [ -75.168827, 39.958627 ], [ -75.167806, 39.963306 ], [ -75.161384, 39.962474 ], [ -75.162339, 39.957825 ], [ -75.168827, 39.958627 ] ] ] } },
{ "type": "Feature", "properties": { "tract_geoid": "42101012502", "tract_name": "125.02", "fixed_population": 4133.0, "peak_count": 2, "peak_rate": 1.6130333091378337, "recent_count": 2, "recent_rate": 1.6130333091378337, "absolute_rate_change": 0.0, "absolute_count_change": 0, "benchmark_rate_10k": 13.597203178615208, "baseline_percentile": 0.75, "peak_elevated": false, "recent_elevated": false, "transition": "Consistently below", "low_population_flag": false, "low_count_flag": true, "zero_population_flag": false, "missing_denominator_flag": false }, "geometry": { "type": "Polygon", "coordinates": [ [ [ -75.182515, 39.96448 ], [ -75.181416, 39.964378 ], [ -75.178068, 39.964671 ], [ -75.175984, 39.964208 ], [ -75.176219, 39.964409 ], [ -75.174445, 39.964118 ], [ -75.167806, 39.963306 ], [ -75.168827, 39.958627 ], [ -75.179937, 39.960028 ], [ -75.183323, 39.964374 ], [ -75.182515, 39.96448 ] ] ] } },
{ "type": "Feature", "properties": { "tract_geoid": "42101013100", "tract_name": "131", "fixed_population": 1657.0, "peak_count": 32, "peak_rate": 64.373365520016094, "recent_count": 11, "recent_rate": 22.128344397505533, "absolute_rate_change": -42.245021122510565, "absolute_count_change": -21, "benchmark_rate_10k": 13.597203178615208, "baseline_percentile": 0.75, "peak_elevated": true, "recent_elevated": true, "transition": "Persistently elevated", "low_population_flag": false, "low_count_flag": false, "zero_population_flag": false, "missing_denominator_flag": false }, "geometry": { "type": "Polygon", "coordinates": [ [ [ -75.154312, 39.962614 ], [ -75.153018, 39.968549 ], [ -75.147146, 39.967126 ], [ -75.148029, 39.962265 ], [ -75.154312, 39.962614 ] ] ] } },
{ "type": "Feature", "properties": { "tract_geoid": "42101013200", "tract_name": "132", "fixed_population": 3765.0, "peak_count": 16, "peak_rate": 14.16555998229305, "recent_count": 10, "recent_rate": 8.8534749889331561, "absolute_rate_change": -5.3120849933598944, "absolute_count_change": -6, "benchmark_rate_10k": 13.597203178615208, "baseline_percentile": 0.75, "peak_elevated": true, "recent_elevated": false, "transition": "Previously elevated", "low_population_flag": false, "low_count_flag": false, "zero_population_flag": false, "missing_denominator_flag": false }, "geometry": { "type": "Polygon", "coordinates": [ [ [ -75.161188, 39.963422 ], [ -75.159702, 39.970202 ], [ -75.153018, 39.968549 ], [ -75.154312, 39.962614 ], [ -75.161188, 39.963422 ] ] ] } },
{ "type": "Feature", "properties": { "tract_geoid": "42101013300", "tract_name": "133", "fixed_population": 3782.0, "peak_count": 11, "peak_rate": 9.6950467124977973, "recent_count": 2, "recent_rate": 1.7627357659086902, "absolute_rate_change": -7.9323109465891068, "absolute_count_change": -9, "benchmark_rate_10k": 13.597203178615208, "baseline_percentile": 0.75, "peak_elevated": false, "recent_elevated": false, "transition": "Consistently below", "low_population_flag": false, "low_count_flag": true, "zero_population_flag": false, "missing_denominator_flag": false }, "geometry": { "type": "Polygon", "coordinates": [ [ [ -75.166227, 39.963112 ], [ -75.164976, 39.968831 ], [ -75.163869, 39.969669 ], [ -75.164555, 39.970816 ], [ -75.159702, 39.970202 ], [ -75.161384, 39.962474 ], [ -75.166227, 39.963112 ] ] ] } },
{ "type": "Feature", "properties": { "tract_geoid": "42101013401", "tract_name": "134.01", "fixed_population": 2993.0, "peak_count": 0, "peak_rate": 0.0, "recent_count": 0, "recent_rate": 0.0, "absolute_rate_change": 0.0, "absolute_count_change": 0, "benchmark_rate_10k": 13.597203178615208, "baseline_percentile": 0.75, "peak_elevated": false, "recent_elevated": false, "transition": "Consistently below", "low_population_flag": false, "low_count_flag": true, "zero_population_flag": false, "missing_denominator_flag": false }, "geometry": { "type": "Polygon", "coordinates": [ [ [ -75.179683, 39.967416 ], [ -75.172108, 39.967284 ], [ -75.172848, 39.963923 ], [ -75.176219, 39.964409 ], [ -75.177513, 39.965382 ], [ -75.179683, 39.967416 ] ] ] } },
{ "type": "Feature", "properties": { "tract_geoid": "42101013402", "tract_name": "134.02", "fixed_population": 2770.0, "peak_count": 8, "peak_rate": 9.6269554753309254, "recent_count": 3, "recent_rate": 3.6101083032490973, "absolute_rate_change": -6.0168471720818282, "absolute_count_change": -5, "benchmark_rate_10k": 13.597203178615208, "baseline_percentile": 0.75, "peak_elevated": false, "recent_elevated": false, "transition": "Consistently below", "low_population_flag": false, "low_count_flag": true, "zero_population_flag": false, "missing_denominator_flag": false }, "geometry": { "type": "Polygon", "coordinates": [ [ [ -75.172848, 39.963923 ], [ -75.172108, 39.967284 ], [ -75.165349, 39.967149 ], [ -75.166227, 39.963112 ], [ -75.172848, 39.963923 ] ] ] } },
{ "type": "Feature", "properties": { "tract_geoid": "42101013500", "tract_name": "135", "fixed_population": 4465.0, "peak_count": 3, "peak_rate": 2.2396416573348263, "recent_count": 0, "recent_rate": 0.0, "absolute_rate_change": -2.2396416573348263, "absolute_count_change": -3, "benchmark_rate_10k": 13.597203178615208, "baseline_percentile": 0.75, "peak_elevated": false, "recent_elevated": false, "transition": "Consistently below", "low_population_flag": false, "low_count_flag": true, "zero_population_flag": false, "missing_denominator_flag": false }, "geometry": { "type": "Polygon", "coordinates": [ [ [ -75.17539, 39.967345 ], [ -75.174367, 39.972035 ], [ -75.164555, 39.970816 ], [ -75.163869, 39.969669 ], [ -75.164976, 39.968831 ], [ -75.165349, 39.967149 ], [ -75.17539, 39.967345 ] ] ] } },
{ "type": "Feature", "properties": { "tract_geoid": "42101013601", "tract_name": "136.01", "fixed_population": 2546.0, "peak_count": 1, "peak_rate": 1.3092432573972246, "recent_count": 1, "recent_rate": 1.3092432573972246, "absolute_rate_change": 0.0, "absolute_count_change": 0, "benchmark_rate_10k": 13.597203178615208, "baseline_percentile": 0.75, "peak_elevated": false, "recent_elevated": false, "transition": "Consistently below", "low_population_flag": false, "low_count_flag": true, "zero_population_flag": false, "missing_denominator_flag": false }, "geometry": { "type": "Polygon", "coordinates": [ [ [ -75.184005, 39.970781 ], [ -75.174869, 39.96971 ], [ -75.17539, 39.967345 ], [ -75.179683, 39.967416 ], [ -75.181589, 39.969025 ], [ -75.184005, 39.970781 ] ] ] } },
{ "type": "Feature", "properties": { "tract_geoid": "42101013602", "tract_name": "136.02", "fixed_population": 3769.0, "peak_count": 1, "peak_rate": 0.88440788891836919, "recent_count": 1, "recent_rate": 0.88440788891836919, "absolute_rate_change": 0.0, "absolute_count_change": 0, "benchmark_rate_10k": 13.597203178615208, "baseline_percentile": 0.75, "peak_elevated": false, "recent_elevated": false, "transition": "Consistently below", "low_population_flag": false, "low_count_flag": true, "zero_population_flag": false, "missing_denominator_flag": false }, "geometry": { "type": "Polygon", "coordinates": [ [ [ -75.186368, 39.973537 ], [ -75.174367, 39.972035 ], [ -75.174869, 39.96971 ], [ -75.184005, 39.970781 ], [ -75.185442, 39.971999 ], [ -75.186368, 39.973537 ] ] ] } },
{ "type": "Feature", "properties": { "tract_geoid": "42101013701", "tract_name": "137.01", "fixed_population": 2045.0, "peak_count": 3, "peak_rate": 4.8899755501222488, "recent_count": 0, "recent_rate": 0.0, "absolute_rate_change": -4.8899755501222488, "absolute_count_change": -3, "benchmark_rate_10k": 13.597203178615208, "baseline_percentile": 0.75, "peak_elevated": false, "recent_elevated": false, "transition": "Consistently below", "low_population_flag": false, "low_count_flag": true, "zero_population_flag": false, "missing_denominator_flag": false }, "geometry": { "type": "Polygon", "coordinates": [ [ [ -75.189882, 39.977933 ], [ -75.188979, 39.979811 ], [ -75.188661, 39.981207 ], [ -75.183838, 39.980585 ], [ -75.185394, 39.973417 ], [ -75.186368, 39.973537 ], [ -75.187121, 39.975035 ], [ -75.188252, 39.976764 ], [ -75.189674, 39.977173 ], [ -75.189882, 39.977933 ] ] ] } },
{ "type": "Feature", "properties": { "tract_geoid": "42101013702", "tract_name": "137.02", "fixed_population": 3924.0, "peak_count": 20, "peak_rate": 16.989466530750935, "recent_count": 10, "recent_rate": 8.4947332653754675, "absolute_rate_change": -8.4947332653754675, "absolute_count_change": -10, "benchmark_rate_10k": 13.597203178615208, "baseline_percentile": 0.75, "peak_elevated": true, "recent_elevated": false, "transition": "Previously elevated", "low_population_flag": false, "low_count_flag": false, "zero_population_flag": false, "missing_denominator_flag": false }, "geometry": { "type": "Polygon", "coordinates": [ [ [ -75.185394, 39.973417 ], [ -75.183838, 39.980585 ], [ -75.179172, 39.979988 ], [ -75.180729, 39.972841 ], [ -75.185394, 39.973417 ] ] ] } },
{ "type": "Feature", "properties": { "tract_geoid": "42101013800", "tract_name": "138", "fixed_population": 2183.0, "peak_count": 14, "peak_rate": 21.37730951290273, "recent_count": 6, "recent_rate": 9.1617040769583138, "absolute_rate_change": -12.215605435944417, "absolute_count_change": -8, "benchmark_rate_10k": 13.597203178615208, "baseline_percentile": 0.75, "peak_elevated": true, "recent_elevated": false, "transition": "Previously elevated", "low_population_flag": false, "low_count_flag": false, "zero_population_flag": false, "missing_denominator_flag": false }, "geometry": { "type": "Polygon", "coordinates": [ [ [ -75.180729, 39.972841 ], [ -75.179172, 39.979988 ], [ -75.174393, 39.97938 ], [ -75.174702, 39.977937 ], [ -75.173126, 39.97775 ], [ -75.173785, 39.974677 ], [ -75.177852, 39.974247 ], [ -75.177862, 39.97248 ], [ -75.180729, 39.972841 ] ] ] } },
{ "type": "Feature", "properties": { "tract_geoid": "42101013900", "tract_name": "139", "fixed_population": 2850.0, "peak_count": 24, "peak_rate": 28.07017543859649, "recent_count": 3, "recent_rate": 3.5087719298245612, "absolute_rate_change": -24.561403508771928, "absolute_count_change": -21, "benchmark_rate_10k": 13.597203178615208, "baseline_percentile": 0.75, "peak_elevated": true, "recent_elevated": false, "transition": "Previously elevated", "low_population_flag": false, "low_count_flag": true, "zero_population_flag": false, "missing_denominator_flag": false }, "geometry": { "type": "Polygon", "coordinates": [ [ [ -75.177852, 39.974247 ], [ -75.173785, 39.974677 ], [ -75.173126, 39.97775 ], [ -75.174702, 39.977937 ], [ -75.174393, 39.97938 ], [ -75.16616, 39.978308 ], [ -75.167703, 39.971211 ], [ -75.177862, 39.97248 ], [ -75.177852, 39.974247 ] ] ] } },
{ "type": "Feature", "properties": { "tract_geoid": "42101014000", "tract_name": "140", "fixed_population": 6065.0, "peak_count": 16, "peak_rate": 8.7936246221489434, "recent_count": 7, "recent_rate": 3.8472107721901621, "absolute_rate_change": -4.9464138499587813, "absolute_count_change": -9, "benchmark_rate_10k": 13.597203178615208, "baseline_percentile": 0.75, "peak_elevated": false, "recent_elevated": false, "transition": "Consistently below", "low_population_flag": false, "low_count_flag": false, "zero_population_flag": false, "missing_denominator_flag": false }, "geometry": { "type": "Polygon", "coordinates": [ [ [ -75.167703, 39.971211 ], [ -75.166463, 39.976877 ], [ -75.158526, 39.97585 ], [ -75.159702, 39.970202 ], [ -75.167703, 39.971211 ] ] ] } },
{ "type": "Feature", "properties": { "tract_geoid": "42101014100", "tract_name": "141", "fixed_population": 3253.0, "peak_count": 34, "peak_rate": 34.839635208525465, "recent_count": 21, "recent_rate": 21.51859821703043, "absolute_rate_change": -13.321036991495035, "absolute_count_change": -13, "benchmark_rate_10k": 13.597203178615208, "baseline_percentile": 0.75, "peak_elevated": true, "recent_elevated": true, "transition": "Persistently elevated", "low_population_flag": false, "low_count_flag": false, "zero_population_flag": false, "missing_denominator_flag": false }, "geometry": { "type": "Polygon", "coordinates": [ [ [ -75.159702, 39.970202 ], [ -75.158782, 39.974482 ], [ -75.156616, 39.974198 ], [ -75.156893, 39.972927 ], [ -75.155341, 39.972725 ], [ -75.152188, 39.972318 ], [ -75.151915, 39.973588 ], [ -75.146082, 39.972833 ], [ -75.147146, 39.967126 ], [ -75.159702, 39.970202 ] ] ] } },
{ "type": "Feature", "properties": { "tract_geoid": "42101014201", "tract_name": "142.01", "fixed_population": 3114.0, "peak_count": 3, "peak_rate": 3.211303789338471, "recent_count": 0, "recent_rate": 0.0, "absolute_rate_change": -3.211303789338471, "absolute_count_change": -3, "benchmark_rate_10k": 13.597203178615208, "baseline_percentile": 0.75, "peak_elevated": false, "recent_elevated": false, "transition": "Consistently below", "low_population_flag": false, "low_count_flag": true, "zero_population_flag": false, "missing_denominator_flag": false }, "geometry": { "type": "Polygon", "coordinates": [ [ [ -75.146543, 39.97038 ], [ -75.139578, 39.969515 ], [ -75.140706, 39.964138 ], [ -75.147146, 39.967126 ], [ -75.146543, 39.97038 ] ] ] } },
{ "type": "Feature", "properties": { "tract_geoid": "42101014202", "tract_name": "142.02", "fixed_population": 2655.0, "peak_count": 9, "peak_rate": 11.299435028248588, "recent_count": 5, "recent_rate": 6.2774639045825493, "absolute_rate_change": -5.0219711236660389, "absolute_count_change": -4, "benchmark_rate_10k": 13.597203178615208, "baseline_percentile": 0.75, "peak_elevated": false, "recent_elevated": false, "transition": "Consistently below", "low_population_flag": false, "low_count_flag": false, "zero_population_flag": false, "missing_denominator_flag": false }, "geometry": { "type": "Polygon", "coordinates": [ [ [ -75.140706, 39.964138 ], [ -75.139578, 39.969515 ], [ -75.135354, 39.968726 ], [ -75.134428, 39.968791 ], [ -75.134417, 39.966723 ], [ -75.134223, 39.964477 ], [ -75.133638, 39.964962 ], [ -75.128697, 39.966977 ], [ -75.125416361661095, 39.961951694137291 ], [ -75.12692, 39.961112 ], [ -75.130223707139507, 39.958587190470688 ], [ -75.131742, 39.959838 ], [ -75.134386, 39.959896 ], [ -75.136638, 39.960881 ], [ -75.134545, 39.960597 ], [ -75.136242, 39.962415 ], [ -75.138827, 39.963129 ], [ -75.140706, 39.964138 ] ] ] } },
{ "type": "Feature", "properties": { "tract_geoid": "42101014300", "tract_name": "143", "fixed_population": 1979.0, "peak_count": 11, "peak_rate": 18.527876031665826, "recent_count": 0, "recent_rate": 0.0, "absolute_rate_change": -18.527876031665826, "absolute_count_change": -11, "benchmark_rate_10k": 13.597203178615208, "baseline_percentile": 0.75, "peak_elevated": true, "recent_elevated": false, "transition": "Previously elevated", "low_population_flag": false, "low_count_flag": true, "zero_population_flag": false, "missing_denominator_flag": false }, "geometry": { "type": "Polygon", "coordinates": [ [ [ -75.134428, 39.968791 ], [ -75.123489, 39.972651 ], [ -75.121504, 39.97321 ], [ -75.120235, 39.97332 ], [ -75.119617, 39.97295 ], [ -75.122097, 39.970632 ], [ -75.121801, 39.969656 ], [ -75.121476, 39.969251 ], [ -75.121241, 39.968659 ], [ -75.118952641189196, 39.965521971896095 ], [ -75.125416361661095, 39.961951694137291 ], [ -75.128697, 39.966977 ], [ -75.133638, 39.964962 ], [ -75.134223, 39.964477 ], [ -75.134417, 39.966723 ], [ -75.134428, 39.968791 ] ] ] } },
{ "type": "Feature", "properties": { "tract_geoid": "42101014400", "tract_name": "144", "fixed_population": 5501.0, "peak_count": 7, "peak_rate": 4.2416530327819189, "recent_count": 4, "recent_rate": 2.4238017330182391, "absolute_rate_change": -1.8178512997636798, "absolute_count_change": -3, "benchmark_rate_10k": 13.597203178615208, "baseline_percentile": 0.75, "peak_elevated": false, "recent_elevated": false, "transition": "Consistently below", "low_population_flag": false, "low_count_flag": true, "zero_population_flag": false, "missing_denominator_flag": false }, "geometry": { "type": "Polygon", "coordinates": [ [ [ -75.146543, 39.97038 ], [ -75.145559, 39.975638 ], [ -75.133374, 39.97409 ], [ -75.134401, 39.972303 ], [ -75.134428, 39.968791 ], [ -75.135354, 39.968726 ], [ -75.139578, 39.969515 ], [ -75.146543, 39.97038 ] ] ] } },
{ "type": "Feature", "properties": { "tract_geoid": "42101014500", "tract_name": "145", "fixed_population": 2330.0, "peak_count": 9, "peak_rate": 12.875536480686696, "recent_count": 6, "recent_rate": 8.5836909871244629, "absolute_rate_change": -4.2918454935622332, "absolute_count_change": -3, "benchmark_rate_10k": 13.597203178615208, "baseline_percentile": 0.75, "peak_elevated": false, "recent_elevated": false, "transition": "Consistently below", "low_population_flag": false, "low_count_flag": false, "zero_population_flag": false, "missing_denominator_flag": false }, "geometry": { "type": "Polygon", "coordinates": [ [ [ -75.151915, 39.973588 ], [ -75.150661, 39.979325 ], [ -75.14501, 39.978597 ], [ -75.146082, 39.972833 ], [ -75.151915, 39.973588 ] ] ] } },
{ "type": "Feature", "properties": { "tract_geoid": "42101014600", "tract_name": "146", "fixed_population": 6163.0, "peak_count": 18, "peak_rate": 9.7355184163556707, "recent_count": 11, "recent_rate": 5.9494834766617988, "absolute_rate_change": -3.7860349396938719, "absolute_count_change": -7, "benchmark_rate_10k": 13.597203178615208, "baseline_percentile": 0.75, "peak_elevated": false, "recent_elevated": false, "transition": "Consistently below", "low_population_flag": false, "low_count_flag": false, "zero_population_flag": false, "missing_denominator_flag": false }, "geometry": { "type": "Polygon", "coordinates": [ [ [ -75.158782, 39.974482 ], [ -75.157581, 39.980223 ], [ -75.150661, 39.979325 ], [ -75.152188, 39.972318 ], [ -75.156893, 39.972927 ], [ -75.156616, 39.974198 ], [ -75.158782, 39.974482 ] ] ] } },
{ "type": "Feature", "properties": { "tract_geoid": "42101014700", "tract_name": "147", "fixed_population": 3394.0, "peak_count": 47, "peak_rate": 46.159890001964257, "recent_count": 29, "recent_rate": 28.481634256531134, "absolute_rate_change": -17.678255745433123, "absolute_count_change": -18, "benchmark_rate_10k": 13.597203178615208, "baseline_percentile": 0.75, "peak_elevated": true, "recent_elevated": true, "transition": "Persistently elevated", "low_population_flag": false, "low_count_flag": false, "zero_population_flag": false, "missing_denominator_flag": false }, "geometry": { "type": "Polygon", "coordinates": [ [ [ -75.166463, 39.976877 ], [ -75.165511, 39.981244 ], [ -75.157581, 39.980223 ], [ -75.158526, 39.97585 ], [ -75.166463, 39.976877 ] ] ] } },
{ "type": "Feature", "properties": { "tract_geoid": "42101014800", "tract_name": "148", "fixed_population": 978.0, "peak_count": 21, "peak_rate": 71.574642126789371, "recent_count": 9, "recent_rate": 30.674846625766872, "absolute_rate_change": -40.899795501022496, "absolute_count_change": -12, "benchmark_rate_10k": 13.597203178615208, "baseline_percentile": 0.75, "peak_elevated": true, "recent_elevated": true, "transition": "Persistently elevated", "low_population_flag": false, "low_count_flag": false, "zero_population_flag": false, "missing_denominator_flag": false }, "geometry": { "type": "Polygon", "coordinates": [ [ [ -75.172799, 39.97916 ], [ -75.172161, 39.9821 ], [ -75.165511, 39.981244 ], [ -75.16616, 39.978308 ], [ -75.172799, 39.97916 ] ] ] } },
{ "type": "Feature", "properties": { "tract_geoid": "42101014900", "tract_name": "149", "fixed_population": 4436.0, "peak_count": 61, "peak_rate": 45.837090471896602, "recent_count": 22, "recent_rate": 16.53140967838894, "absolute_rate_change": -29.305680793507662, "absolute_count_change": -39, "benchmark_rate_10k": 13.597203178615208, "baseline_percentile": 0.75, "peak_elevated": true, "recent_elevated": true, "transition": "Persistently elevated", "low_population_flag": false, "low_count_flag": false, "zero_population_flag": false, "missing_denominator_flag": false }, "geometry": { "type": "Polygon", "coordinates": [ [ [ -75.188033, 39.984126 ], [ -75.172161, 39.9821 ], [ -75.172799, 39.97916 ], [ -75.188661, 39.981207 ], [ -75.188033, 39.984126 ] ] ] } },
{ "type": "Feature", "properties": { "tract_geoid": "42101015101", "tract_name": "151.01", "fixed_population": 2202.0, "peak_count": 26, "peak_rate": 39.358159249167429, "recent_count": 10, "recent_rate": 15.137753557372086, "absolute_rate_change": -24.220405691795342, "absolute_count_change": -16, "benchmark_rate_10k": 13.597203178615208, "baseline_percentile": 0.75, "peak_elevated": true, "recent_elevated": true, "transition": "Persistently elevated", "low_population_flag": false, "low_count_flag": false, "zero_population_flag": false, "missing_denominator_flag": false }, "geometry": { "type": "Polygon", "coordinates": [ [ [ -75.188033, 39.984126 ], [ -75.186713, 39.990215 ], [ -75.183459, 39.9898 ], [ -75.184794, 39.983706 ], [ -75.188033, 39.984126 ] ] ] } },
{ "type": "Feature", "properties": { "tract_geoid": "42101015102", "tract_name": "151.02", "fixed_population": 4815.0, "peak_count": 62, "peak_rate": 42.921426098996193, "recent_count": 39, "recent_rate": 26.998961578400834, "absolute_rate_change": -15.922464520595359, "absolute_count_change": -23, "benchmark_rate_10k": 13.597203178615208, "baseline_percentile": 0.75, "peak_elevated": true, "recent_elevated": true, "transition": "Persistently elevated", "low_population_flag": false, "low_count_flag": false, "zero_population_flag": false, "missing_denominator_flag": false }, "geometry": { "type": "Polygon", "coordinates": [ [ [ -75.184794, 39.983706 ], [ -75.183459, 39.9898 ], [ -75.175803, 39.988812 ], [ -75.174665, 39.988427 ], [ -75.174247, 39.987562 ], [ -75.175344, 39.982517 ], [ -75.184794, 39.983706 ] ] ] } },
{ "type": "Feature", "properties": { "tract_geoid": "42101015200", "tract_name": "152", "fixed_population": 7116.0, "peak_count": 76, "peak_rate": 35.600524639310471, "recent_count": 45, "recent_rate": 21.079258010118043, "absolute_rate_change": -14.521266629192429, "absolute_count_change": -31, "benchmark_rate_10k": 13.597203178615208, "baseline_percentile": 0.75, "peak_elevated": true, "recent_elevated": true, "transition": "Persistently elevated", "low_population_flag": false, "low_count_flag": false, "zero_population_flag": false, "missing_denominator_flag": false }, "geometry": { "type": "Polygon", "coordinates": [ [ [ -75.175803, 39.988812 ], [ -75.173682, 39.990167 ], [ -75.170273, 39.989738 ], [ -75.168894, 39.98955 ], [ -75.169234, 39.987959 ], [ -75.164184, 39.987311 ], [ -75.165511, 39.981244 ], [ -75.175344, 39.982517 ], [ -75.174247, 39.987562 ], [ -75.174665, 39.988427 ], [ -75.175803, 39.988812 ] ] ] } },
{ "type": "Feature", "properties": { "tract_geoid": "42101015300", "tract_name": "153", "fixed_population": 5923.0, "peak_count": 27, "peak_rate": 15.195002532500423, "recent_count": 16, "recent_rate": 9.0044459451854362, "absolute_rate_change": -6.1905565873149868, "absolute_count_change": -11, "benchmark_rate_10k": 13.597203178615208, "baseline_percentile": 0.75, "peak_elevated": true, "recent_elevated": false, "transition": "Previously elevated", "low_population_flag": false, "low_count_flag": false, "zero_population_flag": false, "missing_denominator_flag": false }, "geometry": { "type": "Polygon", "coordinates": [ [ [ -75.165511, 39.981244 ], [ -75.164184, 39.987311 ], [ -75.156275, 39.986283 ], [ -75.157581, 39.980223 ], [ -75.165511, 39.981244 ] ] ] } },
{ "type": "Feature", "properties": { "tract_geoid": "42101015600", "tract_name": "156", "fixed_population": 1558.0, "peak_count": 6, "peak_rate": 12.836970474967906, "recent_count": 6, "recent_rate": 12.836970474967906, "absolute_rate_change": 0.0, "absolute_count_change": 0, "benchmark_rate_10k": 13.597203178615208, "baseline_percentile": 0.75, "peak_elevated": false, "recent_elevated": false, "transition": "Consistently below", "low_population_flag": false, "low_count_flag": false, "zero_population_flag": false, "missing_denominator_flag": false }, "geometry": { "type": "Polygon", "coordinates": [ [ [ -75.145559, 39.975638 ], [ -75.144169, 39.983092 ], [ -75.138137, 39.982312 ], [ -75.139715, 39.974897 ], [ -75.145559, 39.975638 ] ] ] } },
{ "type": "Feature", "properties": { "tract_geoid": "42101015700", "tract_name": "157", "fixed_population": 2945.0, "peak_count": 5, "peak_rate": 5.6593095642331637, "recent_count": 2, "recent_rate": 2.2637238256932655, "absolute_rate_change": -3.3955857385398982, "absolute_count_change": -3, "benchmark_rate_10k": 13.597203178615208, "baseline_percentile": 0.75, "peak_elevated": false, "recent_elevated": false, "transition": "Consistently below", "low_population_flag": false, "low_count_flag": true, "zero_population_flag": false, "missing_denominator_flag": false }, "geometry": { "type": "Polygon", "coordinates": [ [ [ -75.139715, 39.974897 ], [ -75.138137, 39.982312 ], [ -75.132881, 39.981631 ], [ -75.13319, 39.980134 ], [ -75.130448, 39.978589 ], [ -75.131811, 39.976804 ], [ -75.133374, 39.97409 ], [ -75.139715, 39.974897 ] ] ] } },
{ "type": "Feature", "properties": { "tract_geoid": "42101015800", "tract_name": "158", "fixed_population": 6770.0, "peak_count": 0, "peak_rate": 0.0, "recent_count": 0, "recent_rate": 0.0, "absolute_rate_change": 0.0, "absolute_count_change": 0, "benchmark_rate_10k": 13.597203178615208, "baseline_percentile": 0.75, "peak_elevated": false, "recent_elevated": false, "transition": "Consistently below", "low_population_flag": false, "low_count_flag": true, "zero_population_flag": false, "missing_denominator_flag": false }, "geometry": { "type": "Polygon", "coordinates": [ [ [ -75.134401, 39.972303 ], [ -75.131811, 39.976804 ], [ -75.130448, 39.978589 ], [ -75.125201, 39.975558 ], [ -75.122592, 39.97388 ], [ -75.123489, 39.972651 ], [ -75.134428, 39.968791 ], [ -75.134401, 39.972303 ] ] ] } },
{ "type": "Feature", "properties": { "tract_geoid": "42101016001", "tract_name": "160.01", "fixed_population": 2288.0, "peak_count": 2, "peak_rate": 2.9137529137529139, "recent_count": 5, "recent_rate": 7.2843822843822847, "absolute_rate_change": 4.3706293706293708, "absolute_count_change": 3, "benchmark_rate_10k": 13.597203178615208, "baseline_percentile": 0.75, "peak_elevated": false, "recent_elevated": false, "transition": "Consistently below", "low_population_flag": false, "low_count_flag": true, "zero_population_flag": false, "missing_denominator_flag": false }, "geometry": { "type": "Polygon", "coordinates": [ [ [ -75.126136, 39.976082 ], [ -75.123334, 39.977514 ], [ -75.124193, 39.9785 ], [ -75.122449, 39.979411 ], [ -75.123266, 39.980344 ], [ -75.118522, 39.982825 ], [ -75.117355, 39.981481 ], [ -75.119959, 39.975915 ], [ -75.120992, 39.97547 ], [ -75.122592, 39.97388 ], [ -75.126136, 39.976082 ] ] ] } },
{ "type": "Feature", "properties": { "tract_geoid": "42101016002", "tract_name": "160.02", "fixed_population": 4401.0, "peak_count": 2, "peak_rate": 1.5148072407786111, "recent_count": 3, "recent_rate": 2.2722108611679164, "absolute_rate_change": 0.75740362038930531, "absolute_count_change": 1, "benchmark_rate_10k": 13.597203178615208, "baseline_percentile": 0.75, "peak_elevated": false, "recent_elevated": false, "transition": "Consistently below", "low_population_flag": false, "low_count_flag": true, "zero_population_flag": false, "missing_denominator_flag": false }, "geometry": { "type": "Polygon", "coordinates": [ [ [ -75.130448, 39.978589 ], [ -75.127623, 39.98143 ], [ -75.125062, 39.982373 ], [ -75.120252, 39.984755 ], [ -75.118522, 39.982825 ], [ -75.123266, 39.980344 ], [ -75.122449, 39.979411 ], [ -75.124193, 39.9785 ], [ -75.123334, 39.977514 ], [ -75.126136, 39.976082 ], [ -75.130448, 39.978589 ] ] ] } },
{ "type": "Feature", "properties": { "tract_geoid": "42101016100", "tract_name": "161", "fixed_population": 6769.0, "peak_count": 17, "peak_rate": 8.3714975131727982, "recent_count": 5, "recent_rate": 2.4622051509331757, "absolute_rate_change": -5.9092923622396221, "absolute_count_change": -12, "benchmark_rate_10k": 13.597203178615208, "baseline_percentile": 0.75, "peak_elevated": false, "recent_elevated": false, "transition": "Consistently below", "low_population_flag": false, "low_count_flag": false, "zero_population_flag": false, "missing_denominator_flag": false }, "geometry": { "type": "Polygon", "coordinates": [ [ [ -75.13319, 39.980134 ], [ -75.131907, 39.986306 ], [ -75.125491, 39.989836 ], [ -75.122342, 39.987046 ], [ -75.120252, 39.984755 ], [ -75.125062, 39.982373 ], [ -75.127623, 39.98143 ], [ -75.130448, 39.978589 ], [ -75.13319, 39.980134 ] ] ] } },
{ "type": "Feature", "properties": { "tract_geoid": "42101016200", "tract_name": "162", "fixed_population": 2768.0, "peak_count": 15, "peak_rate": 18.063583815028903, "recent_count": 7, "recent_rate": 8.4296724470134876, "absolute_rate_change": -9.6339113680154149, "absolute_count_change": -8, "benchmark_rate_10k": 13.597203178615208, "baseline_percentile": 0.75, "peak_elevated": true, "recent_elevated": false, "transition": "Previously elevated", "low_population_flag": false, "low_count_flag": false, "zero_population_flag": false, "missing_denominator_flag": false }, "geometry": { "type": "Polygon", "coordinates": [ [ [ -75.145126, 39.986485 ], [ -75.1351, 39.98519 ], [ -75.132208, 39.984741 ], [ -75.132881, 39.981631 ], [ -75.144169, 39.983092 ], [ -75.14405, 39.983721 ], [ -75.144154, 39.984724 ], [ -75.145126, 39.986485 ] ] ] } },
{ "type": "Feature", "properties": { "tract_geoid": "42101016300", "tract_name": "163", "fixed_population": 2726.0, "peak_count": 35, "peak_rate": 42.797750061139638, "recent_count": 22, "recent_rate": 26.901442895573489, "absolute_rate_change": -15.896307165566149, "absolute_count_change": -13, "benchmark_rate_10k": 13.597203178615208, "baseline_percentile": 0.75, "peak_elevated": true, "recent_elevated": true, "transition": "Persistently elevated", "low_population_flag": false, "low_count_flag": false, "zero_population_flag": false, "missing_denominator_flag": false }, "geometry": { "type": "Polygon", "coordinates": [ [ [ -75.139669, 39.985802 ], [ -75.138352, 39.991851 ], [ -75.127031, 39.990386 ], [ -75.125491, 39.989836 ], [ -75.131907, 39.986306 ], [ -75.132208, 39.984741 ], [ -75.139669, 39.985802 ] ] ] } },
{ "type": "Feature", "properties": { "tract_geoid": "42101016400", "tract_name": "164", "fixed_population": 4012.0, "peak_count": 47, "peak_rate": 39.049518112329679, "recent_count": 40, "recent_rate": 33.23363243602526, "absolute_rate_change": -5.8158856763044184, "absolute_count_change": -7, "benchmark_rate_10k": 13.597203178615208, "baseline_percentile": 0.75, "peak_elevated": true, "recent_elevated": true, "transition": "Persistently elevated", "low_population_flag": false, "low_count_flag": false, "zero_population_flag": false, "missing_denominator_flag": false }, "geometry": { "type": "Polygon", "coordinates": [ [ [ -75.147887, 39.993078 ], [ -75.138352, 39.991851 ], [ -75.139669, 39.985802 ], [ -75.145126, 39.986485 ], [ -75.148305, 39.990968 ], [ -75.147887, 39.993078 ] ] ] } },
{ "type": "Feature", "properties": { "tract_geoid": "42101016500", "tract_name": "165", "fixed_population": 1907.0, "peak_count": 41, "peak_rate": 71.665792693585033, "recent_count": 34, "recent_rate": 59.43016955077784, "absolute_rate_change": -12.235623142807192, "absolute_count_change": -7, "benchmark_rate_10k": 13.597203178615208, "baseline_percentile": 0.75, "peak_elevated": true, "recent_elevated": true, "transition": "Persistently elevated", "low_population_flag": false, "low_count_flag": false, "zero_population_flag": false, "missing_denominator_flag": false }, "geometry": { "type": "Polygon", "coordinates": [ [ [ -75.15307, 39.990577 ], [ -75.152389, 39.993659 ], [ -75.147887, 39.993078 ], [ -75.148305, 39.990968 ], [ -75.145126, 39.986485 ], [ -75.144154, 39.984724 ], [ -75.150197, 39.985504 ], [ -75.151815, 39.988886 ], [ -75.152871, 39.990551 ], [ -75.15307, 39.990577 ] ] ] } },
{ "type": "Feature", "properties": { "tract_geoid": "42101016600", "tract_name": "166", "fixed_population": 1802.0, "peak_count": 22, "peak_rate": 40.69552349241583, "recent_count": 6, "recent_rate": 11.098779134295228, "absolute_rate_change": -29.596744358120603, "absolute_count_change": -16, "benchmark_rate_10k": 13.597203178615208, "baseline_percentile": 0.75, "peak_elevated": true, "recent_elevated": false, "transition": "Previously elevated", "low_population_flag": false, "low_count_flag": false, "zero_population_flag": false, "missing_denominator_flag": false }, "geometry": { "type": "Polygon", "coordinates": [ [ [ -75.156275, 39.986283 ], [ -75.154588, 39.993938 ], [ -75.152389, 39.993659 ], [ -75.15307, 39.990577 ], [ -75.152871, 39.990551 ], [ -75.151815, 39.988886 ], [ -75.150197, 39.985504 ], [ -75.156275, 39.986283 ] ] ] } },
{ "type": "Feature", "properties": { "tract_geoid": "42101016701", "tract_name": "167.01", "fixed_population": 3084.0, "peak_count": 58, "peak_rate": 62.689148292261137, "recent_count": 29, "recent_rate": 31.344574146130569, "absolute_rate_change": -31.344574146130569, "absolute_count_change": -29, "benchmark_rate_10k": 13.597203178615208, "baseline_percentile": 0.75, "peak_elevated": true, "recent_elevated": true, "transition": "Persistently elevated", "low_population_flag": false, "low_count_flag": false, "zero_population_flag": false, "missing_denominator_flag": false }, "geometry": { "type": "Polygon", "coordinates": [ [ [ -75.164184, 39.987311 ], [ -75.163184, 39.99189 ], [ -75.163208, 39.993323 ], [ -75.163749, 39.993966 ], [ -75.164094, 39.995169 ], [ -75.159366, 39.994525 ], [ -75.161032, 39.986907 ], [ -75.164184, 39.987311 ] ] ] } },
{ "type": "Feature", "properties": { "tract_geoid": "42101016702", "tract_name": "167.02", "fixed_population": 2539.0, "peak_count": 55, "peak_rate": 72.206905605881587, "recent_count": 34, "recent_rate": 44.636996192726798, "absolute_rate_change": -27.569909413154789, "absolute_count_change": -21, "benchmark_rate_10k": 13.597203178615208, "baseline_percentile": 0.75, "peak_elevated": true, "recent_elevated": true, "transition": "Persistently elevated", "low_population_flag": false, "low_count_flag": false, "zero_population_flag": false, "missing_denominator_flag": false }, "geometry": { "type": "Polygon", "coordinates": [ [ [ -75.161032, 39.986907 ], [ -75.159366, 39.994525 ], [ -75.154588, 39.993938 ], [ -75.156275, 39.986283 ], [ -75.161032, 39.986907 ] ] ] } },
{ "type": "Feature", "properties": { "tract_geoid": "42101016800", "tract_name": "168", "fixed_population": 3280.0, "peak_count": 59, "peak_rate": 59.959349593495936, "recent_count": 22, "recent_rate": 22.357723577235774, "absolute_rate_change": -37.601626016260163, "absolute_count_change": -37, "benchmark_rate_10k": 13.597203178615208, "baseline_percentile": 0.75, "peak_elevated": true, "recent_elevated": true, "transition": "Persistently elevated", "low_population_flag": false, "low_count_flag": false, "zero_population_flag": false, "missing_denominator_flag": false }, "geometry": { "type": "Polygon", "coordinates": [ [ [ -75.173351, 39.991663 ], [ -75.171594, 39.9922 ], [ -75.170767, 39.996036 ], [ -75.164094, 39.995169 ], [ -75.163749, 39.993966 ], [ -75.163208, 39.993323 ], [ -75.163184, 39.99189 ], [ -75.164184, 39.987311 ], [ -75.169234, 39.987959 ], [ -75.168894, 39.98955 ], [ -75.173682, 39.990167 ], [ -75.173351, 39.991663 ] ] ] } },
{ "type": "Feature", "properties": { "tract_geoid": "42101016901", "tract_name": "169.01", "fixed_population": 3549.0, "peak_count": 48, "peak_rate": 45.083122006198927, "recent_count": 36, "recent_rate": 33.812341504649197, "absolute_rate_change": -11.27078050154973, "absolute_count_change": -12, "benchmark_rate_10k": 13.597203178615208, "baseline_percentile": 0.75, "peak_elevated": true, "recent_elevated": true, "transition": "Persistently elevated", "low_population_flag": false, "low_count_flag": false, "zero_population_flag": false, "missing_denominator_flag": false }, "geometry": { "type": "Polygon", "coordinates": [ [ [ -75.180257, 39.989388 ], [ -75.178576, 39.99704 ], [ -75.170767, 39.996036 ], [ -75.171594, 39.9922 ], [ -75.173351, 39.991663 ], [ -75.173682, 39.990167 ], [ -75.175803, 39.988812 ], [ -75.180257, 39.989388 ] ] ] } },
{ "type": "Feature", "properties": { "tract_geoid": "42101016902", "tract_name": "169.02", "fixed_population": 4083.0, "peak_count": 78, "peak_rate": 63.678667646338475, "recent_count": 43, "recent_rate": 35.104906522981466, "absolute_rate_change": -28.573761123357009, "absolute_count_change": -35, "benchmark_rate_10k": 13.597203178615208, "baseline_percentile": 0.75, "peak_elevated": true, "recent_elevated": true, "transition": "Persistently elevated", "low_population_flag": false, "low_count_flag": false, "zero_population_flag": false, "missing_denominator_flag": false }, "geometry": { "type": "Polygon", "coordinates": [ [ [ -75.187604, 39.998195 ], [ -75.178576, 39.99704 ], [ -75.180257, 39.989388 ], [ -75.186713, 39.990215 ], [ -75.186148, 39.992662 ], [ -75.186976, 39.994344 ], [ -75.187555, 39.995829 ], [ -75.187604, 39.998195 ] ] ] } },
{ "type": "Feature", "properties": { "tract_geoid": "42101017000", "tract_name": "170", "fixed_population": 3240.0, "peak_count": 27, "peak_rate": 27.777777777777779, "recent_count": 12, "recent_rate": 12.345679012345679, "absolute_rate_change": -15.4320987654321, "absolute_count_change": -15, "benchmark_rate_10k": 13.597203178615208, "baseline_percentile": 0.75, "peak_elevated": true, "recent_elevated": false, "transition": "Previously elevated", "low_population_flag": false, "low_count_flag": false, "zero_population_flag": false, "missing_denominator_flag": false }, "geometry": { "type": "Polygon", "coordinates": [ [ [ -75.19281, 40.006733 ], [ -75.191539, 40.007767 ], [ -75.190016, 40.008634 ], [ -75.183611, 40.010905 ], [ -75.182239, 40.011676 ], [ -75.178229, 40.014435 ], [ -75.175669, 40.016051 ], [ -75.16914, 40.008832 ], [ -75.170357, 40.008406 ], [ -75.173853, 40.007468 ], [ -75.181141, 40.003697 ], [ -75.183953, 40.002838 ], [ -75.186861, 40.000409 ], [ -75.188447, 40.000272 ], [ -75.191754, 39.999748 ], [ -75.19132, 40.003715 ], [ -75.192101, 40.005995 ], [ -75.19281, 40.006733 ] ] ] } },
{ "type": "Feature", "properties": { "tract_geoid": "42101017100", "tract_name": "171", "fixed_population": 3953.0, "peak_count": 22, "peak_rate": 18.551311240408129, "recent_count": 12, "recent_rate": 10.118897040222615, "absolute_rate_change": -8.432414200185514, "absolute_count_change": -10, "benchmark_rate_10k": 13.597203178615208, "baseline_percentile": 0.75, "peak_elevated": true, "recent_elevated": false, "transition": "Previously elevated", "low_population_flag": false, "low_count_flag": false, "zero_population_flag": false, "missing_denominator_flag": false }, "geometry": { "type": "Polygon", "coordinates": [ [ [ -75.186861, 40.000409 ], [ -75.183953, 40.002838 ], [ -75.181141, 40.003697 ], [ -75.173853, 40.007468 ], [ -75.170357, 40.008406 ], [ -75.16914, 40.008832 ], [ -75.165554, 40.004859 ], [ -75.165896, 40.003269 ], [ -75.169093, 40.003671 ], [ -75.169754, 40.000622 ], [ -75.17452, 40.001218 ], [ -75.180188, 39.997253 ], [ -75.187604, 39.998195 ], [ -75.186861, 40.000409 ] ] ] } },
{ "type": "Feature", "properties": { "tract_geoid": "42101017201", "tract_name": "172.01", "fixed_population": 2837.0, "peak_count": 54, "peak_rate": 63.447303489601694, "recent_count": 30, "recent_rate": 35.248501938667609, "absolute_rate_change": -28.198801550934085, "absolute_count_change": -24, "benchmark_rate_10k": 13.597203178615208, "baseline_percentile": 0.75, "peak_elevated": true, "recent_elevated": true, "transition": "Persistently elevated", "low_population_flag": false, "low_count_flag": false, "zero_population_flag": false, "missing_denominator_flag": false }, "geometry": { "type": "Polygon", "coordinates": [ [ [ -75.171997, 39.997826 ], [ -75.17042, 39.997618 ], [ -75.169093, 40.003671 ], [ -75.165896, 40.003269 ], [ -75.167568, 39.995621 ], [ -75.172355, 39.99624 ], [ -75.171997, 39.997826 ] ] ] } },
{ "type": "Feature", "properties": { "tract_geoid": "42101017202", "tract_name": "172.02", "fixed_population": 4538.0, "peak_count": 67, "peak_rate": 49.214044366093724, "recent_count": 29, "recent_rate": 21.301601292786835, "absolute_rate_change": -27.912443073306889, "absolute_count_change": -38, "benchmark_rate_10k": 13.597203178615208, "baseline_percentile": 0.75, "peak_elevated": true, "recent_elevated": true, "transition": "Persistently elevated", "low_population_flag": false, "low_count_flag": false, "zero_population_flag": false, "missing_denominator_flag": false }, "geometry": { "type": "Polygon", "coordinates": [ [ [ -75.180188, 39.997253 ], [ -75.17452, 40.001218 ], [ -75.169754, 40.000622 ], [ -75.17042, 39.997618 ], [ -75.171997, 39.997826 ], [ -75.172355, 39.99624 ], [ -75.180188, 39.997253 ] ] ] } },
{ "type": "Feature", "properties": { "tract_geoid": "42101017300", "tract_name": "173", "fixed_population": 2788.0, "peak_count": 49, "peak_rate": 58.584409373505501, "recent_count": 28, "recent_rate": 33.476805356288857, "absolute_rate_change": -25.107604017216644, "absolute_count_change": -21, "benchmark_rate_10k": 13.597203178615208, "baseline_percentile": 0.75, "peak_elevated": true, "recent_elevated": true, "transition": "Persistently elevated", "low_population_flag": false, "low_count_flag": false, "zero_population_flag": false, "missing_denominator_flag": false }, "geometry": { "type": "Polygon", "coordinates": [ [ [ -75.167568, 39.995621 ], [ -75.165896, 40.003269 ], [ -75.160843, 40.002634 ], [ -75.160495, 40.004215 ], [ -75.157365, 40.003799 ], [ -75.158314, 39.99918 ], [ -75.153609, 39.998515 ], [ -75.154588, 39.993938 ], [ -75.167568, 39.995621 ] ] ] } },
{ "type": "Feature", "properties": { "tract_geoid": "42101017400", "tract_name": "174", "fixed_population": 2190.0, "peak_count": 44, "peak_rate": 66.971080669710801, "recent_count": 13, "recent_rate": 19.786910197869101, "absolute_rate_change": -47.184170471841696, "absolute_count_change": -31, "benchmark_rate_10k": 13.597203178615208, "baseline_percentile": 0.75, "peak_elevated": true, "recent_elevated": true, "transition": "Persistently elevated", "low_population_flag": false, "low_count_flag": false, "zero_population_flag": false, "missing_denominator_flag": false }, "geometry": { "type": "Polygon", "coordinates": [ [ [ -75.154588, 39.993938 ], [ -75.153782, 39.997718 ], [ -75.147717, 39.999974 ], [ -75.146731, 39.997627 ], [ -75.147887, 39.993078 ], [ -75.154588, 39.993938 ] ] ] } },
{ "type": "Feature", "properties": { "tract_geoid": "42101017500", "tract_name": "175", "fixed_population": 6409.0, "peak_count": 90, "peak_rate": 46.809174598221254, "recent_count": 59, "recent_rate": 30.686014458833931, "absolute_rate_change": -16.123160139387323, "absolute_count_change": -31, "benchmark_rate_10k": 13.597203178615208, "baseline_percentile": 0.75, "peak_elevated": true, "recent_elevated": true, "transition": "Persistently elevated", "low_population_flag": false, "low_count_flag": false, "zero_population_flag": false, "missing_denominator_flag": false }, "geometry": { "type": "Polygon", "coordinates": [ [ [ -75.147887, 39.993078 ], [ -75.146731, 39.997627 ], [ -75.147717, 39.999974 ], [ -75.137669, 40.003645 ], [ -75.140198, 39.992086 ], [ -75.147887, 39.993078 ] ] ] } },
{ "type": "Feature", "properties": { "tract_geoid": "42101017601", "tract_name": "176.01", "fixed_population": 4435.0, "peak_count": 90, "peak_rate": 67.643742953776766, "recent_count": 59, "recent_rate": 44.344231491920326, "absolute_rate_change": -23.29951146185644, "absolute_count_change": -31, "benchmark_rate_10k": 13.597203178615208, "baseline_percentile": 0.75, "peak_elevated": true, "recent_elevated": true, "transition": "Persistently elevated", "low_population_flag": false, "low_count_flag": false, "zero_population_flag": false, "missing_denominator_flag": false }, "geometry": { "type": "Polygon", "coordinates": [ [ [ -75.140198, 39.992086 ], [ -75.138713, 39.998891 ], [ -75.13191, 39.995754 ], [ -75.130122, 39.994573 ], [ -75.126915, 39.991834 ], [ -75.126829, 39.991403 ], [ -75.127031, 39.990386 ], [ -75.140198, 39.992086 ] ] ] } },
{ "type": "Feature", "properties": { "tract_geoid": "42101017602", "tract_name": "176.02", "fixed_population": 3370.0, "peak_count": 101, "peak_rate": 99.901088031651824, "recent_count": 23, "recent_rate": 22.74975272007913, "absolute_rate_change": -77.151335311572694, "absolute_count_change": -78, "benchmark_rate_10k": 13.597203178615208, "baseline_percentile": 0.75, "peak_elevated": true, "recent_elevated": true, "transition": "Persistently elevated", "low_population_flag": false, "low_count_flag": false, "zero_population_flag": false, "missing_denominator_flag": false }, "geometry": { "type": "Polygon", "coordinates": [ [ [ -75.138713, 39.998891 ], [ -75.138524, 39.999743 ], [ -75.12538, 39.998043 ], [ -75.126629, 39.992007 ], [ -75.126915, 39.991834 ], [ -75.130122, 39.994573 ], [ -75.13191, 39.995754 ], [ -75.138713, 39.998891 ] ] ] } },
{ "type": "Feature", "properties": { "tract_geoid": "42101017701", "tract_name": "177.01", "fixed_population": 2883.0, "peak_count": 183, "peak_rate": 211.5851543531044, "recent_count": 48, "recent_rate": 55.49774540409296, "absolute_rate_change": -156.08740894901143, "absolute_count_change": -135, "benchmark_rate_10k": 13.597203178615208, "baseline_percentile": 0.75, "peak_elevated": true, "recent_elevated": true, "transition": "Persistently elevated", "low_population_flag": false, "low_count_flag": false, "zero_population_flag": false, "missing_denominator_flag": false }, "geometry": { "type": "Polygon", "coordinates": [ [ [ -75.12031, 39.992672 ], [ -75.118994, 39.998852 ], [ -75.110983, 39.997801 ], [ -75.113387, 39.996493 ], [ -75.12031, 39.992672 ] ] ] } },
{ "type": "Feature", "properties": { "tract_geoid": "42101017702", "tract_name": "177.02", "fixed_population": 3960.0, "peak_count": 94, "peak_rate": 79.124579124579128, "recent_count": 44, "recent_rate": 37.037037037037038, "absolute_rate_change": -42.08754208754209, "absolute_count_change": -50, "benchmark_rate_10k": 13.597203178615208, "baseline_percentile": 0.75, "peak_elevated": true, "recent_elevated": true, "transition": "Persistently elevated", "low_population_flag": false, "low_count_flag": false, "zero_population_flag": false, "missing_denominator_flag": false }, "geometry": { "type": "Polygon", "coordinates": [ [ [ -75.127031, 39.990386 ], [ -75.126829, 39.991403 ], [ -75.126915, 39.991834 ], [ -75.126629, 39.992007 ], [ -75.125058, 39.999628 ], [ -75.118994, 39.998852 ], [ -75.12031, 39.992672 ], [ -75.125491, 39.989836 ], [ -75.127031, 39.990386 ] ] ] } },
{ "type": "Feature", "properties": { "tract_geoid": "42101017800", "tract_name": "178", "fixed_population": 7039.0, "peak_count": 189, "peak_rate": 89.501349623526082, "recent_count": 70, "recent_rate": 33.148648008713359, "absolute_rate_change": -56.352701614812723, "absolute_count_change": -119, "benchmark_rate_10k": 13.597203178615208, "baseline_percentile": 0.75, "peak_elevated": true, "recent_elevated": true, "transition": "Persistently elevated", "low_population_flag": false, "low_count_flag": false, "zero_population_flag": false, "missing_denominator_flag": false }, "geometry": { "type": "Polygon", "coordinates": [ [ [ -75.125491, 39.989836 ], [ -75.113387, 39.996493 ], [ -75.109528, 39.992123 ], [ -75.113665, 39.990278 ], [ -75.120138, 39.986877 ], [ -75.121438, 39.987859 ], [ -75.122342, 39.987046 ], [ -75.125491, 39.989836 ] ] ] } },
{ "type": "Feature", "properties": { "tract_geoid": "42101017900", "tract_name": "179", "fixed_population": 5382.0, "peak_count": 33, "peak_rate": 20.438498699368264, "recent_count": 15, "recent_rate": 9.2902266815310295, "absolute_rate_change": -11.148272017837234, "absolute_count_change": -18, "benchmark_rate_10k": 13.597203178615208, "baseline_percentile": 0.75, "peak_elevated": true, "recent_elevated": false, "transition": "Previously elevated", "low_population_flag": false, "low_count_flag": false, "zero_population_flag": false, "missing_denominator_flag": false }, "geometry": { "type": "Polygon", "coordinates": [ [ [ -75.122342, 39.987046 ], [ -75.121438, 39.987859 ], [ -75.120138, 39.986877 ], [ -75.113665, 39.990278 ], [ -75.109528, 39.992123 ], [ -75.105915, 39.988037 ], [ -75.115251, 39.983157 ], [ -75.115605, 39.983551 ], [ -75.117355, 39.981481 ], [ -75.122342, 39.987046 ] ] ] } },
{ "type": "Feature", "properties": { "tract_geoid": "42101018001", "tract_name": "180.01", "fixed_population": 2257.0, "peak_count": 1, "peak_rate": 1.4768867227883622, "recent_count": 1, "recent_rate": 1.4768867227883622, "absolute_rate_change": 0.0, "absolute_count_change": 0, "benchmark_rate_10k": 13.597203178615208, "baseline_percentile": 0.75, "peak_elevated": false, "recent_elevated": false, "transition": "Consistently below", "low_population_flag": false, "low_count_flag": true, "zero_population_flag": false, "missing_denominator_flag": false }, "geometry": { "type": "Polygon", "coordinates": [ [ [ -75.117355, 39.981481 ], [ -75.115605, 39.983551 ], [ -75.115251, 39.983157 ], [ -75.111221, 39.985268 ], [ -75.108828, 39.981673 ], [ -75.110525, 39.980787 ], [ -75.108971, 39.979021 ], [ -75.113227, 39.976803 ], [ -75.117355, 39.981481 ] ] ] } },
{ "type": "Feature", "properties": { "tract_geoid": "42101018002", "tract_name": "180.02", "fixed_population": 5073.0, "peak_count": 6, "peak_rate": 3.9424403705893951, "recent_count": 6, "recent_rate": 3.9424403705893951, "absolute_rate_change": 0.0, "absolute_count_change": 0, "benchmark_rate_10k": 13.597203178615208, "baseline_percentile": 0.75, "peak_elevated": false, "recent_elevated": false, "transition": "Consistently below", "low_population_flag": false, "low_count_flag": false, "zero_population_flag": false, "missing_denominator_flag": false }, "geometry": { "type": "Polygon", "coordinates": [ [ [ -75.111221, 39.985268 ], [ -75.105915, 39.988037 ], [ -75.101439, 39.982974 ], [ -75.108971, 39.979021 ], [ -75.110525, 39.980787 ], [ -75.108828, 39.981673 ], [ -75.111221, 39.985268 ] ] ] } },
{ "type": "Feature", "properties": { "tract_geoid": "42101018300", "tract_name": "183", "fixed_population": 4282.0, "peak_count": 2, "peak_rate": 1.5569048731122528, "recent_count": 2, "recent_rate": 1.5569048731122528, "absolute_rate_change": 0.0, "absolute_count_change": 0, "benchmark_rate_10k": 13.597203178615208, "baseline_percentile": 0.75, "peak_elevated": false, "recent_elevated": false, "transition": "Consistently below", "low_population_flag": false, "low_count_flag": true, "zero_population_flag": false, "missing_denominator_flag": false }, "geometry": { "type": "Polygon", "coordinates": [ [ [ -75.08637, 39.998895 ], [ -75.079781, 40.002337 ], [ -75.075687, 40.005553 ], [ -75.075414, 40.004559 ], [ -75.073149, 40.001517 ], [ -75.071231, 40.002512 ], [ -75.065458, 39.99498 ], [ -75.066162, 39.993819 ], [ -75.066765, 39.99318 ], [ -75.068812, 39.991988 ], [ -75.072258, 39.990202 ], [ -75.069431, 39.986496 ], [ -75.065392750766705, 39.985030323502492 ], [ -75.067664096638595, 39.983171324838906 ], [ -75.070716, 39.985097 ], [ -75.078288, 39.990945 ], [ -75.083346, 39.99641 ], [ -75.08637, 39.998895 ] ] ] } },
{ "type": "Feature", "properties": { "tract_geoid": "42101018400", "tract_name": "184", "fixed_population": 2210.0, "peak_count": 1, "peak_rate": 1.5082956259426847, "recent_count": 0, "recent_rate": 0.0, "absolute_rate_change": -1.5082956259426847, "absolute_count_change": -1, "benchmark_rate_10k": 13.597203178615208, "baseline_percentile": 0.75, "peak_elevated": false, "recent_elevated": false, "transition": "Consistently below", "low_population_flag": false, "low_count_flag": true, "zero_population_flag": false, "missing_denominator_flag": false }, "geometry": { "type": "Polygon", "coordinates": [ [ [ -75.075687, 40.005553 ], [ -75.072487, 40.008123 ], [ -75.068938, 40.008779 ], [ -75.068625, 40.007644 ], [ -75.067696, 40.005333 ], [ -75.062126, 40.006643 ], [ -75.058226, 40.005412 ], [ -75.058457, 40.004988 ], [ -75.053723885964402, 40.004080276035715 ], [ -75.058089, 39.997404 ], [ -75.059647, 39.992145 ], [ -75.064175, 39.986027 ], [ -75.065392750766705, 39.985030323502492 ], [ -75.069431, 39.986496 ], [ -75.072258, 39.990202 ], [ -75.068812, 39.991988 ], [ -75.066765, 39.99318 ], [ -75.066162, 39.993819 ], [ -75.065458, 39.99498 ], [ -75.071231, 40.002512 ], [ -75.073149, 40.001517 ], [ -75.075414, 40.004559 ], [ -75.075687, 40.005553 ] ] ] } },
{ "type": "Feature", "properties": { "tract_geoid": "42101018801", "tract_name": "188.01", "fixed_population": 3099.0, "peak_count": 52, "peak_rate": 55.93202108206949, "recent_count": 17, "recent_rate": 18.285468430676563, "absolute_rate_change": -37.646552651392923, "absolute_count_change": -35, "benchmark_rate_10k": 13.597203178615208, "baseline_percentile": 0.75, "peak_elevated": true, "recent_elevated": true, "transition": "Persistently elevated", "low_population_flag": false, "low_count_flag": false, "zero_population_flag": false, "missing_denominator_flag": false }, "geometry": { "type": "Polygon", "coordinates": [ [ [ -75.113387, 39.996493 ], [ -75.106442, 40.000322 ], [ -75.102674, 39.996008 ], [ -75.109709, 39.992334 ], [ -75.113387, 39.996493 ] ] ] } },
{ "type": "Feature", "properties": { "tract_geoid": "42101018802", "tract_name": "188.02", "fixed_population": 3440.0, "peak_count": 44, "peak_rate": 42.63565891472868, "recent_count": 11, "recent_rate": 10.65891472868217, "absolute_rate_change": -31.97674418604651, "absolute_count_change": -33, "benchmark_rate_10k": 13.597203178615208, "baseline_percentile": 0.75, "peak_elevated": true, "recent_elevated": false, "transition": "Previously elevated", "low_population_flag": false, "low_count_flag": false, "zero_population_flag": false, "missing_denominator_flag": false }, "geometry": { "type": "Polygon", "coordinates": [ [ [ -75.106442, 40.000322 ], [ -75.104197, 40.001525 ], [ -75.100085, 40.000977 ], [ -75.097949, 39.998496 ], [ -75.102674, 39.996008 ], [ -75.106442, 40.000322 ] ] ] } },
{ "type": "Feature", "properties": { "tract_geoid": "42101019000", "tract_name": "190", "fixed_population": 7426.0, "peak_count": 40, "peak_rate": 17.954933117874138, "recent_count": 14, "recent_rate": 6.2842265912559467, "absolute_rate_change": -11.67070652661819, "absolute_count_change": -26, "benchmark_rate_10k": 13.597203178615208, "baseline_percentile": 0.75, "peak_elevated": true, "recent_elevated": false, "transition": "Previously elevated", "low_population_flag": false, "low_count_flag": false, "zero_population_flag": false, "missing_denominator_flag": false }, "geometry": { "type": "Polygon", "coordinates": [ [ [ -75.103797, 40.003134 ], [ -75.101557, 40.013878 ], [ -75.097431, 40.013325 ], [ -75.097055, 40.015202 ], [ -75.097041, 40.01595 ], [ -75.095823, 40.01575 ], [ -75.0944, 40.014785 ], [ -75.093531, 40.013395 ], [ -75.094363, 40.011383 ], [ -75.095092, 40.010259 ], [ -75.094819, 40.009406 ], [ -75.092574, 40.007932 ], [ -75.101811, 40.002863 ], [ -75.103797, 40.003134 ] ] ] } },
{ "type": "Feature", "properties": { "tract_geoid": "42101019100", "tract_name": "191", "fixed_population": 8704.0, "peak_count": 19, "peak_rate": 7.2763480392156863, "recent_count": 13, "recent_rate": 4.9785539215686274, "absolute_rate_change": -2.2977941176470589, "absolute_count_change": -6, "benchmark_rate_10k": 13.597203178615208, "baseline_percentile": 0.75, "peak_elevated": false, "recent_elevated": false, "transition": "Consistently below", "low_population_flag": false, "low_count_flag": false, "zero_population_flag": false, "missing_denominator_flag": false }, "geometry": { "type": "Polygon", "coordinates": [ [ [ -75.113986, 40.00356 ], [ -75.11136, 40.015867 ], [ -75.107599, 40.016489 ], [ -75.107152, 40.016728 ], [ -75.10517, 40.016224 ], [ -75.10257, 40.015964 ], [ -75.100126, 40.016133 ], [ -75.098803, 40.016345 ], [ -75.097041, 40.01595 ], [ -75.097055, 40.015202 ], [ -75.097431, 40.013325 ], [ -75.101557, 40.013878 ], [ -75.103797, 40.003134 ], [ -75.101811, 40.002863 ], [ -75.104197, 40.001525 ], [ -75.110017, 40.002282 ], [ -75.109864, 40.003027 ], [ -75.113986, 40.00356 ] ] ] } },
{ "type": "Feature", "properties": { "tract_geoid": "42101019200", "tract_name": "192", "fixed_population": 7885.0, "peak_count": 50, "peak_rate": 21.137180300147957, "recent_count": 33, "recent_rate": 13.950538998097654, "absolute_rate_change": -7.1866413020503028, "absolute_count_change": -17, "benchmark_rate_10k": 13.597203178615208, "baseline_percentile": 0.75, "peak_elevated": true, "recent_elevated": true, "transition": "Persistently elevated", "low_population_flag": false, "low_count_flag": false, "zero_population_flag": false, "missing_denominator_flag": false }, "geometry": { "type": "Polygon", "coordinates": [ [ [ -75.125058, 39.999628 ], [ -75.12441, 40.002634 ], [ -75.11902, 40.001961 ], [ -75.11629, 40.002141 ], [ -75.11609, 40.003067 ], [ -75.114161, 40.002811 ], [ -75.113986, 40.00356 ], [ -75.109864, 40.003027 ], [ -75.110017, 40.002282 ], [ -75.104197, 40.001525 ], [ -75.110983, 39.997801 ], [ -75.125058, 39.999628 ] ] ] } },
{ "type": "Feature", "properties": { "tract_geoid": "42101019501", "tract_name": "195.01", "fixed_population": 4539.0, "peak_count": 42, "peak_rate": 30.843798193434676, "recent_count": 29, "recent_rate": 21.296908276419181, "absolute_rate_change": -9.5468899170154948, "absolute_count_change": -13, "benchmark_rate_10k": 13.597203178615208, "baseline_percentile": 0.75, "peak_elevated": true, "recent_elevated": true, "transition": "Persistently elevated", "low_population_flag": false, "low_count_flag": false, "zero_population_flag": false, "missing_denominator_flag": false }, "geometry": { "type": "Polygon", "coordinates": [ [ [ -75.137847, 40.002799 ], [ -75.124732, 40.001124 ], [ -75.12538, 39.998043 ], [ -75.138524, 39.999743 ], [ -75.137847, 40.002799 ] ] ] } },
{ "type": "Feature", "properties": { "tract_geoid": "42101019502", "tract_name": "195.02", "fixed_population": 3856.0, "peak_count": 29, "peak_rate": 25.069156293222687, "recent_count": 11, "recent_rate": 9.5089903181189488, "absolute_rate_change": -15.560165975103738, "absolute_count_change": -18, "benchmark_rate_10k": 13.597203178615208, "baseline_percentile": 0.75, "peak_elevated": true, "recent_elevated": false, "transition": "Previously elevated", "low_population_flag": false, "low_count_flag": false, "zero_population_flag": false, "missing_denominator_flag": false }, "geometry": { "type": "Polygon", "coordinates": [ [ [ -75.137669, 40.003645 ], [ -75.134351, 40.00486 ], [ -75.131937, 40.005156 ], [ -75.127863, 40.005057 ], [ -75.123949, 40.004814 ], [ -75.124732, 40.001124 ], [ -75.137847, 40.002799 ], [ -75.137669, 40.003645 ] ] ] } },
{ "type": "Feature", "properties": { "tract_geoid": "42101019700", "tract_name": "197", "fixed_population": 7050.0, "peak_count": 50, "peak_rate": 23.640661938534279, "recent_count": 23, "recent_rate": 10.874704491725769, "absolute_rate_change": -12.76595744680851, "absolute_count_change": -27, "benchmark_rate_10k": 13.597203178615208, "baseline_percentile": 0.75, "peak_elevated": true, "recent_elevated": false, "transition": "Previously elevated", "low_population_flag": false, "low_count_flag": false, "zero_population_flag": false, "missing_denominator_flag": false }, "geometry": { "type": "Polygon", "coordinates": [ [ [ -75.141745, 40.012939 ], [ -75.140105, 40.02039 ], [ -75.13674, 40.019958 ], [ -75.135818, 40.020645 ], [ -75.135434, 40.019782 ], [ -75.134194, 40.019619 ], [ -75.135858, 40.011982 ], [ -75.141252, 40.012685 ], [ -75.141745, 40.012939 ] ] ] } },
{ "type": "Feature", "properties": { "tract_geoid": "42101019800", "tract_name": "198", "fixed_population": 5494.0, "peak_count": 55, "peak_rate": 33.369736682441449, "recent_count": 29, "recent_rate": 17.594952068923675, "absolute_rate_change": -15.774784613517774, "absolute_count_change": -26, "benchmark_rate_10k": 13.597203178615208, "baseline_percentile": 0.75, "peak_elevated": true, "recent_elevated": true, "transition": "Persistently elevated", "low_population_flag": false, "low_count_flag": false, "zero_population_flag": false, "missing_denominator_flag": false }, "geometry": { "type": "Polygon", "coordinates": [ [ [ -75.147325, 40.010382 ], [ -75.147212, 40.014965 ], [ -75.146473, 40.014862 ], [ -75.141252, 40.012685 ], [ -75.135858, 40.011982 ], [ -75.136858, 40.007394 ], [ -75.147603, 40.008779 ], [ -75.147325, 40.010382 ] ] ] } },
{ "type": "Feature", "properties": { "tract_geoid": "42101019900", "tract_name": "199", "fixed_population": 4168.0, "peak_count": 58, "peak_rate": 46.385156749840057, "recent_count": 45, "recent_rate": 35.988483685220729, "absolute_rate_change": -10.396673064619328, "absolute_count_change": -13, "benchmark_rate_10k": 13.597203178615208, "baseline_percentile": 0.75, "peak_elevated": true, "recent_elevated": true, "transition": "Persistently elevated", "low_population_flag": false, "low_count_flag": false, "zero_population_flag": false, "missing_denominator_flag": false }, "geometry": { "type": "Polygon", "coordinates": [ [ [ -75.148644, 40.004202 ], [ -75.147603, 40.008779 ], [ -75.136858, 40.007394 ], [ -75.137669, 40.003645 ], [ -75.147717, 39.999974 ], [ -75.148817, 40.002698 ], [ -75.148644, 40.004202 ] ] ] } },
{ "type": "Feature", "properties": { "tract_geoid": "42101020000", "tract_name": "200", "fixed_population": 1436.0, "peak_count": 44, "peak_rate": 102.1355617455896, "recent_count": 37, "recent_rate": 85.886722376973069, "absolute_rate_change": -16.24883936861653, "absolute_count_change": -7, "benchmark_rate_10k": 13.597203178615208, "baseline_percentile": 0.75, "peak_elevated": true, "recent_elevated": true, "transition": "Persistently elevated", "low_population_flag": false, "low_count_flag": false, "zero_population_flag": false, "missing_denominator_flag": false }, "geometry": { "type": "Polygon", "coordinates": [ [ [ -75.153782, 39.997718 ], [ -75.152549, 40.003181 ], [ -75.151067, 40.010036 ], [ -75.148817, 40.002698 ], [ -75.147717, 39.999974 ], [ -75.153782, 39.997718 ] ] ] } },
{ "type": "Feature", "properties": { "tract_geoid": "42101020101", "tract_name": "201.01", "fixed_population": 4311.0, "peak_count": 38, "peak_rate": 29.382200572179695, "recent_count": 12, "recent_rate": 9.278589654372535, "absolute_rate_change": -20.10361091780716, "absolute_count_change": -26, "benchmark_rate_10k": 13.597203178615208, "baseline_percentile": 0.75, "peak_elevated": true, "recent_elevated": false, "transition": "Previously elevated", "low_population_flag": false, "low_count_flag": false, "zero_population_flag": false, "missing_denominator_flag": false }, "geometry": { "type": "Polygon", "coordinates": [ [ [ -75.158106, 40.007736 ], [ -75.156538, 40.007527 ], [ -75.156376, 40.008284 ], [ -75.151603, 40.007665 ], [ -75.153609, 39.998515 ], [ -75.158314, 39.99918 ], [ -75.157365, 40.003799 ], [ -75.158926, 40.004009 ], [ -75.158106, 40.007736 ] ] ] } },
{ "type": "Feature", "properties": { "tract_geoid": "42101020102", "tract_name": "201.02", "fixed_population": 3491.0, "peak_count": 32, "peak_rate": 30.554759858684235, "recent_count": 21, "recent_rate": 20.051561157261531, "absolute_rate_change": -10.503198701422704, "absolute_count_change": -11, "benchmark_rate_10k": 13.597203178615208, "baseline_percentile": 0.75, "peak_elevated": true, "recent_elevated": true, "transition": "Persistently elevated", "low_population_flag": false, "low_count_flag": false, "zero_population_flag": false, "missing_denominator_flag": false }, "geometry": { "type": "Polygon", "coordinates": [ [ [ -75.158106, 40.007736 ], [ -75.156652, 40.014618 ], [ -75.153849, 40.015891 ], [ -75.152431, 40.01321 ], [ -75.151067, 40.010036 ], [ -75.151603, 40.007665 ], [ -75.156376, 40.008284 ], [ -75.156538, 40.007527 ], [ -75.158106, 40.007736 ] ] ] } },
{ "type": "Feature", "properties": { "tract_geoid": "42101020200", "tract_name": "202", "fixed_population": 3672.0, "peak_count": 45, "peak_rate": 40.849673202614383, "recent_count": 18, "recent_rate": 16.33986928104575, "absolute_rate_change": -24.509803921568633, "absolute_count_change": -27, "benchmark_rate_10k": 13.597203178615208, "baseline_percentile": 0.75, "peak_elevated": true, "recent_elevated": true, "transition": "Persistently elevated", "low_population_flag": false, "low_count_flag": false, "zero_population_flag": false, "missing_denominator_flag": false }, "geometry": { "type": "Polygon", "coordinates": [ [ [ -75.16914, 40.008832 ], [ -75.167945, 40.009378 ], [ -75.156652, 40.014618 ], [ -75.158926, 40.004009 ], [ -75.160495, 40.004215 ], [ -75.160843, 40.002634 ], [ -75.165896, 40.003269 ], [ -75.165554, 40.004859 ], [ -75.16914, 40.008832 ] ] ] } },
{ "type": "Feature", "properties": { "tract_geoid": "42101020300", "tract_name": "203", "fixed_population": 2675.0, "peak_count": 80, "peak_rate": 99.688473520249232, "recent_count": 29, "recent_rate": 36.137071651090345, "absolute_rate_change": -63.551401869158887, "absolute_count_change": -51, "benchmark_rate_10k": 13.597203178615208, "baseline_percentile": 0.75, "peak_elevated": true, "recent_elevated": true, "transition": "Persistently elevated", "low_population_flag": false, "low_count_flag": false, "zero_population_flag": false, "missing_denominator_flag": false }, "geometry": { "type": "Polygon", "coordinates": [ [ [ -75.153849, 40.015891 ], [ -75.147143, 40.01901 ], [ -75.147325, 40.010382 ], [ -75.148644, 40.004202 ], [ -75.148817, 40.002698 ], [ -75.151067, 40.010036 ], [ -75.152431, 40.01321 ], [ -75.153849, 40.015891 ] ] ] } },
{ "type": "Feature", "properties": { "tract_geoid": "42101020400", "tract_name": "204", "fixed_population": 4083.0, "peak_count": 50, "peak_rate": 40.819658747652873, "recent_count": 20, "recent_rate": 16.327863499061149, "absolute_rate_change": -24.491795248591725, "absolute_count_change": -30, "benchmark_rate_10k": 13.597203178615208, "baseline_percentile": 0.75, "peak_elevated": true, "recent_elevated": true, "transition": "Persistently elevated", "low_population_flag": false, "low_count_flag": false, "zero_population_flag": false, "missing_denominator_flag": false }, "geometry": { "type": "Polygon", "coordinates": [ [ [ -75.159035, 40.0228 ], [ -75.14711, 40.02128 ], [ -75.147143, 40.01901 ], [ -75.153849, 40.015891 ], [ -75.155692, 40.019078 ], [ -75.158022, 40.02154 ], [ -75.159035, 40.0228 ] ] ] } },
{ "type": "Feature", "properties": { "tract_geoid": "42101020500", "tract_name": "205", "fixed_population": 3689.0, "peak_count": 25, "peak_rate": 22.589681033703805, "recent_count": 14, "recent_rate": 12.65022137887413, "absolute_rate_change": -9.9394596548296743, "absolute_count_change": -11, "benchmark_rate_10k": 13.597203178615208, "baseline_percentile": 0.75, "peak_elevated": true, "recent_elevated": false, "transition": "Previously elevated", "low_population_flag": false, "low_count_flag": false, "zero_population_flag": false, "missing_denominator_flag": false }, "geometry": { "type": "Polygon", "coordinates": [ [ [ -75.174037, 40.016962 ], [ -75.172342, 40.017604 ], [ -75.166005, 40.01862 ], [ -75.163758, 40.019234 ], [ -75.162782, 40.020368 ], [ -75.162462, 40.021954 ], [ -75.159551, 40.023925 ], [ -75.159035, 40.0228 ], [ -75.158022, 40.02154 ], [ -75.155692, 40.019078 ], [ -75.153849, 40.015891 ], [ -75.16914, 40.008832 ], [ -75.175669, 40.016051 ], [ -75.174037, 40.016962 ] ] ] } },
{ "type": "Feature", "properties": { "tract_geoid": "42101020600", "tract_name": "206", "fixed_population": 1972.0, "peak_count": 3, "peak_rate": 5.0709939148073024, "recent_count": 0, "recent_rate": 0.0, "absolute_rate_change": -5.0709939148073024, "absolute_count_change": -3, "benchmark_rate_10k": 13.597203178615208, "baseline_percentile": 0.75, "peak_elevated": false, "recent_elevated": false, "transition": "Consistently below", "low_population_flag": false, "low_count_flag": true, "zero_population_flag": false, "missing_denominator_flag": false }, "geometry": { "type": "Polygon", "coordinates": [ [ [ -75.192405, 40.020495 ], [ -75.190007, 40.022524 ], [ -75.181668, 40.025657 ], [ -75.172342, 40.017604 ], [ -75.174037, 40.016962 ], [ -75.175669, 40.016051 ], [ -75.178229, 40.014435 ], [ -75.182239, 40.011676 ], [ -75.189197, 40.01771 ], [ -75.190034, 40.018727 ], [ -75.191707, 40.019869 ], [ -75.192405, 40.020495 ] ] ] } },
{ "type": "Feature", "properties": { "tract_geoid": "42101020701", "tract_name": "207.01", "fixed_population": 4252.0, "peak_count": 5, "peak_rate": 3.9197240514267797, "recent_count": 3, "recent_rate": 2.3518344308560679, "absolute_rate_change": -1.5678896205707118, "absolute_count_change": -2, "benchmark_rate_10k": 13.597203178615208, "baseline_percentile": 0.75, "peak_elevated": false, "recent_elevated": false, "transition": "Consistently below", "low_population_flag": false, "low_count_flag": true, "zero_population_flag": false, "missing_denominator_flag": false }, "geometry": { "type": "Polygon", "coordinates": [ [ [ -75.196304, 40.009823 ], [ -75.194364, 40.012039 ], [ -75.192879, 40.01162 ], [ -75.191874, 40.014201 ], [ -75.189997, 40.01551 ], [ -75.189835, 40.015752 ], [ -75.188382, 40.016986 ], [ -75.182239, 40.011676 ], [ -75.183611, 40.010905 ], [ -75.190016, 40.008634 ], [ -75.191539, 40.007767 ], [ -75.19281, 40.006733 ], [ -75.197451, 40.008315 ], [ -75.196304, 40.009823 ] ] ] } },
{ "type": "Feature", "properties": { "tract_geoid": "42101020702", "tract_name": "207.02", "fixed_population": 2353.0, "peak_count": 0, "peak_rate": 0.0, "recent_count": 2, "recent_rate": 2.8332625017707889, "absolute_rate_change": 2.8332625017707889, "absolute_count_change": 2, "benchmark_rate_10k": 13.597203178615208, "baseline_percentile": 0.75, "peak_elevated": false, "recent_elevated": false, "transition": "Consistently below", "low_population_flag": false, "low_count_flag": true, "zero_population_flag": false, "missing_denominator_flag": false }, "geometry": { "type": "Polygon", "coordinates": [ [ [ -75.207599, 40.012719 ], [ -75.206139, 40.014753 ], [ -75.201086, 40.012929 ], [ -75.192405, 40.020495 ], [ -75.191707, 40.019869 ], [ -75.190034, 40.018727 ], [ -75.189197, 40.01771 ], [ -75.188382, 40.016986 ], [ -75.189835, 40.015752 ], [ -75.189997, 40.01551 ], [ -75.191874, 40.014201 ], [ -75.192879, 40.01162 ], [ -75.194364, 40.012039 ], [ -75.196304, 40.009823 ], [ -75.197451, 40.008315 ], [ -75.203107, 40.010138 ], [ -75.207599, 40.012719 ] ] ] } },
{ "type": "Feature", "properties": { "tract_geoid": "42101020800", "tract_name": "208", "fixed_population": 2646.0, "peak_count": 1, "peak_rate": 1.2597631645250693, "recent_count": 0, "recent_rate": 0.0, "absolute_rate_change": -1.2597631645250693, "absolute_count_change": -1, "benchmark_rate_10k": 13.597203178615208, "baseline_percentile": 0.75, "peak_elevated": false, "recent_elevated": false, "transition": "Consistently below", "low_population_flag": false, "low_count_flag": true, "zero_population_flag": false, "missing_denominator_flag": false }, "geometry": { "type": "Polygon", "coordinates": [ [ [ -75.205848, 40.015281 ], [ -75.202422, 40.015804 ], [ -75.201269, 40.017189 ], [ -75.199854, 40.01937 ], [ -75.195011, 40.023198 ], [ -75.193308, 40.024091 ], [ -75.193231, 40.024996 ], [ -75.187462, 40.0285 ], [ -75.185463, 40.028875 ], [ -75.181668, 40.025657 ], [ -75.190296, 40.022355 ], [ -75.201086, 40.012929 ], [ -75.206139, 40.014753 ], [ -75.205848, 40.015281 ] ] ] } },
{ "type": "Feature", "properties": { "tract_geoid": "42101020900", "tract_name": "209", "fixed_population": 2973.0, "peak_count": 1, "peak_rate": 1.1212019284673169, "recent_count": 0, "recent_rate": 0.0, "absolute_rate_change": -1.1212019284673169, "absolute_count_change": -1, "benchmark_rate_10k": 13.597203178615208, "baseline_percentile": 0.75, "peak_elevated": false, "recent_elevated": false, "transition": "Consistently below", "low_population_flag": false, "low_count_flag": true, "zero_population_flag": false, "missing_denominator_flag": false }, "geometry": { "type": "Polygon", "coordinates": [ [ [ -75.214841, 40.020594 ], [ -75.213266, 40.021301 ], [ -75.21208, 40.020675 ], [ -75.209213, 40.021899 ], [ -75.208035, 40.023114 ], [ -75.207732, 40.023783 ], [ -75.207501, 40.023328 ], [ -75.207595, 40.019536 ], [ -75.204057, 40.020213 ], [ -75.203422, 40.018763 ], [ -75.203749, 40.016658 ], [ -75.205622, 40.017107 ], [ -75.207178, 40.016553 ], [ -75.20714, 40.015646 ], [ -75.206903, 40.014958 ], [ -75.207524, 40.01331 ], [ -75.208008, 40.012997 ], [ -75.212219, 40.015461 ], [ -75.214752, 40.017784 ], [ -75.213, 40.018652 ], [ -75.213929, 40.019851 ], [ -75.214841, 40.020594 ] ] ] } },
{ "type": "Feature", "properties": { "tract_geoid": "42101021000", "tract_name": "210", "fixed_population": 4645.0, "peak_count": 6, "peak_rate": 4.3057050592034445, "recent_count": 1, "recent_rate": 0.71761750986724082, "absolute_rate_change": -3.5880875493362039, "absolute_count_change": -5, "benchmark_rate_10k": 13.597203178615208, "baseline_percentile": 0.75, "peak_elevated": false, "recent_elevated": false, "transition": "Consistently below", "low_population_flag": false, "low_count_flag": true, "zero_population_flag": false, "missing_denominator_flag": false }, "geometry": { "type": "Polygon", "coordinates": [ [ [ -75.222251, 40.025715 ], [ -75.221027, 40.026228 ], [ -75.219699, 40.02614 ], [ -75.218841, 40.0266 ], [ -75.211308, 40.02997 ], [ -75.210588, 40.02903 ], [ -75.207732, 40.023783 ], [ -75.208035, 40.023114 ], [ -75.209213, 40.021899 ], [ -75.21208, 40.020675 ], [ -75.213266, 40.021301 ], [ -75.214841, 40.020594 ], [ -75.213929, 40.019851 ], [ -75.213, 40.018652 ], [ -75.214752, 40.017784 ], [ -75.216347, 40.019478 ], [ -75.218056, 40.020943 ], [ -75.219583, 40.021713 ], [ -75.222153, 40.022614 ], [ -75.223694, 40.023712 ], [ -75.222251, 40.025715 ] ] ] } },
{ "type": "Feature", "properties": { "tract_geoid": "42101021100", "tract_name": "211", "fixed_population": 2542.0, "peak_count": 1, "peak_rate": 1.3113034356150013, "recent_count": 1, "recent_rate": 1.3113034356150013, "absolute_rate_change": 0.0, "absolute_count_change": 0, "benchmark_rate_10k": 13.597203178615208, "baseline_percentile": 0.75, "peak_elevated": false, "recent_elevated": false, "transition": "Consistently below", "low_population_flag": false, "low_count_flag": true, "zero_population_flag": false, "missing_denominator_flag": false }, "geometry": { "type": "Polygon", "coordinates": [ [ [ -75.211308, 40.02997 ], [ -75.205569, 40.032514 ], [ -75.204813, 40.031513 ], [ -75.203407, 40.029561 ], [ -75.205616, 40.028661 ], [ -75.204006, 40.026441 ], [ -75.20323, 40.025839 ], [ -75.202496, 40.025609 ], [ -75.202549, 40.025447 ], [ -75.201854, 40.025293 ], [ -75.202985, 40.024602 ], [ -75.204057, 40.020213 ], [ -75.207595, 40.019536 ], [ -75.207501, 40.023328 ], [ -75.210588, 40.02903 ], [ -75.211308, 40.02997 ] ] ] } },
{ "type": "Feature", "properties": { "tract_geoid": "42101021200", "tract_name": "212", "fixed_population": 2939.0, "peak_count": 1, "peak_rate": 1.1341726210729273, "recent_count": 0, "recent_rate": 0.0, "absolute_rate_change": -1.1341726210729273, "absolute_count_change": -1, "benchmark_rate_10k": 13.597203178615208, "baseline_percentile": 0.75, "peak_elevated": false, "recent_elevated": false, "transition": "Consistently below", "low_population_flag": false, "low_count_flag": true, "zero_population_flag": false, "missing_denominator_flag": false }, "geometry": { "type": "Polygon", "coordinates": [ [ [ -75.218759, 40.036654 ], [ -75.213026, 40.039412 ], [ -75.211536, 40.038405 ], [ -75.210014, 40.037085 ], [ -75.208938, 40.035221 ], [ -75.208278, 40.033762 ], [ -75.207715, 40.031573 ], [ -75.211308, 40.02997 ], [ -75.215175, 40.033445 ], [ -75.217382, 40.035584 ], [ -75.218759, 40.036654 ] ] ] } },
{ "type": "Feature", "properties": { "tract_geoid": "42101021300", "tract_name": "213", "fixed_population": 3305.0, "peak_count": 0, "peak_rate": 0.0, "recent_count": 0, "recent_rate": 0.0, "absolute_rate_change": 0.0, "absolute_count_change": 0, "benchmark_rate_10k": 13.597203178615208, "baseline_percentile": 0.75, "peak_elevated": false, "recent_elevated": false, "transition": "Consistently below", "low_population_flag": false, "low_count_flag": true, "zero_population_flag": false, "missing_denominator_flag": false }, "geometry": { "type": "Polygon", "coordinates": [ [ [ -75.225849, 40.033506 ], [ -75.218759, 40.036654 ], [ -75.217382, 40.035584 ], [ -75.215175, 40.033445 ], [ -75.211308, 40.02997 ], [ -75.216632, 40.027602 ], [ -75.222391, 40.033052 ], [ -75.224657, 40.031899 ], [ -75.225849, 40.033506 ] ] ] } },
{ "type": "Feature", "properties": { "tract_geoid": "42101021400", "tract_name": "214", "fixed_population": 3570.0, "peak_count": 1, "peak_rate": 0.93370681605975714, "recent_count": 2, "recent_rate": 1.8674136321195143, "absolute_rate_change": 0.93370681605975714, "absolute_count_change": 1, "benchmark_rate_10k": 13.597203178615208, "baseline_percentile": 0.75, "peak_elevated": false, "recent_elevated": false, "transition": "Consistently below", "low_population_flag": false, "low_count_flag": true, "zero_population_flag": false, "missing_denominator_flag": false }, "geometry": { "type": "Polygon", "coordinates": [ [ [ -75.231381, 40.028615 ], [ -75.228765, 40.029792 ], [ -75.222391, 40.033052 ], [ -75.216632, 40.027602 ], [ -75.219699, 40.02614 ], [ -75.221027, 40.026228 ], [ -75.222251, 40.025715 ], [ -75.223694, 40.023712 ], [ -75.232094, 40.027994 ], [ -75.231381, 40.028615 ] ] ] } },
{ "type": "Feature", "properties": { "tract_geoid": "42101021500", "tract_name": "215", "fixed_population": 3897.0, "peak_count": 7, "peak_rate": 5.987511761183816, "recent_count": 1, "recent_rate": 0.85535882302625954, "absolute_rate_change": -5.1321529381575566, "absolute_count_change": -6, "benchmark_rate_10k": 13.597203178615208, "baseline_percentile": 0.75, "peak_elevated": false, "recent_elevated": false, "transition": "Consistently below", "low_population_flag": false, "low_count_flag": true, "zero_population_flag": false, "missing_denominator_flag": false }, "geometry": { "type": "Polygon", "coordinates": [ [ [ -75.235297, 40.03454 ], [ -75.226267, 40.042401 ], [ -75.225234, 40.041319 ], [ -75.222808, 40.038112 ], [ -75.222052, 40.037775 ], [ -75.218759, 40.036654 ], [ -75.225849, 40.033506 ], [ -75.224657, 40.031899 ], [ -75.228765, 40.029792 ], [ -75.231381, 40.028615 ], [ -75.232094, 40.027994 ], [ -75.23484, 40.030075 ], [ -75.233394, 40.031906 ], [ -75.235297, 40.03454 ] ] ] } },
{ "type": "Feature", "properties": { "tract_geoid": "42101021600", "tract_name": "216", "fixed_population": 2493.0, "peak_count": 0, "peak_rate": 0.0, "recent_count": 0, "recent_rate": 0.0, "absolute_rate_change": 0.0, "absolute_count_change": 0, "benchmark_rate_10k": 13.597203178615208, "baseline_percentile": 0.75, "peak_elevated": false, "recent_elevated": false, "transition": "Consistently below", "low_population_flag": false, "low_count_flag": true, "zero_population_flag": false, "missing_denominator_flag": false }, "geometry": { "type": "Polygon", "coordinates": [ [ [ -75.250373, 40.0444 ], [ -75.246742, 40.048517 ], [ -75.245728, 40.049257 ], [ -75.244974, 40.047166 ], [ -75.244871, 40.045819 ], [ -75.243483, 40.045379 ], [ -75.235419, 40.048775 ], [ -75.234796, 40.047584 ], [ -75.232935, 40.04593 ], [ -75.23204, 40.045328 ], [ -75.22853, 40.04386 ], [ -75.226267, 40.042401 ], [ -75.229779, 40.039443 ], [ -75.235297, 40.03454 ], [ -75.233394, 40.031906 ], [ -75.23484, 40.030075 ], [ -75.238494, 40.032392 ], [ -75.241493, 40.035141 ], [ -75.245598, 40.037655 ], [ -75.249039, 40.041848 ], [ -75.251298, 40.043505 ], [ -75.250373, 40.0444 ] ] ] } },
{ "type": "Feature", "properties": { "tract_geoid": "42101021700", "tract_name": "217", "fixed_population": 6235.0, "peak_count": 2, "peak_rate": 1.0692328254477412, "recent_count": 1, "recent_rate": 0.53461641272387062, "absolute_rate_change": -0.53461641272387062, "absolute_count_change": -1, "benchmark_rate_10k": 13.597203178615208, "baseline_percentile": 0.75, "peak_elevated": false, "recent_elevated": false, "transition": "Consistently below", "low_population_flag": false, "low_count_flag": true, "zero_population_flag": false, "missing_denominator_flag": false }, "geometry": { "type": "Polygon", "coordinates": [ [ [ -75.235419, 40.048775 ], [ -75.227161, 40.052534 ], [ -75.21977, 40.049098 ], [ -75.218194, 40.047966 ], [ -75.217842, 40.04608 ], [ -75.217846, 40.044343 ], [ -75.217556, 40.043271 ], [ -75.216923, 40.042249 ], [ -75.215056, 40.040768 ], [ -75.213026, 40.039412 ], [ -75.218759, 40.036654 ], [ -75.222052, 40.037775 ], [ -75.222808, 40.038112 ], [ -75.225234, 40.041319 ], [ -75.226267, 40.042401 ], [ -75.22853, 40.04386 ], [ -75.23204, 40.045328 ], [ -75.232935, 40.04593 ], [ -75.234796, 40.047584 ], [ -75.235419, 40.048775 ] ] ] } },
{ "type": "Feature", "properties": { "tract_geoid": "42101021800", "tract_name": "218", "fixed_population": 4946.0, "peak_count": 1, "peak_rate": 0.67394527564361772, "recent_count": 1, "recent_rate": 0.67394527564361772, "absolute_rate_change": 0.0, "absolute_count_change": 0, "benchmark_rate_10k": 13.597203178615208, "baseline_percentile": 0.75, "peak_elevated": false, "recent_elevated": false, "transition": "Consistently below", "low_population_flag": false, "low_count_flag": true, "zero_population_flag": false, "missing_denominator_flag": false }, "geometry": { "type": "Polygon", "coordinates": [ [ [ -75.238182, 40.059771 ], [ -75.231724, 40.064099 ], [ -75.232439, 40.064739 ], [ -75.230082, 40.0663 ], [ -75.229354, 40.0657 ], [ -75.227925, 40.063987 ], [ -75.228446, 40.06254 ], [ -75.226882, 40.061813 ], [ -75.228493, 40.060331 ], [ -75.229675, 40.059776 ], [ -75.227325, 40.056645 ], [ -75.232003, 40.054395 ], [ -75.230978, 40.053587 ], [ -75.227161, 40.052534 ], [ -75.235419, 40.048775 ], [ -75.236301, 40.051037 ], [ -75.236234, 40.052739 ], [ -75.235917, 40.055079 ], [ -75.236042, 40.056711 ], [ -75.236386, 40.057398 ], [ -75.238182, 40.059771 ] ] ] } },
{ "type": "Feature", "properties": { "tract_geoid": "42101021900", "tract_name": "219", "fixed_population": 1553.0, "peak_count": 0, "peak_rate": 0.0, "recent_count": 1, "recent_rate": 2.1463833440652502, "absolute_rate_change": 2.1463833440652502, "absolute_count_change": 1, "benchmark_rate_10k": 13.597203178615208, "baseline_percentile": 0.75, "peak_elevated": false, "recent_elevated": false, "transition": "Consistently below", "low_population_flag": false, "low_count_flag": true, "zero_population_flag": false, "missing_denominator_flag": false }, "geometry": { "type": "Polygon", "coordinates": [ [ [ -75.254539, 40.047588 ], [ -75.253734, 40.047377 ], [ -75.254062, 40.048719 ], [ -75.238182, 40.059771 ], [ -75.236386, 40.057398 ], [ -75.236042, 40.056711 ], [ -75.235917, 40.055079 ], [ -75.236234, 40.052739 ], [ -75.236301, 40.051037 ], [ -75.235419, 40.048775 ], [ -75.243483, 40.045379 ], [ -75.244871, 40.045819 ], [ -75.244974, 40.047166 ], [ -75.245728, 40.049257 ], [ -75.246742, 40.048517 ], [ -75.250373, 40.0444 ], [ -75.251298, 40.043505 ], [ -75.254226, 40.045689 ], [ -75.254678, 40.045924 ], [ -75.254539, 40.047588 ] ] ] } },
{ "type": "Feature", "properties": { "tract_geoid": "42101022000", "tract_name": "220", "fixed_population": 1425.0, "peak_count": 0, "peak_rate": 0.0, "recent_count": 0, "recent_rate": 0.0, "absolute_rate_change": 0.0, "absolute_count_change": 0, "benchmark_rate_10k": 13.597203178615208, "baseline_percentile": 0.75, "peak_elevated": false, "recent_elevated": false, "transition": "Consistently below", "low_population_flag": false, "low_count_flag": true, "zero_population_flag": false, "missing_denominator_flag": false }, "geometry": { "type": "Polygon", "coordinates": [ [ [ -75.264431, 40.054094 ], [ -75.256286, 40.061081 ], [ -75.252209, 40.065278 ], [ -75.243288, 40.073494 ], [ -75.242047, 40.071949 ], [ -75.241075, 40.070395 ], [ -75.240321, 40.068383 ], [ -75.239696, 40.063998 ], [ -75.23885, 40.060815 ], [ -75.238182, 40.059771 ], [ -75.254062, 40.048719 ], [ -75.253734, 40.047377 ], [ -75.254539, 40.047588 ], [ -75.254678, 40.045924 ], [ -75.257655, 40.047611 ], [ -75.264431, 40.054094 ] ] ] } },
{ "type": "Feature", "properties": { "tract_geoid": "42101023100", "tract_name": "231", "fixed_population": 1606.0, "peak_count": 0, "peak_rate": 0.0, "recent_count": 0, "recent_rate": 0.0, "absolute_rate_change": 0.0, "absolute_count_change": 0, "benchmark_rate_10k": 13.597203178615208, "baseline_percentile": 0.75, "peak_elevated": false, "recent_elevated": false, "transition": "Consistently below", "low_population_flag": false, "low_count_flag": true, "zero_population_flag": false, "missing_denominator_flag": false }, "geometry": { "type": "Polygon", "coordinates": [ [ [ -75.209573, 40.066375 ], [ -75.205815, 40.070106 ], [ -75.204166, 40.069595 ], [ -75.204218, 40.071632 ], [ -75.202651, 40.073212 ], [ -75.20079, 40.070707 ], [ -75.198673, 40.068575 ], [ -75.196741, 40.067365 ], [ -75.196385, 40.066623 ], [ -75.198854, 40.064389 ], [ -75.200444, 40.063526 ], [ -75.201204, 40.063956 ], [ -75.202475, 40.06265 ], [ -75.202545, 40.059884 ], [ -75.20714, 40.062139 ], [ -75.204744, 40.064538 ], [ -75.20615, 40.065376 ], [ -75.206782, 40.064755 ], [ -75.209573, 40.066375 ] ] ] } },
{ "type": "Feature", "properties": { "tract_geoid": "42101023500", "tract_name": "235", "fixed_population": 1053.0, "peak_count": 1, "peak_rate": 3.1655587211142766, "recent_count": 0, "recent_rate": 0.0, "absolute_rate_change": -3.1655587211142766, "absolute_count_change": -1, "benchmark_rate_10k": 13.597203178615208, "baseline_percentile": 0.75, "peak_elevated": false, "recent_elevated": false, "transition": "Consistently below", "low_population_flag": false, "low_count_flag": true, "zero_population_flag": false, "missing_denominator_flag": false }, "geometry": { "type": "Polygon", "coordinates": [ [ [ -75.209969, 40.047081 ], [ -75.207679, 40.047496 ], [ -75.206632, 40.047417 ], [ -75.207005, 40.047063 ], [ -75.189063, 40.031905 ], [ -75.190565, 40.031178 ], [ -75.197121, 40.033375 ], [ -75.197674, 40.034404 ], [ -75.198586, 40.037217 ], [ -75.19961, 40.036824 ], [ -75.202846, 40.039503 ], [ -75.203164, 40.037635 ], [ -75.205546, 40.039057 ], [ -75.205944, 40.040667 ], [ -75.205047, 40.043123 ], [ -75.207016, 40.0416 ], [ -75.208173, 40.04199 ], [ -75.20994, 40.044636 ], [ -75.209969, 40.047081 ] ] ] } },
{ "type": "Feature", "properties": { "tract_geoid": "42101023600", "tract_name": "236", "fixed_population": 2571.0, "peak_count": 0, "peak_rate": 0.0, "recent_count": 0, "recent_rate": 0.0, "absolute_rate_change": 0.0, "absolute_count_change": 0, "benchmark_rate_10k": 13.597203178615208, "baseline_percentile": 0.75, "peak_elevated": false, "recent_elevated": false, "transition": "Consistently below", "low_population_flag": false, "low_count_flag": true, "zero_population_flag": false, "missing_denominator_flag": false }, "geometry": { "type": "Polygon", "coordinates": [ [ [ -75.200784, 40.043528 ], [ -75.198988, 40.045271 ], [ -75.199409, 40.046469 ], [ -75.196511, 40.049188 ], [ -75.194491, 40.051466 ], [ -75.194083, 40.051633 ], [ -75.194411, 40.050637 ], [ -75.192123, 40.047679 ], [ -75.192346, 40.046309 ], [ -75.193091, 40.04459 ], [ -75.187315, 40.040929 ], [ -75.193127, 40.035381 ], [ -75.201433, 40.042404 ], [ -75.200784, 40.043528 ] ] ] } },
{ "type": "Feature", "properties": { "tract_geoid": "42101023700", "tract_name": "237", "fixed_population": 5298.0, "peak_count": 5, "peak_rate": 3.1458411979363281, "recent_count": 2, "recent_rate": 1.2583364791745311, "absolute_rate_change": -1.887504718761797, "absolute_count_change": -3, "benchmark_rate_10k": 13.597203178615208, "baseline_percentile": 0.75, "peak_elevated": false, "recent_elevated": false, "transition": "Consistently below", "low_population_flag": false, "low_count_flag": true, "zero_population_flag": false, "missing_denominator_flag": false }, "geometry": { "type": "Polygon", "coordinates": [ [ [ -75.194083, 40.051633 ], [ -75.19326, 40.053057 ], [ -75.193951, 40.054358 ], [ -75.192966, 40.055267 ], [ -75.191752, 40.054604 ], [ -75.188077, 40.056898 ], [ -75.182203, 40.045894 ], [ -75.187315, 40.040929 ], [ -75.193091, 40.04459 ], [ -75.192346, 40.046309 ], [ -75.192123, 40.047679 ], [ -75.194411, 40.050637 ], [ -75.194083, 40.051633 ] ] ] } },
{ "type": "Feature", "properties": { "tract_geoid": "42101023800", "tract_name": "238", "fixed_population": 6036.0, "peak_count": 2, "peak_rate": 1.1044842058758559, "recent_count": 5, "recent_rate": 2.76121051468964, "absolute_rate_change": 1.656726308813784, "absolute_count_change": 3, "benchmark_rate_10k": 13.597203178615208, "baseline_percentile": 0.75, "peak_elevated": false, "recent_elevated": false, "transition": "Consistently below", "low_population_flag": false, "low_count_flag": true, "zero_population_flag": false, "missing_denominator_flag": false }, "geometry": { "type": "Polygon", "coordinates": [ [ [ -75.188797, 40.03948 ], [ -75.182203, 40.045894 ], [ -75.180884, 40.043246 ], [ -75.176428, 40.037794 ], [ -75.181235, 40.033097 ], [ -75.188396, 40.037255 ], [ -75.187922, 40.037547 ], [ -75.188797, 40.03948 ] ] ] } },
{ "type": "Feature", "properties": { "tract_geoid": "42101023900", "tract_name": "239", "fixed_population": 1965.0, "peak_count": 0, "peak_rate": 0.0, "recent_count": 0, "recent_rate": 0.0, "absolute_rate_change": 0.0, "absolute_count_change": 0, "benchmark_rate_10k": 13.597203178615208, "baseline_percentile": 0.75, "peak_elevated": false, "recent_elevated": false, "transition": "Consistently below", "low_population_flag": false, "low_count_flag": true, "zero_population_flag": false, "missing_denominator_flag": false }, "geometry": { "type": "Polygon", "coordinates": [ [ [ -75.193127, 40.035381 ], [ -75.188797, 40.03948 ], [ -75.187922, 40.037547 ], [ -75.188396, 40.037255 ], [ -75.181235, 40.033097 ], [ -75.183731, 40.030637 ], [ -75.186194, 40.029468 ], [ -75.193127, 40.035381 ] ] ] } },
{ "type": "Feature", "properties": { "tract_geoid": "42101024000", "tract_name": "240", "fixed_population": 3619.0, "peak_count": 17, "peak_rate": 15.658100764483743, "recent_count": 6, "recent_rate": 5.5263885051119095, "absolute_rate_change": -10.131712259371835, "absolute_count_change": -11, "benchmark_rate_10k": 13.597203178615208, "baseline_percentile": 0.75, "peak_elevated": true, "recent_elevated": false, "transition": "Previously elevated", "low_population_flag": false, "low_count_flag": false, "zero_population_flag": false, "missing_denominator_flag": false }, "geometry": { "type": "Polygon", "coordinates": [ [ [ -75.186194, 40.029468 ], [ -75.183731, 40.030637 ], [ -75.181235, 40.033097 ], [ -75.173611, 40.028691 ], [ -75.175115, 40.027255 ], [ -75.174043, 40.026588 ], [ -75.178141, 40.022595 ], [ -75.186194, 40.029468 ] ] ] } },
{ "type": "Feature", "properties": { "tract_geoid": "42101024100", "tract_name": "241", "fixed_population": 1488.0, "peak_count": 12, "peak_rate": 26.881720430107528, "recent_count": 5, "recent_rate": 11.200716845878135, "absolute_rate_change": -15.681003584229392, "absolute_count_change": -7, "benchmark_rate_10k": 13.597203178615208, "baseline_percentile": 0.75, "peak_elevated": true, "recent_elevated": false, "transition": "Previously elevated", "low_population_flag": false, "low_count_flag": false, "zero_population_flag": false, "missing_denominator_flag": false }, "geometry": { "type": "Polygon", "coordinates": [ [ [ -75.181235, 40.033097 ], [ -75.176428, 40.037794 ], [ -75.175208, 40.036232 ], [ -75.173951, 40.035193 ], [ -75.17061, 40.033131 ], [ -75.174572, 40.029244 ], [ -75.181235, 40.033097 ] ] ] } },
{ "type": "Feature", "properties": { "tract_geoid": "42101024200", "tract_name": "242", "fixed_population": 5367.0, "peak_count": 37, "peak_rate": 22.979939134215268, "recent_count": 11, "recent_rate": 6.8318737966585923, "absolute_rate_change": -16.148065337556677, "absolute_count_change": -26, "benchmark_rate_10k": 13.597203178615208, "baseline_percentile": 0.75, "peak_elevated": true, "recent_elevated": false, "transition": "Previously elevated", "low_population_flag": false, "low_count_flag": false, "zero_population_flag": false, "missing_denominator_flag": false }, "geometry": { "type": "Polygon", "coordinates": [ [ [ -75.175115, 40.027255 ], [ -75.173611, 40.028691 ], [ -75.174572, 40.029244 ], [ -75.17061, 40.033131 ], [ -75.163749, 40.029255 ], [ -75.169124, 40.023865 ], [ -75.175115, 40.027255 ] ] ] } },
{ "type": "Feature", "properties": { "tract_geoid": "42101024300", "tract_name": "243", "fixed_population": 4295.0, "peak_count": 8, "peak_rate": 6.2087698874660457, "recent_count": 5, "recent_rate": 3.8804811796662784, "absolute_rate_change": -2.3282887077997674, "absolute_count_change": -3, "benchmark_rate_10k": 13.597203178615208, "baseline_percentile": 0.75, "peak_elevated": false, "recent_elevated": false, "transition": "Consistently below", "low_population_flag": false, "low_count_flag": false, "zero_population_flag": false, "missing_denominator_flag": false }, "geometry": { "type": "Polygon", "coordinates": [ [ [ -75.178141, 40.022595 ], [ -75.174043, 40.026588 ], [ -75.162782, 40.020368 ], [ -75.163758, 40.019234 ], [ -75.166005, 40.01862 ], [ -75.172342, 40.017604 ], [ -75.178141, 40.022595 ] ] ] } },
{ "type": "Feature", "properties": { "tract_geoid": "42101024400", "tract_name": "244", "fixed_population": 3007.0, "peak_count": 33, "peak_rate": 36.581310276022613, "recent_count": 10, "recent_rate": 11.085245538188671, "absolute_rate_change": -25.49606473783394, "absolute_count_change": -23, "benchmark_rate_10k": 13.597203178615208, "baseline_percentile": 0.75, "peak_elevated": true, "recent_elevated": false, "transition": "Previously elevated", "low_population_flag": false, "low_count_flag": false, "zero_population_flag": false, "missing_denominator_flag": false }, "geometry": { "type": "Polygon", "coordinates": [ [ [ -75.169124, 40.023865 ], [ -75.163749, 40.029255 ], [ -75.162125, 40.028245 ], [ -75.160983, 40.027253 ], [ -75.160053, 40.026023 ], [ -75.159551, 40.023925 ], [ -75.162462, 40.021954 ], [ -75.162782, 40.020368 ], [ -75.169124, 40.023865 ] ] ] } },
{ "type": "Feature", "properties": { "tract_geoid": "42101024500", "tract_name": "245", "fixed_population": 5065.0, "peak_count": 37, "peak_rate": 24.350115169463642, "recent_count": 17, "recent_rate": 11.187890753537348, "absolute_rate_change": -13.162224415926294, "absolute_count_change": -20, "benchmark_rate_10k": 13.597203178615208, "baseline_percentile": 0.75, "peak_elevated": true, "recent_elevated": false, "transition": "Previously elevated", "low_population_flag": false, "low_count_flag": false, "zero_population_flag": false, "missing_denominator_flag": false }, "geometry": { "type": "Polygon", "coordinates": [ [ [ -75.169211, 40.032314 ], [ -75.165747, 40.035702 ], [ -75.164809, 40.036452 ], [ -75.16325, 40.037253 ], [ -75.162077, 40.038163 ], [ -75.158341, 40.042021 ], [ -75.158373, 40.036685 ], [ -75.158834, 40.035884 ], [ -75.159601, 40.035137 ], [ -75.15764, 40.033206 ], [ -75.158124, 40.030825 ], [ -75.159033, 40.030316 ], [ -75.159551, 40.023925 ], [ -75.160053, 40.026023 ], [ -75.160983, 40.027253 ], [ -75.162125, 40.028245 ], [ -75.164949, 40.029945 ], [ -75.169211, 40.032314 ] ] ] } },
{ "type": "Feature", "properties": { "tract_geoid": "42101024600", "tract_name": "246", "fixed_population": 2302.0, "peak_count": 13, "peak_rate": 18.824210831161309, "recent_count": 11, "recent_rate": 15.92817839559803, "absolute_rate_change": -2.8960324355632796, "absolute_count_change": -2, "benchmark_rate_10k": 13.597203178615208, "baseline_percentile": 0.75, "peak_elevated": true, "recent_elevated": true, "transition": "Persistently elevated", "low_population_flag": false, "low_count_flag": false, "zero_population_flag": false, "missing_denominator_flag": false }, "geometry": { "type": "Polygon", "coordinates": [ [ [ -75.177757, 40.039401 ], [ -75.170725, 40.046151 ], [ -75.170134, 40.044919 ], [ -75.169492, 40.044531 ], [ -75.169595, 40.043457 ], [ -75.170855, 40.040445 ], [ -75.172027, 40.039141 ], [ -75.172136, 40.038358 ], [ -75.171368, 40.037315 ], [ -75.170377, 40.036921 ], [ -75.164809, 40.036452 ], [ -75.165747, 40.035702 ], [ -75.169211, 40.032314 ], [ -75.173724, 40.035012 ], [ -75.174724, 40.03582 ], [ -75.175208, 40.036232 ], [ -75.177757, 40.039401 ] ] ] } },
{ "type": "Feature", "properties": { "tract_geoid": "42101024700", "tract_name": "247", "fixed_population": 5143.0, "peak_count": 45, "peak_rate": 29.165856503986003, "recent_count": 14, "recent_rate": 9.073822023462311, "absolute_rate_change": -20.092034480523694, "absolute_count_change": -31, "benchmark_rate_10k": 13.597203178615208, "baseline_percentile": 0.75, "peak_elevated": true, "recent_elevated": false, "transition": "Previously elevated", "low_population_flag": false, "low_count_flag": false, "zero_population_flag": false, "missing_denominator_flag": false }, "geometry": { "type": "Polygon", "coordinates": [ [ [ -75.172027, 40.039141 ], [ -75.170855, 40.040445 ], [ -75.169595, 40.043457 ], [ -75.169492, 40.044531 ], [ -75.167207, 40.043149 ], [ -75.161656, 40.048559 ], [ -75.158132, 40.046418 ], [ -75.158341, 40.042021 ], [ -75.162077, 40.038163 ], [ -75.16325, 40.037253 ], [ -75.16405, 40.036816 ], [ -75.164809, 40.036452 ], [ -75.170377, 40.036921 ], [ -75.171368, 40.037315 ], [ -75.172136, 40.038358 ], [ -75.172027, 40.039141 ] ] ] } },
{ "type": "Feature", "properties": { "tract_geoid": "42101024800", "tract_name": "248", "fixed_population": 2268.0, "peak_count": 18, "peak_rate": 26.455026455026452, "recent_count": 3, "recent_rate": 4.409171075837742, "absolute_rate_change": -22.045855379188708, "absolute_count_change": -15, "benchmark_rate_10k": 13.597203178615208, "baseline_percentile": 0.75, "peak_elevated": true, "recent_elevated": false, "transition": "Previously elevated", "low_population_flag": false, "low_count_flag": true, "zero_population_flag": false, "missing_denominator_flag": false }, "geometry": { "type": "Polygon", "coordinates": [ [ [ -75.171755, 40.048359 ], [ -75.170884, 40.049199 ], [ -75.167701, 40.047245 ], [ -75.164529, 40.050306 ], [ -75.161656, 40.048559 ], [ -75.167207, 40.043149 ], [ -75.170134, 40.044919 ], [ -75.171755, 40.048359 ] ] ] } },
{ "type": "Feature", "properties": { "tract_geoid": "42101024900", "tract_name": "249", "fixed_population": 3476.0, "peak_count": 34, "peak_rate": 32.604526275412354, "recent_count": 11, "recent_rate": 10.548523206751055, "absolute_rate_change": -22.056003068661298, "absolute_count_change": -23, "benchmark_rate_10k": 13.597203178615208, "baseline_percentile": 0.75, "peak_elevated": true, "recent_elevated": false, "transition": "Previously elevated", "low_population_flag": false, "low_count_flag": false, "zero_population_flag": false, "missing_denominator_flag": false }, "geometry": { "type": "Polygon", "coordinates": [ [ [ -75.164529, 40.050306 ], [ -75.158889, 40.055768 ], [ -75.157557, 40.055034 ], [ -75.158132, 40.046418 ], [ -75.164529, 40.050306 ] ] ] } },
{ "type": "Feature", "properties": { "tract_geoid": "42101025200", "tract_name": "252", "fixed_population": 7464.0, "peak_count": 29, "peak_rate": 12.951053947838513, "recent_count": 9, "recent_rate": 4.019292604501608, "absolute_rate_change": -8.9317613433369054, "absolute_count_change": -20, "benchmark_rate_10k": 13.597203178615208, "baseline_percentile": 0.75, "peak_elevated": false, "recent_elevated": false, "transition": "Consistently below", "low_population_flag": false, "low_count_flag": false, "zero_population_flag": false, "missing_denominator_flag": false }, "geometry": { "type": "Polygon", "coordinates": [ [ [ -75.183398, 40.048254 ], [ -75.177983, 40.05356 ], [ -75.17326, 40.050667 ], [ -75.172182, 40.04926 ], [ -75.170725, 40.046151 ], [ -75.177757, 40.039401 ], [ -75.180884, 40.043246 ], [ -75.183398, 40.048254 ] ] ] } },
{ "type": "Feature", "properties": { "tract_geoid": "42101025300", "tract_name": "253", "fixed_population": 4055.0, "peak_count": 16, "peak_rate": 13.152486642005753, "recent_count": 8, "recent_rate": 6.5762433210028766, "absolute_rate_change": -6.5762433210028766, "absolute_count_change": -8, "benchmark_rate_10k": 13.597203178615208, "baseline_percentile": 0.75, "peak_elevated": false, "recent_elevated": false, "transition": "Consistently below", "low_population_flag": false, "low_count_flag": false, "zero_population_flag": false, "missing_denominator_flag": false }, "geometry": { "type": "Polygon", "coordinates": [ [ [ -75.187306, 40.055484 ], [ -75.183366, 40.05922 ], [ -75.175743, 40.054577 ], [ -75.177193, 40.05308 ], [ -75.177983, 40.05356 ], [ -75.183398, 40.048254 ], [ -75.187306, 40.055484 ] ] ] } },
{ "type": "Feature", "properties": { "tract_geoid": "42101025400", "tract_name": "254", "fixed_population": 4053.0, "peak_count": 4, "peak_rate": 3.2897442223867093, "recent_count": 1, "recent_rate": 0.82243605559667732, "absolute_rate_change": -2.4673081667900321, "absolute_count_change": -3, "benchmark_rate_10k": 13.597203178615208, "baseline_percentile": 0.75, "peak_elevated": false, "recent_elevated": false, "transition": "Consistently below", "low_population_flag": false, "low_count_flag": true, "zero_population_flag": false, "missing_denominator_flag": false }, "geometry": { "type": "Polygon", "coordinates": [ [ [ -75.183366, 40.05922 ], [ -75.176526, 40.065896 ], [ -75.168641, 40.061373 ], [ -75.173579, 40.056546 ], [ -75.174759, 40.057282 ], [ -75.175203, 40.056773 ], [ -75.175743, 40.054577 ], [ -75.183366, 40.05922 ] ] ] } },
{ "type": "Feature", "properties": { "tract_geoid": "42101025500", "tract_name": "255", "fixed_population": 2688.0, "peak_count": 4, "peak_rate": 4.9603174603174605, "recent_count": 1, "recent_rate": 1.2400793650793651, "absolute_rate_change": -3.7202380952380953, "absolute_count_change": -3, "benchmark_rate_10k": 13.597203178615208, "baseline_percentile": 0.75, "peak_elevated": false, "recent_elevated": false, "transition": "Consistently below", "low_population_flag": false, "low_count_flag": true, "zero_population_flag": false, "missing_denominator_flag": false }, "geometry": { "type": "Polygon", "coordinates": [ [ [ -75.191054, 40.060176 ], [ -75.181751, 40.068902 ], [ -75.176526, 40.065896 ], [ -75.187306, 40.055484 ], [ -75.188077, 40.056898 ], [ -75.191054, 40.060176 ] ] ] } },
{ "type": "Feature", "properties": { "tract_geoid": "42101025600", "tract_name": "256", "fixed_population": 2812.0, "peak_count": 1, "peak_rate": 1.1853959222380275, "recent_count": 0, "recent_rate": 0.0, "absolute_rate_change": -1.1853959222380275, "absolute_count_change": -1, "benchmark_rate_10k": 13.597203178615208, "baseline_percentile": 0.75, "peak_elevated": false, "recent_elevated": false, "transition": "Consistently below", "low_population_flag": false, "low_count_flag": true, "zero_population_flag": false, "missing_denominator_flag": false }, "geometry": { "type": "Polygon", "coordinates": [ [ [ -75.196385, 40.066623 ], [ -75.193222, 40.06909 ], [ -75.190626, 40.071989 ], [ -75.189203, 40.073174 ], [ -75.181751, 40.068902 ], [ -75.191054, 40.060176 ], [ -75.192891, 40.062662 ], [ -75.195726, 40.065177 ], [ -75.196385, 40.066623 ] ] ] } },
{ "type": "Feature", "properties": { "tract_geoid": "42101025700", "tract_name": "257", "fixed_population": 3475.0, "peak_count": 1, "peak_rate": 0.95923261390887282, "recent_count": 1, "recent_rate": 0.95923261390887282, "absolute_rate_change": 0.0, "absolute_count_change": 0, "benchmark_rate_10k": 13.597203178615208, "baseline_percentile": 0.75, "peak_elevated": false, "recent_elevated": false, "transition": "Consistently below", "low_population_flag": false, "low_count_flag": true, "zero_population_flag": false, "missing_denominator_flag": false }, "geometry": { "type": "Polygon", "coordinates": [ [ [ -75.200878, 40.074958 ], [ -75.199496, 40.07547 ], [ -75.199379, 40.075781 ], [ -75.197601, 40.077991 ], [ -75.189203, 40.073174 ], [ -75.190626, 40.071989 ], [ -75.193222, 40.06909 ], [ -75.196385, 40.066623 ], [ -75.196741, 40.067365 ], [ -75.198673, 40.068575 ], [ -75.20079, 40.070707 ], [ -75.202651, 40.073212 ], [ -75.200878, 40.074958 ] ] ] } },
{ "type": "Feature", "properties": { "tract_geoid": "42101025800", "tract_name": "258", "fixed_population": 1701.0, "peak_count": 1, "peak_rate": 1.9596315892612188, "recent_count": 0, "recent_rate": 0.0, "absolute_rate_change": -1.9596315892612188, "absolute_count_change": -1, "benchmark_rate_10k": 13.597203178615208, "baseline_percentile": 0.75, "peak_elevated": false, "recent_elevated": false, "transition": "Consistently below", "low_population_flag": false, "low_count_flag": true, "zero_population_flag": false, "missing_denominator_flag": false }, "geometry": { "type": "Polygon", "coordinates": [ [ [ -75.188461, 40.07275 ], [ -75.182053, 40.079102 ], [ -75.176841, 40.07598 ], [ -75.178027, 40.074065 ], [ -75.179448, 40.071261 ], [ -75.181751, 40.068902 ], [ -75.188461, 40.07275 ] ] ] } },
{ "type": "Feature", "properties": { "tract_geoid": "42101025900", "tract_name": "259", "fixed_population": 4618.0, "peak_count": 3, "peak_rate": 2.1654395842355996, "recent_count": 1, "recent_rate": 0.72181319474519989, "absolute_rate_change": -1.4436263894903996, "absolute_count_change": -2, "benchmark_rate_10k": 13.597203178615208, "baseline_percentile": 0.75, "peak_elevated": false, "recent_elevated": false, "transition": "Consistently below", "low_population_flag": false, "low_count_flag": true, "zero_population_flag": false, "missing_denominator_flag": false }, "geometry": { "type": "Polygon", "coordinates": [ [ [ -75.182053, 40.079102 ], [ -75.176438, 40.084649 ], [ -75.169914, 40.080818 ], [ -75.175509, 40.075214 ], [ -75.182053, 40.079102 ] ] ] } },
{ "type": "Feature", "properties": { "tract_geoid": "42101026000", "tract_name": "260", "fixed_population": 2902.0, "peak_count": 7, "peak_rate": 8.0404318860555932, "recent_count": 0, "recent_rate": 0.0, "absolute_rate_change": -8.0404318860555932, "absolute_count_change": -7, "benchmark_rate_10k": 13.597203178615208, "baseline_percentile": 0.75, "peak_elevated": false, "recent_elevated": false, "transition": "Consistently below", "low_population_flag": false, "low_count_flag": true, "zero_population_flag": false, "missing_denominator_flag": false }, "geometry": { "type": "Polygon", "coordinates": [ [ [ -75.175509, 40.075214 ], [ -75.169914, 40.080818 ], [ -75.163399, 40.07695 ], [ -75.16899, 40.071473 ], [ -75.175509, 40.075214 ] ] ] } },
{ "type": "Feature", "properties": { "tract_geoid": "42101026100", "tract_name": "261", "fixed_population": 2880.0, "peak_count": 6, "peak_rate": 6.9444444444444446, "recent_count": 2, "recent_rate": 2.3148148148148149, "absolute_rate_change": -4.6296296296296298, "absolute_count_change": -4, "benchmark_rate_10k": 13.597203178615208, "baseline_percentile": 0.75, "peak_elevated": false, "recent_elevated": false, "transition": "Consistently below", "low_population_flag": false, "low_count_flag": true, "zero_population_flag": false, "missing_denominator_flag": false }, "geometry": { "type": "Polygon", "coordinates": [ [ [ -75.181751, 40.068902 ], [ -75.179448, 40.071261 ], [ -75.178027, 40.074065 ], [ -75.176841, 40.07598 ], [ -75.16899, 40.071473 ], [ -75.175327, 40.065216 ], [ -75.181751, 40.068902 ] ] ] } },
{ "type": "Feature", "properties": { "tract_geoid": "42101026200", "tract_name": "262", "fixed_population": 4781.0, "peak_count": 10, "peak_rate": 6.9720421111343507, "recent_count": 4, "recent_rate": 2.7888168444537405, "absolute_rate_change": -4.1832252666806102, "absolute_count_change": -6, "benchmark_rate_10k": 13.597203178615208, "baseline_percentile": 0.75, "peak_elevated": false, "recent_elevated": false, "transition": "Consistently below", "low_population_flag": false, "low_count_flag": true, "zero_population_flag": false, "missing_denominator_flag": false }, "geometry": { "type": "Polygon", "coordinates": [ [ [ -75.175327, 40.065216 ], [ -75.16899, 40.071473 ], [ -75.162495, 40.067732 ], [ -75.163822, 40.066357 ], [ -75.165706, 40.067438 ], [ -75.166072, 40.067194 ], [ -75.168099, 40.065219 ], [ -75.165714, 40.06439 ], [ -75.168641, 40.061373 ], [ -75.175327, 40.065216 ] ] ] } },
{ "type": "Feature", "properties": { "tract_geoid": "42101026301", "tract_name": "263.01", "fixed_population": 4495.0, "peak_count": 4, "peak_rate": 2.9662588060808304, "recent_count": 2, "recent_rate": 1.4831294030404152, "absolute_rate_change": -1.4831294030404152, "absolute_count_change": -2, "benchmark_rate_10k": 13.597203178615208, "baseline_percentile": 0.75, "peak_elevated": false, "recent_elevated": false, "transition": "Consistently below", "low_population_flag": false, "low_count_flag": true, "zero_population_flag": false, "missing_denominator_flag": false }, "geometry": { "type": "Polygon", "coordinates": [ [ [ -75.16899, 40.071473 ], [ -75.163399, 40.07695 ], [ -75.158417, 40.074169 ], [ -75.164106, 40.068662 ], [ -75.16899, 40.071473 ] ] ] } },
{ "type": "Feature", "properties": { "tract_geoid": "42101026302", "tract_name": "263.02", "fixed_population": 4923.0, "peak_count": 21, "peak_rate": 14.218972171440178, "recent_count": 12, "recent_rate": 8.1251269551086729, "absolute_rate_change": -6.0938452163315056, "absolute_count_change": -9, "benchmark_rate_10k": 13.597203178615208, "baseline_percentile": 0.75, "peak_elevated": true, "recent_elevated": false, "transition": "Previously elevated", "low_population_flag": false, "low_count_flag": false, "zero_population_flag": false, "missing_denominator_flag": false }, "geometry": { "type": "Polygon", "coordinates": [ [ [ -75.164106, 40.068662 ], [ -75.158417, 40.074169 ], [ -75.151596, 40.070328 ], [ -75.152195, 40.069527 ], [ -75.152938, 40.066118 ], [ -75.153513, 40.064285 ], [ -75.155254, 40.062431 ], [ -75.156726, 40.064442 ], [ -75.164106, 40.068662 ] ] ] } },
{ "type": "Feature", "properties": { "tract_geoid": "42101026400", "tract_name": "264", "fixed_population": 5493.0, "peak_count": 12, "peak_rate": 7.2819952667030767, "recent_count": 7, "recent_rate": 4.2478305722434611, "absolute_rate_change": -3.0341646944596157, "absolute_count_change": -5, "benchmark_rate_10k": 13.597203178615208, "baseline_percentile": 0.75, "peak_elevated": false, "recent_elevated": false, "transition": "Consistently below", "low_population_flag": false, "low_count_flag": false, "zero_population_flag": false, "missing_denominator_flag": false }, "geometry": { "type": "Polygon", "coordinates": [ [ [ -75.168641, 40.061373 ], [ -75.165714, 40.06439 ], [ -75.168099, 40.065219 ], [ -75.166072, 40.067194 ], [ -75.165706, 40.067438 ], [ -75.163822, 40.066357 ], [ -75.162495, 40.067732 ], [ -75.156726, 40.064442 ], [ -75.155254, 40.062431 ], [ -75.160691, 40.056831 ], [ -75.168641, 40.061373 ] ] ] } },
{ "type": "Feature", "properties": { "tract_geoid": "42101026500", "tract_name": "265", "fixed_population": 4727.0, "peak_count": 22, "peak_rate": 15.513715534870602, "recent_count": 8, "recent_rate": 5.6413511035893098, "absolute_rate_change": -9.8723644312812926, "absolute_count_change": -14, "benchmark_rate_10k": 13.597203178615208, "baseline_percentile": 0.75, "peak_elevated": true, "recent_elevated": false, "transition": "Previously elevated", "low_population_flag": false, "low_count_flag": false, "zero_population_flag": false, "missing_denominator_flag": false }, "geometry": { "type": "Polygon", "coordinates": [ [ [ -75.160691, 40.056831 ], [ -75.155254, 40.062431 ], [ -75.153513, 40.064285 ], [ -75.152915, 40.063881 ], [ -75.149219, 40.058432 ], [ -75.152594, 40.056367 ], [ -75.155554, 40.054074 ], [ -75.157557, 40.055034 ], [ -75.160691, 40.056831 ] ] ] } },
{ "type": "Feature", "properties": { "tract_geoid": "42101026600", "tract_name": "266", "fixed_population": 6324.0, "peak_count": 17, "peak_rate": 8.9605734767025087, "recent_count": 8, "recent_rate": 4.2167404596247096, "absolute_rate_change": -4.7438330170777991, "absolute_count_change": -9, "benchmark_rate_10k": 13.597203178615208, "baseline_percentile": 0.75, "peak_elevated": false, "recent_elevated": false, "transition": "Consistently below", "low_population_flag": false, "low_count_flag": false, "zero_population_flag": false, "missing_denominator_flag": false }, "geometry": { "type": "Polygon", "coordinates": [ [ [ -75.152938, 40.066118 ], [ -75.152195, 40.069527 ], [ -75.151596, 40.070328 ], [ -75.140897, 40.064239 ], [ -75.142292, 40.057941 ], [ -75.14414, 40.05819 ], [ -75.149219, 40.058432 ], [ -75.152915, 40.063881 ], [ -75.153513, 40.064285 ], [ -75.152938, 40.066118 ] ] ] } },
{ "type": "Feature", "properties": { "tract_geoid": "42101026700", "tract_name": "267", "fixed_population": 6875.0, "peak_count": 38, "peak_rate": 18.424242424242426, "recent_count": 15, "recent_rate": 7.2727272727272725, "absolute_rate_change": -11.151515151515152, "absolute_count_change": -23, "benchmark_rate_10k": 13.597203178615208, "baseline_percentile": 0.75, "peak_elevated": true, "recent_elevated": false, "transition": "Previously elevated", "low_population_flag": false, "low_count_flag": false, "zero_population_flag": false, "missing_denominator_flag": false }, "geometry": { "type": "Polygon", "coordinates": [ [ [ -75.155554, 40.054074 ], [ -75.152594, 40.056367 ], [ -75.149219, 40.058432 ], [ -75.14414, 40.05819 ], [ -75.142292, 40.057941 ], [ -75.143841, 40.050771 ], [ -75.150142, 40.051578 ], [ -75.155554, 40.054074 ] ] ] } },
{ "type": "Feature", "properties": { "tract_geoid": "42101026800", "tract_name": "268", "fixed_population": 4852.0, "peak_count": 17, "peak_rate": 11.679032701291563, "recent_count": 6, "recent_rate": 4.1220115416323164, "absolute_rate_change": -7.5570211596592465, "absolute_count_change": -11, "benchmark_rate_10k": 13.597203178615208, "baseline_percentile": 0.75, "peak_elevated": false, "recent_elevated": false, "transition": "Consistently below", "low_population_flag": false, "low_count_flag": false, "zero_population_flag": false, "missing_denominator_flag": false }, "geometry": { "type": "Polygon", "coordinates": [ [ [ -75.143841, 40.050771 ], [ -75.142292, 40.057941 ], [ -75.140897, 40.064239 ], [ -75.135124, 40.060989 ], [ -75.13619, 40.059264 ], [ -75.137025, 40.058773 ], [ -75.13685, 40.057367 ], [ -75.139107, 40.047011 ], [ -75.142858, 40.047488 ], [ -75.142164, 40.050556 ], [ -75.143841, 40.050771 ] ] ] } },
{ "type": "Feature", "properties": { "tract_geoid": "42101026900", "tract_name": "269", "fixed_population": 2558.0, "peak_count": 1, "peak_rate": 1.3031013812874641, "recent_count": 0, "recent_rate": 0.0, "absolute_rate_change": -1.3031013812874641, "absolute_count_change": -1, "benchmark_rate_10k": 13.597203178615208, "baseline_percentile": 0.75, "peak_elevated": false, "recent_elevated": false, "transition": "Consistently below", "low_population_flag": false, "low_count_flag": true, "zero_population_flag": false, "missing_denominator_flag": false }, "geometry": { "type": "Polygon", "coordinates": [ [ [ -75.13685, 40.057367 ], [ -75.137025, 40.058773 ], [ -75.13619, 40.059264 ], [ -75.135124, 40.060989 ], [ -75.129021, 40.057091 ], [ -75.12632, 40.055481 ], [ -75.127143, 40.051748 ], [ -75.137767, 40.053112 ], [ -75.13685, 40.057367 ] ] ] } },
{ "type": "Feature", "properties": { "tract_geoid": "42101027000", "tract_name": "270", "fixed_population": 2634.0, "peak_count": 4, "peak_rate": 5.0620096178182745, "recent_count": 0, "recent_rate": 0.0, "absolute_rate_change": -5.0620096178182745, "absolute_count_change": -4, "benchmark_rate_10k": 13.597203178615208, "baseline_percentile": 0.75, "peak_elevated": false, "recent_elevated": false, "transition": "Consistently below", "low_population_flag": false, "low_count_flag": true, "zero_population_flag": false, "missing_denominator_flag": false }, "geometry": { "type": "Polygon", "coordinates": [ [ [ -75.139107, 40.047011 ], [ -75.137767, 40.053112 ], [ -75.127143, 40.051748 ], [ -75.128495, 40.045626 ], [ -75.131283, 40.045984 ], [ -75.136019, 40.046229 ], [ -75.137529, 40.046805 ], [ -75.139107, 40.047011 ] ] ] } },
{ "type": "Feature", "properties": { "tract_geoid": "42101027100", "tract_name": "271", "fixed_population": 2410.0, "peak_count": 5, "peak_rate": 6.9156293222683267, "recent_count": 8, "recent_rate": 11.065006915629322, "absolute_rate_change": 4.1493775933609953, "absolute_count_change": 3, "benchmark_rate_10k": 13.597203178615208, "baseline_percentile": 0.75, "peak_elevated": false, "recent_elevated": false, "transition": "Consistently below", "low_population_flag": false, "low_count_flag": false, "zero_population_flag": false, "missing_denominator_flag": false }, "geometry": { "type": "Polygon", "coordinates": [ [ [ -75.128495, 40.045626 ], [ -75.127488, 40.050217 ], [ -75.12632, 40.055481 ], [ -75.122147, 40.053177 ], [ -75.123566, 40.044993 ], [ -75.128495, 40.045626 ] ] ] } },
{ "type": "Feature", "properties": { "tract_geoid": "42101027200", "tract_name": "272", "fixed_population": 3985.0, "peak_count": 4, "peak_rate": 3.3458803847762444, "recent_count": 5, "recent_rate": 4.1823504809703049, "absolute_rate_change": 0.83647009619406054, "absolute_count_change": 1, "benchmark_rate_10k": 13.597203178615208, "baseline_percentile": 0.75, "peak_elevated": false, "recent_elevated": false, "transition": "Consistently below", "low_population_flag": false, "low_count_flag": true, "zero_population_flag": false, "missing_denominator_flag": false }, "geometry": { "type": "Polygon", "coordinates": [ [ [ -75.123566, 40.044993 ], [ -75.122147, 40.053177 ], [ -75.110985, 40.046769 ], [ -75.111963, 40.04364 ], [ -75.112319, 40.043276 ], [ -75.11307, 40.043971 ], [ -75.113544, 40.042711 ], [ -75.114119, 40.043644 ], [ -75.119454, 40.04448 ], [ -75.123566, 40.044993 ] ] ] } },
{ "type": "Feature", "properties": { "tract_geoid": "42101027300", "tract_name": "273", "fixed_population": 5908.0, "peak_count": 24, "peak_rate": 13.540961408259985, "recent_count": 5, "recent_rate": 2.8210336267208302, "absolute_rate_change": -10.719927781539155, "absolute_count_change": -19, "benchmark_rate_10k": 13.597203178615208, "baseline_percentile": 0.75, "peak_elevated": false, "recent_elevated": false, "transition": "Consistently below", "low_population_flag": false, "low_count_flag": false, "zero_population_flag": false, "missing_denominator_flag": false }, "geometry": { "type": "Polygon", "coordinates": [ [ [ -75.124167, 40.032575 ], [ -75.123535, 40.038719 ], [ -75.122078, 40.041664 ], [ -75.121432, 40.044731 ], [ -75.114119, 40.043644 ], [ -75.113544, 40.042711 ], [ -75.11307, 40.043971 ], [ -75.112319, 40.043276 ], [ -75.112778, 40.042119 ], [ -75.11455, 40.039747 ], [ -75.113854, 40.037292 ], [ -75.113156, 40.036507 ], [ -75.116083, 40.033037 ], [ -75.120713, 40.03364 ], [ -75.121711, 40.03347 ], [ -75.121964, 40.03373 ], [ -75.1236, 40.032771 ], [ -75.124167, 40.032575 ] ] ] } },
{ "type": "Feature", "properties": { "tract_geoid": "42101027401", "tract_name": "274.01", "fixed_population": 3606.0, "peak_count": 12, "peak_rate": 11.092623405435386, "recent_count": 16, "recent_rate": 14.790164540580514, "absolute_rate_change": 3.6975411351451282, "absolute_count_change": 4, "benchmark_rate_10k": 13.597203178615208, "baseline_percentile": 0.75, "peak_elevated": false, "recent_elevated": true, "transition": "Newly elevated", "low_population_flag": false, "low_count_flag": false, "zero_population_flag": false, "missing_denominator_flag": false }, "geometry": { "type": "Polygon", "coordinates": [ [ [ -75.13129, 40.032818 ], [ -75.128495, 40.045626 ], [ -75.126639, 40.045392 ], [ -75.127317, 40.04232 ], [ -75.126311, 40.042203 ], [ -75.128428, 40.032472 ], [ -75.13129, 40.032818 ] ] ] } },
{ "type": "Feature", "properties": { "tract_geoid": "42101027402", "tract_name": "274.02", "fixed_population": 6731.0, "peak_count": 14, "peak_rate": 6.9330956271975444, "recent_count": 15, "recent_rate": 7.4283167434259392, "absolute_rate_change": 0.49522111622839482, "absolute_count_change": 1, "benchmark_rate_10k": 13.597203178615208, "baseline_percentile": 0.75, "peak_elevated": false, "recent_elevated": false, "transition": "Consistently below", "low_population_flag": false, "low_count_flag": false, "zero_population_flag": false, "missing_denominator_flag": false }, "geometry": { "type": "Polygon", "coordinates": [ [ [ -75.128428, 40.032472 ], [ -75.126311, 40.042203 ], [ -75.127317, 40.04232 ], [ -75.126639, 40.045392 ], [ -75.121432, 40.044731 ], [ -75.122078, 40.041664 ], [ -75.123535, 40.038719 ], [ -75.124167, 40.032575 ], [ -75.126164, 40.032281 ], [ -75.128428, 40.032472 ] ] ] } },
{ "type": "Feature", "properties": { "tract_geoid": "42101027500", "tract_name": "275", "fixed_population": 4237.0, "peak_count": 16, "peak_rate": 12.587522618204703, "recent_count": 9, "recent_rate": 7.0804814727401464, "absolute_rate_change": -5.5070411454645569, "absolute_count_change": -7, "benchmark_rate_10k": 13.597203178615208, "baseline_percentile": 0.75, "peak_elevated": false, "recent_elevated": false, "transition": "Consistently below", "low_population_flag": false, "low_count_flag": false, "zero_population_flag": false, "missing_denominator_flag": false }, "geometry": { "type": "Polygon", "coordinates": [ [ [ -75.134899, 40.040179 ], [ -75.134757, 40.041759 ], [ -75.134724, 40.046134 ], [ -75.131283, 40.045984 ], [ -75.128495, 40.045626 ], [ -75.13129, 40.032818 ], [ -75.135042, 40.033284 ], [ -75.134818, 40.036987 ], [ -75.134472, 40.038514 ], [ -75.135257, 40.03864 ], [ -75.134899, 40.040179 ] ] ] } },
{ "type": "Feature", "properties": { "tract_geoid": "42101027600", "tract_name": "276", "fixed_population": 4484.0, "peak_count": 9, "peak_rate": 6.6904549509366635, "recent_count": 8, "recent_rate": 5.9470710674992562, "absolute_rate_change": -0.74338388343740736, "absolute_count_change": -1, "benchmark_rate_10k": 13.597203178615208, "baseline_percentile": 0.75, "peak_elevated": false, "recent_elevated": false, "transition": "Consistently below", "low_population_flag": false, "low_count_flag": false, "zero_population_flag": false, "missing_denominator_flag": false }, "geometry": { "type": "Polygon", "coordinates": [ [ [ -75.144571, 40.039836 ], [ -75.142858, 40.047488 ], [ -75.137529, 40.046805 ], [ -75.136019, 40.046229 ], [ -75.134724, 40.046134 ], [ -75.134757, 40.041759 ], [ -75.134899, 40.040179 ], [ -75.135257, 40.03864 ], [ -75.144571, 40.039836 ] ] ] } },
{ "type": "Feature", "properties": { "tract_geoid": "42101027700", "tract_name": "277", "fixed_population": 5523.0, "peak_count": 29, "peak_rate": 17.502565031082142, "recent_count": 22, "recent_rate": 13.277807954614037, "absolute_rate_change": -4.2247570764681051, "absolute_count_change": -7, "benchmark_rate_10k": 13.597203178615208, "baseline_percentile": 0.75, "peak_elevated": true, "recent_elevated": false, "transition": "Previously elevated", "low_population_flag": false, "low_count_flag": false, "zero_population_flag": false, "missing_denominator_flag": false }, "geometry": { "type": "Polygon", "coordinates": [ [ [ -75.157958, 40.049025 ], [ -75.157557, 40.055034 ], [ -75.150142, 40.051578 ], [ -75.142164, 40.050556 ], [ -75.142858, 40.047488 ], [ -75.144959, 40.04868 ], [ -75.145436, 40.047826 ], [ -75.153235, 40.048842 ], [ -75.157958, 40.049025 ] ] ] } },
{ "type": "Feature", "properties": { "tract_geoid": "42101027800", "tract_name": "278", "fixed_population": 4612.0, "peak_count": 30, "peak_rate": 21.682567215958368, "recent_count": 12, "recent_rate": 8.6730268863833473, "absolute_rate_change": -13.009540329575021, "absolute_count_change": -18, "benchmark_rate_10k": 13.597203178615208, "baseline_percentile": 0.75, "peak_elevated": true, "recent_elevated": false, "transition": "Previously elevated", "low_population_flag": false, "low_count_flag": false, "zero_population_flag": false, "missing_denominator_flag": false }, "geometry": { "type": "Polygon", "coordinates": [ [ [ -75.151249, 40.041174 ], [ -75.150205, 40.042182 ], [ -75.149796, 40.043673 ], [ -75.149649, 40.044987 ], [ -75.15068, 40.046352 ], [ -75.151083, 40.04712 ], [ -75.15082, 40.048518 ], [ -75.145436, 40.047826 ], [ -75.144959, 40.04868 ], [ -75.142858, 40.047488 ], [ -75.145554, 40.035262 ], [ -75.149859, 40.035827 ], [ -75.149126, 40.037464 ], [ -75.149988, 40.038971 ], [ -75.151505, 40.040612 ], [ -75.151249, 40.041174 ] ] ] } },
{ "type": "Feature", "properties": { "tract_geoid": "42101027901", "tract_name": "279.01", "fixed_population": 2767.0, "peak_count": 19, "peak_rate": 22.888808577279846, "recent_count": 17, "recent_rate": 20.479460305987228, "absolute_rate_change": -2.4093482712926182, "absolute_count_change": -2, "benchmark_rate_10k": 13.597203178615208, "baseline_percentile": 0.75, "peak_elevated": true, "recent_elevated": true, "transition": "Persistently elevated", "low_population_flag": false, "low_count_flag": false, "zero_population_flag": false, "missing_denominator_flag": false }, "geometry": { "type": "Polygon", "coordinates": [ [ [ -75.158306, 40.042861 ], [ -75.157958, 40.049025 ], [ -75.153235, 40.048842 ], [ -75.15082, 40.048518 ], [ -75.151083, 40.04712 ], [ -75.15068, 40.046352 ], [ -75.149649, 40.044987 ], [ -75.149796, 40.043673 ], [ -75.152081, 40.043608 ], [ -75.153883, 40.043659 ], [ -75.153946, 40.042752 ], [ -75.158306, 40.042861 ] ] ] } },
{ "type": "Feature", "properties": { "tract_geoid": "42101027902", "tract_name": "279.02", "fixed_population": 4925.0, "peak_count": 15, "peak_rate": 10.152284263959391, "recent_count": 10, "recent_rate": 6.7681895093062607, "absolute_rate_change": -3.3840947546531304, "absolute_count_change": -5, "benchmark_rate_10k": 13.597203178615208, "baseline_percentile": 0.75, "peak_elevated": false, "recent_elevated": false, "transition": "Consistently below", "low_population_flag": false, "low_count_flag": false, "zero_population_flag": false, "missing_denominator_flag": false }, "geometry": { "type": "Polygon", "coordinates": [ [ [ -75.158834, 40.035884 ], [ -75.158373, 40.036685 ], [ -75.158306, 40.042861 ], [ -75.153946, 40.042752 ], [ -75.153883, 40.043659 ], [ -75.152081, 40.043608 ], [ -75.149796, 40.043673 ], [ -75.150205, 40.042182 ], [ -75.151249, 40.041174 ], [ -75.151505, 40.040612 ], [ -75.149988, 40.038971 ], [ -75.149126, 40.037464 ], [ -75.151272, 40.032579 ], [ -75.152369, 40.031387 ], [ -75.154034, 40.031564 ], [ -75.158124, 40.030825 ], [ -75.15764, 40.033206 ], [ -75.159601, 40.035137 ], [ -75.158834, 40.035884 ] ] ] } },
{ "type": "Feature", "properties": { "tract_geoid": "42101028000", "tract_name": "280", "fixed_population": 4083.0, "peak_count": 45, "peak_rate": 36.737692872887585, "recent_count": 16, "recent_rate": 13.062290799248919, "absolute_rate_change": -23.675402073638665, "absolute_count_change": -29, "benchmark_rate_10k": 13.597203178615208, "baseline_percentile": 0.75, "peak_elevated": true, "recent_elevated": false, "transition": "Previously elevated", "low_population_flag": false, "low_count_flag": false, "zero_population_flag": false, "missing_denominator_flag": false }, "geometry": { "type": "Polygon", "coordinates": [ [ [ -75.159551, 40.023925 ], [ -75.159033, 40.030316 ], [ -75.158124, 40.030825 ], [ -75.154776, 40.031452 ], [ -75.154034, 40.031564 ], [ -75.152369, 40.031387 ], [ -75.153282, 40.029955 ], [ -75.148245, 40.022959 ], [ -75.148567, 40.021476 ], [ -75.159035, 40.0228 ], [ -75.159551, 40.023925 ] ] ] } },
{ "type": "Feature", "properties": { "tract_geoid": "42101028100", "tract_name": "281", "fixed_population": 3020.0, "peak_count": 24, "peak_rate": 26.490066225165563, "recent_count": 20, "recent_rate": 22.075055187637968, "absolute_rate_change": -4.4150110375275951, "absolute_count_change": -4, "benchmark_rate_10k": 13.597203178615208, "baseline_percentile": 0.75, "peak_elevated": true, "recent_elevated": true, "transition": "Persistently elevated", "low_population_flag": false, "low_count_flag": false, "zero_population_flag": false, "missing_denominator_flag": false }, "geometry": { "type": "Polygon", "coordinates": [ [ [ -75.152369, 40.031387 ], [ -75.151272, 40.032579 ], [ -75.149859, 40.035827 ], [ -75.145554, 40.035262 ], [ -75.148245, 40.022959 ], [ -75.153282, 40.029955 ], [ -75.152369, 40.031387 ] ] ] } },
{ "type": "Feature", "properties": { "tract_geoid": "42101028200", "tract_name": "282", "fixed_population": 4775.0, "peak_count": 51, "peak_rate": 35.602094240837701, "recent_count": 27, "recent_rate": 18.848167539267017, "absolute_rate_change": -16.753926701570684, "absolute_count_change": -24, "benchmark_rate_10k": 13.597203178615208, "baseline_percentile": 0.75, "peak_elevated": true, "recent_elevated": true, "transition": "Persistently elevated", "low_population_flag": false, "low_count_flag": false, "zero_population_flag": false, "missing_denominator_flag": false }, "geometry": { "type": "Polygon", "coordinates": [ [ [ -75.14685, 40.029481 ], [ -75.144571, 40.039836 ], [ -75.134472, 40.038514 ], [ -75.134818, 40.036987 ], [ -75.135212, 40.030472 ], [ -75.13506, 40.02915 ], [ -75.137091, 40.029412 ], [ -75.136757, 40.030964 ], [ -75.142304, 40.031676 ], [ -75.144284, 40.030814 ], [ -75.14685, 40.029481 ] ] ] } },
{ "type": "Feature", "properties": { "tract_geoid": "42101028300", "tract_name": "283", "fixed_population": 5915.0, "peak_count": 61, "peak_rate": 34.375880529726686, "recent_count": 23, "recent_rate": 12.961397576782192, "absolute_rate_change": -21.414482952944496, "absolute_count_change": -38, "benchmark_rate_10k": 13.597203178615208, "baseline_percentile": 0.75, "peak_elevated": true, "recent_elevated": false, "transition": "Previously elevated", "low_population_flag": false, "low_count_flag": false, "zero_population_flag": false, "missing_denominator_flag": false }, "geometry": { "type": "Polygon", "coordinates": [ [ [ -75.148567, 40.021476 ], [ -75.14685, 40.029481 ], [ -75.144284, 40.030814 ], [ -75.142304, 40.031676 ], [ -75.139304, 40.031288 ], [ -75.141589, 40.020811 ], [ -75.142027, 40.020635 ], [ -75.148567, 40.021476 ] ] ] } },
{ "type": "Feature", "properties": { "tract_geoid": "42101028400", "tract_name": "284", "fixed_population": 3328.0, "peak_count": 30, "peak_rate": 30.048076923076923, "recent_count": 13, "recent_rate": 13.020833333333332, "absolute_rate_change": -17.027243589743591, "absolute_count_change": -17, "benchmark_rate_10k": 13.597203178615208, "baseline_percentile": 0.75, "peak_elevated": true, "recent_elevated": false, "transition": "Previously elevated", "low_population_flag": false, "low_count_flag": false, "zero_population_flag": false, "missing_denominator_flag": false }, "geometry": { "type": "Polygon", "coordinates": [ [ [ -75.141589, 40.020811 ], [ -75.139304, 40.031288 ], [ -75.136757, 40.030964 ], [ -75.137091, 40.029412 ], [ -75.13506, 40.02915 ], [ -75.135334, 40.027632 ], [ -75.135096, 40.026079 ], [ -75.135724, 40.023602 ], [ -75.135664, 40.023155 ], [ -75.135818, 40.020645 ], [ -75.13674, 40.019958 ], [ -75.140105, 40.02039 ], [ -75.14126, 40.020456 ], [ -75.141589, 40.020811 ] ] ] } },
{ "type": "Feature", "properties": { "tract_geoid": "42101028500", "tract_name": "285", "fixed_population": 2533.0, "peak_count": 10, "peak_rate": 13.159626266614028, "recent_count": 10, "recent_rate": 13.159626266614028, "absolute_rate_change": 0.0, "absolute_count_change": 0, "benchmark_rate_10k": 13.597203178615208, "baseline_percentile": 0.75, "peak_elevated": false, "recent_elevated": false, "transition": "Consistently below", "low_population_flag": false, "low_count_flag": false, "zero_population_flag": false, "missing_denominator_flag": false }, "geometry": { "type": "Polygon", "coordinates": [ [ [ -75.135096, 40.026079 ], [ -75.135334, 40.027632 ], [ -75.13506, 40.02915 ], [ -75.135212, 40.030472 ], [ -75.135042, 40.033284 ], [ -75.13129, 40.032818 ], [ -75.133207, 40.024144 ], [ -75.135724, 40.023602 ], [ -75.135096, 40.026079 ] ] ] } },
{ "type": "Feature", "properties": { "tract_geoid": "42101028600", "tract_name": "286", "fixed_population": 6617.0, "peak_count": 32, "peak_rate": 16.120094705556397, "recent_count": 18, "recent_rate": 9.0675532718754717, "absolute_rate_change": -7.0525414336809256, "absolute_count_change": -14, "benchmark_rate_10k": 13.597203178615208, "baseline_percentile": 0.75, "peak_elevated": true, "recent_elevated": false, "transition": "Previously elevated", "low_population_flag": false, "low_count_flag": false, "zero_population_flag": false, "missing_denominator_flag": false }, "geometry": { "type": "Polygon", "coordinates": [ [ [ -75.133207, 40.024144 ], [ -75.13129, 40.032818 ], [ -75.126164, 40.032281 ], [ -75.124167, 40.032575 ], [ -75.1236, 40.032771 ], [ -75.121964, 40.03373 ], [ -75.121711, 40.03347 ], [ -75.12342, 40.02593 ], [ -75.128126, 40.025222 ], [ -75.133207, 40.024144 ] ] ] } },
{ "type": "Feature", "properties": { "tract_geoid": "42101028700", "tract_name": "287", "fixed_population": 2514.0, "peak_count": 21, "peak_rate": 27.844073190135244, "recent_count": 10, "recent_rate": 13.259082471492974, "absolute_rate_change": -14.58499071864227, "absolute_count_change": -11, "benchmark_rate_10k": 13.597203178615208, "baseline_percentile": 0.75, "peak_elevated": true, "recent_elevated": false, "transition": "Previously elevated", "low_population_flag": false, "low_count_flag": false, "zero_population_flag": false, "missing_denominator_flag": false }, "geometry": { "type": "Polygon", "coordinates": [ [ [ -75.135664, 40.023155 ], [ -75.135724, 40.023602 ], [ -75.128126, 40.025222 ], [ -75.125387, 40.025647 ], [ -75.125462, 40.025184 ], [ -75.127217, 40.024779 ], [ -75.127922, 40.021979 ], [ -75.128883, 40.018945 ], [ -75.135434, 40.019782 ], [ -75.135818, 40.020645 ], [ -75.135664, 40.023155 ] ] ] } },
{ "type": "Feature", "properties": { "tract_geoid": "42101028800", "tract_name": "288", "fixed_population": 4286.0, "peak_count": 27, "peak_rate": 20.998600093327109, "recent_count": 13, "recent_rate": 10.110437081972313, "absolute_rate_change": -10.888163011354797, "absolute_count_change": -14, "benchmark_rate_10k": 13.597203178615208, "baseline_percentile": 0.75, "peak_elevated": true, "recent_elevated": false, "transition": "Previously elevated", "low_population_flag": false, "low_count_flag": false, "zero_population_flag": false, "missing_denominator_flag": false }, "geometry": { "type": "Polygon", "coordinates": [ [ [ -75.127922, 40.021979 ], [ -75.127217, 40.024779 ], [ -75.125462, 40.025184 ], [ -75.125387, 40.025647 ], [ -75.121843, 40.026155 ], [ -75.122279, 40.02565 ], [ -75.119735, 40.026017 ], [ -75.119603, 40.025117 ], [ -75.120481, 40.02109 ], [ -75.12073, 40.019469 ], [ -75.122752, 40.019722 ], [ -75.124556, 40.017826 ], [ -75.125092, 40.018105 ], [ -75.125023, 40.018435 ], [ -75.128883, 40.018945 ], [ -75.127922, 40.021979 ] ] ] } },
{ "type": "Feature", "properties": { "tract_geoid": "42101028901", "tract_name": "289.01", "fixed_population": 4274.0, "peak_count": 21, "peak_rate": 16.378100140383715, "recent_count": 22, "recent_rate": 17.15800967087818, "absolute_rate_change": 0.77990953049446432, "absolute_count_change": 1, "benchmark_rate_10k": 13.597203178615208, "baseline_percentile": 0.75, "peak_elevated": true, "recent_elevated": true, "transition": "Persistently elevated", "low_population_flag": false, "low_count_flag": false, "zero_population_flag": false, "missing_denominator_flag": false }, "geometry": { "type": "Polygon", "coordinates": [ [ [ -75.12073, 40.019469 ], [ -75.120136, 40.022627 ], [ -75.116106, 40.022109 ], [ -75.116243, 40.020558 ], [ -75.112217, 40.020056 ], [ -75.113951, 40.018603 ], [ -75.108678, 40.017942 ], [ -75.109024, 40.016286 ], [ -75.11136, 40.015867 ], [ -75.112161, 40.012085 ], [ -75.119439, 40.013026 ], [ -75.117475, 40.015783 ], [ -75.11751, 40.019054 ], [ -75.12073, 40.019469 ] ] ] } },
{ "type": "Feature", "properties": { "tract_geoid": "42101028902", "tract_name": "289.02", "fixed_population": 6163.0, "peak_count": 17, "peak_rate": 9.194656282113689, "recent_count": 17, "recent_rate": 9.194656282113689, "absolute_rate_change": 0.0, "absolute_count_change": 0, "benchmark_rate_10k": 13.597203178615208, "baseline_percentile": 0.75, "peak_elevated": false, "recent_elevated": false, "transition": "Consistently below", "low_population_flag": false, "low_count_flag": false, "zero_population_flag": false, "missing_denominator_flag": false }, "geometry": { "type": "Polygon", "coordinates": [ [ [ -75.121843, 40.026155 ], [ -75.11288, 40.027457 ], [ -75.112844, 40.027025 ], [ -75.111393, 40.025282 ], [ -75.111181, 40.023255 ], [ -75.110195, 40.022291 ], [ -75.11004, 40.022264 ], [ -75.106903, 40.023366 ], [ -75.104255, 40.023338 ], [ -75.103167, 40.021001 ], [ -75.104086, 40.019346 ], [ -75.107422, 40.017849 ], [ -75.107152, 40.016728 ], [ -75.107599, 40.016489 ], [ -75.109024, 40.016286 ], [ -75.108678, 40.017942 ], [ -75.113951, 40.018603 ], [ -75.112217, 40.020056 ], [ -75.116243, 40.020558 ], [ -75.116106, 40.022109 ], [ -75.120136, 40.022627 ], [ -75.119603, 40.025117 ], [ -75.119735, 40.026017 ], [ -75.122279, 40.02565 ], [ -75.121843, 40.026155 ] ] ] } },
{ "type": "Feature", "properties": { "tract_geoid": "42101029000", "tract_name": "290", "fixed_population": 7597.0, "peak_count": 24, "peak_rate": 10.530472554955903, "recent_count": 20, "recent_rate": 8.7753937957965853, "absolute_rate_change": -1.7550787591593178, "absolute_count_change": -4, "benchmark_rate_10k": 13.597203178615208, "baseline_percentile": 0.75, "peak_elevated": false, "recent_elevated": false, "transition": "Consistently below", "low_population_flag": false, "low_count_flag": false, "zero_population_flag": false, "missing_denominator_flag": false }, "geometry": { "type": "Polygon", "coordinates": [ [ [ -75.12342, 40.02593 ], [ -75.121711, 40.03347 ], [ -75.120713, 40.03364 ], [ -75.116083, 40.033037 ], [ -75.113156, 40.036507 ], [ -75.111954, 40.03487 ], [ -75.111405, 40.034483 ], [ -75.111093, 40.033989 ], [ -75.111144, 40.03393 ], [ -75.110821, 40.033539 ], [ -75.110813, 40.032942 ], [ -75.111139, 40.031038 ], [ -75.1109, 40.029603 ], [ -75.112308, 40.027948 ], [ -75.112846, 40.027734 ], [ -75.11288, 40.027457 ], [ -75.12342, 40.02593 ] ] ] } },
{ "type": "Feature", "properties": { "tract_geoid": "42101029100", "tract_name": "291", "fixed_population": 4241.0, "peak_count": 26, "peak_rate": 20.435431894993322, "recent_count": 11, "recent_rate": 8.6457596478817891, "absolute_rate_change": -11.789672247111532, "absolute_count_change": -15, "benchmark_rate_10k": 13.597203178615208, "baseline_percentile": 0.75, "peak_elevated": true, "recent_elevated": false, "transition": "Previously elevated", "low_population_flag": false, "low_count_flag": false, "zero_population_flag": false, "missing_denominator_flag": false }, "geometry": { "type": "Polygon", "coordinates": [ [ [ -75.11455, 40.039747 ], [ -75.112778, 40.042119 ], [ -75.112319, 40.043276 ], [ -75.111963, 40.04364 ], [ -75.110985, 40.046769 ], [ -75.109431, 40.045874 ], [ -75.111153, 40.042187 ], [ -75.109931, 40.043198 ], [ -75.101572, 40.038293 ], [ -75.098416, 40.036101 ], [ -75.103903, 40.030589 ], [ -75.104331, 40.029981 ], [ -75.111601, 40.027698 ], [ -75.11288, 40.027457 ], [ -75.112846, 40.027734 ], [ -75.112308, 40.027948 ], [ -75.1109, 40.029603 ], [ -75.111139, 40.031038 ], [ -75.110813, 40.032942 ], [ -75.110821, 40.033539 ], [ -75.111144, 40.03393 ], [ -75.111093, 40.033989 ], [ -75.111405, 40.034483 ], [ -75.111954, 40.03487 ], [ -75.113854, 40.037292 ], [ -75.11455, 40.039747 ] ] ] } },
{ "type": "Feature", "properties": { "tract_geoid": "42101029200", "tract_name": "292", "fixed_population": 3783.0, "peak_count": 17, "peak_rate": 14.979293329808796, "recent_count": 6, "recent_rate": 5.2868094105207506, "absolute_rate_change": -9.6924839192880441, "absolute_count_change": -11, "benchmark_rate_10k": 13.597203178615208, "baseline_percentile": 0.75, "peak_elevated": true, "recent_elevated": false, "transition": "Previously elevated", "low_population_flag": false, "low_count_flag": false, "zero_population_flag": false, "missing_denominator_flag": false }, "geometry": { "type": "Polygon", "coordinates": [ [ [ -75.11288, 40.027457 ], [ -75.111601, 40.027698 ], [ -75.104331, 40.029981 ], [ -75.103228, 40.030048 ], [ -75.102431, 40.029934 ], [ -75.101728, 40.029726 ], [ -75.098696, 40.027853 ], [ -75.096038, 40.026567 ], [ -75.09399, 40.027037 ], [ -75.086551, 40.031133 ], [ -75.085381, 40.031491 ], [ -75.08508, 40.031266 ], [ -75.086997, 40.029443 ], [ -75.09377, 40.022508 ], [ -75.094151, 40.02191 ], [ -75.094374, 40.021159 ], [ -75.096744, 40.01873 ], [ -75.097041, 40.01595 ], [ -75.098803, 40.016345 ], [ -75.100126, 40.016133 ], [ -75.10257, 40.015964 ], [ -75.10517, 40.016224 ], [ -75.107152, 40.016728 ], [ -75.107422, 40.017849 ], [ -75.104086, 40.019346 ], [ -75.103167, 40.021001 ], [ -75.104255, 40.023338 ], [ -75.106903, 40.023366 ], [ -75.11004, 40.022264 ], [ -75.110195, 40.022291 ], [ -75.111181, 40.023255 ], [ -75.111393, 40.025282 ], [ -75.112844, 40.027025 ], [ -75.11288, 40.027457 ] ] ] } },
{ "type": "Feature", "properties": { "tract_geoid": "42101029300", "tract_name": "293", "fixed_population": 2692.0, "peak_count": 28, "peak_rate": 34.670629024269438, "recent_count": 11, "recent_rate": 13.620604259534423, "absolute_rate_change": -21.050024764735014, "absolute_count_change": -17, "benchmark_rate_10k": 13.597203178615208, "baseline_percentile": 0.75, "peak_elevated": true, "recent_elevated": true, "transition": "Persistently elevated", "low_population_flag": false, "low_count_flag": false, "zero_population_flag": false, "missing_denominator_flag": false }, "geometry": { "type": "Polygon", "coordinates": [ [ [ -75.096744, 40.01873 ], [ -75.095897, 40.019604 ], [ -75.09441, 40.019534 ], [ -75.085519, 40.014787 ], [ -75.087654, 40.01243 ], [ -75.088731, 40.010923 ], [ -75.091815, 40.006007 ], [ -75.092536, 40.005378 ], [ -75.09291, 40.005972 ], [ -75.0923, 40.006817 ], [ -75.092574, 40.007932 ], [ -75.094819, 40.009406 ], [ -75.095092, 40.010259 ], [ -75.094363, 40.011383 ], [ -75.093531, 40.013395 ], [ -75.0944, 40.014785 ], [ -75.095823, 40.01575 ], [ -75.097041, 40.01595 ], [ -75.096744, 40.01873 ] ] ] } },
{ "type": "Feature", "properties": { "tract_geoid": "42101029400", "tract_name": "294", "fixed_population": 3402.0, "peak_count": 22, "peak_rate": 21.55594748187341, "recent_count": 16, "recent_rate": 15.677052714089751, "absolute_rate_change": -5.8788947677836596, "absolute_count_change": -6, "benchmark_rate_10k": 13.597203178615208, "baseline_percentile": 0.75, "peak_elevated": true, "recent_elevated": true, "transition": "Persistently elevated", "low_population_flag": false, "low_count_flag": false, "zero_population_flag": false, "missing_denominator_flag": false }, "geometry": { "type": "Polygon", "coordinates": [ [ [ -75.091815, 40.006007 ], [ -75.088731, 40.010923 ], [ -75.087654, 40.01243 ], [ -75.085519, 40.014787 ], [ -75.0817, 40.012736 ], [ -75.078749, 40.009878 ], [ -75.078448, 40.008586 ], [ -75.083087, 40.007437 ], [ -75.087448, 40.006079 ], [ -75.090154, 40.004148 ], [ -75.091749, 40.0047 ], [ -75.092536, 40.005378 ], [ -75.091815, 40.006007 ] ] ] } },
{ "type": "Feature", "properties": { "tract_geoid": "42101029800", "tract_name": "298", "fixed_population": 5360.0, "peak_count": 40, "peak_rate": 24.875621890547261, "recent_count": 15, "recent_rate": 9.3283582089552244, "absolute_rate_change": -15.547263681592037, "absolute_count_change": -25, "benchmark_rate_10k": 13.597203178615208, "baseline_percentile": 0.75, "peak_elevated": true, "recent_elevated": false, "transition": "Previously elevated", "low_population_flag": false, "low_count_flag": false, "zero_population_flag": false, "missing_denominator_flag": false }, "geometry": { "type": "Polygon", "coordinates": [ [ [ -75.07338, 40.019654 ], [ -75.069087, 40.021904 ], [ -75.068516, 40.021385 ], [ -75.06206, 40.014021 ], [ -75.061339, 40.012764 ], [ -75.069508, 40.010798 ], [ -75.072575, 40.018868 ], [ -75.07338, 40.019654 ] ] ] } },
{ "type": "Feature", "properties": { "tract_geoid": "42101029900", "tract_name": "299", "fixed_population": 4221.0, "peak_count": 25, "peak_rate": 19.742557055989892, "recent_count": 18, "recent_rate": 14.214641080312722, "absolute_rate_change": -5.5279159756771694, "absolute_count_change": -7, "benchmark_rate_10k": 13.597203178615208, "baseline_percentile": 0.75, "peak_elevated": true, "recent_elevated": true, "transition": "Persistently elevated", "low_population_flag": false, "low_count_flag": false, "zero_population_flag": false, "missing_denominator_flag": false }, "geometry": { "type": "Polygon", "coordinates": [ [ [ -75.080857, 40.011903 ], [ -75.078883, 40.013195 ], [ -75.077257, 40.014973 ], [ -75.075839, 40.016137 ], [ -75.07505, 40.017159 ], [ -75.074354, 40.018804 ], [ -75.07338, 40.019654 ], [ -75.072575, 40.018868 ], [ -75.069508, 40.010798 ], [ -75.078448, 40.008586 ], [ -75.078749, 40.009878 ], [ -75.080857, 40.011903 ] ] ] } },
{ "type": "Feature", "properties": { "tract_geoid": "42101030000", "tract_name": "300", "fixed_population": 6901.0, "peak_count": 97, "peak_rate": 46.853113075399705, "recent_count": 53, "recent_rate": 25.600154566970968, "absolute_rate_change": -21.252958508428737, "absolute_count_change": -44, "benchmark_rate_10k": 13.597203178615208, "baseline_percentile": 0.75, "peak_elevated": true, "recent_elevated": true, "transition": "Persistently elevated", "low_population_flag": false, "low_count_flag": false, "zero_population_flag": false, "missing_denominator_flag": false }, "geometry": { "type": "Polygon", "coordinates": [ [ [ -75.086382, 40.015257 ], [ -75.080281, 40.021866 ], [ -75.079414, 40.021387 ], [ -75.078163, 40.022361 ], [ -75.075622, 40.024074 ], [ -75.073364, 40.025369 ], [ -75.069087, 40.021904 ], [ -75.07338, 40.019654 ], [ -75.074354, 40.018804 ], [ -75.07505, 40.017159 ], [ -75.075839, 40.016137 ], [ -75.077257, 40.014973 ], [ -75.078883, 40.013195 ], [ -75.080857, 40.011903 ], [ -75.0817, 40.012736 ], [ -75.086382, 40.015257 ] ] ] } },
{ "type": "Feature", "properties": { "tract_geoid": "42101030100", "tract_name": "301", "fixed_population": 6555.0, "peak_count": 35, "peak_rate": 17.798118484617341, "recent_count": 23, "recent_rate": 11.695906432748538, "absolute_rate_change": -6.1022120518688023, "absolute_count_change": -12, "benchmark_rate_10k": 13.597203178615208, "baseline_percentile": 0.75, "peak_elevated": true, "recent_elevated": false, "transition": "Previously elevated", "low_population_flag": false, "low_count_flag": false, "zero_population_flag": false, "missing_denominator_flag": false }, "geometry": { "type": "Polygon", "coordinates": [ [ [ -75.095897, 40.019604 ], [ -75.094374, 40.021159 ], [ -75.094151, 40.02191 ], [ -75.09377, 40.022508 ], [ -75.090563, 40.025791 ], [ -75.081309, 40.02076 ], [ -75.086382, 40.015257 ], [ -75.09441, 40.019534 ], [ -75.095897, 40.019604 ] ] ] } },
{ "type": "Feature", "properties": { "tract_geoid": "42101030200", "tract_name": "302", "fixed_population": 7657.0, "peak_count": 39, "peak_rate": 16.977928692699489, "recent_count": 29, "recent_rate": 12.624613643289365, "absolute_rate_change": -4.3533150494101243, "absolute_count_change": -10, "benchmark_rate_10k": 13.597203178615208, "baseline_percentile": 0.75, "peak_elevated": true, "recent_elevated": false, "transition": "Previously elevated", "low_population_flag": false, "low_count_flag": false, "zero_population_flag": false, "missing_denominator_flag": false }, "geometry": { "type": "Polygon", "coordinates": [ [ [ -75.086997, 40.029443 ], [ -75.08508, 40.031266 ], [ -75.084794, 40.031223 ], [ -75.084197, 40.031438 ], [ -75.07703, 40.027445 ], [ -75.075488, 40.027071 ], [ -75.073364, 40.025369 ], [ -75.075622, 40.024074 ], [ -75.078163, 40.022361 ], [ -75.079414, 40.021387 ], [ -75.080281, 40.021866 ], [ -75.081309, 40.02076 ], [ -75.090563, 40.025791 ], [ -75.086997, 40.029443 ] ] ] } },
{ "type": "Feature", "properties": { "tract_geoid": "42101030501", "tract_name": "305.01", "fixed_population": 4529.0, "peak_count": 8, "peak_rate": 5.8879811584602928, "recent_count": 8, "recent_rate": 5.8879811584602928, "absolute_rate_change": 0.0, "absolute_count_change": 0, "benchmark_rate_10k": 13.597203178615208, "baseline_percentile": 0.75, "peak_elevated": false, "recent_elevated": false, "transition": "Consistently below", "low_population_flag": false, "low_count_flag": false, "zero_population_flag": false, "missing_denominator_flag": false }, "geometry": { "type": "Polygon", "coordinates": [ [ [ -75.104633, 40.040073 ], [ -75.100374, 40.044605 ], [ -75.101105, 40.045038 ], [ -75.098017, 40.047096 ], [ -75.094175, 40.045026 ], [ -75.096603, 40.042487 ], [ -75.101572, 40.038293 ], [ -75.104633, 40.040073 ] ] ] } },
{ "type": "Feature", "properties": { "tract_geoid": "42101030502", "tract_name": "305.02", "fixed_population": 6564.0, "peak_count": 11, "peak_rate": 5.5860247816372137, "recent_count": 15, "recent_rate": 7.6173065204143819, "absolute_rate_change": 2.0312817387771682, "absolute_count_change": 4, "benchmark_rate_10k": 13.597203178615208, "baseline_percentile": 0.75, "peak_elevated": false, "recent_elevated": false, "transition": "Consistently below", "low_population_flag": false, "low_count_flag": false, "zero_population_flag": false, "missing_denominator_flag": false }, "geometry": { "type": "Polygon", "coordinates": [ [ [ -75.111153, 40.042187 ], [ -75.109431, 40.045874 ], [ -75.108275, 40.047759 ], [ -75.106531, 40.04938 ], [ -75.10323, 40.051355 ], [ -75.099559, 40.047973 ], [ -75.098017, 40.047096 ], [ -75.101105, 40.045038 ], [ -75.100374, 40.044605 ], [ -75.104633, 40.040073 ], [ -75.109931, 40.043198 ], [ -75.111153, 40.042187 ] ] ] } },
{ "type": "Feature", "properties": { "tract_geoid": "42101030600", "tract_name": "306", "fixed_population": 6987.0, "peak_count": 6, "peak_rate": 2.8624588521540004, "recent_count": 2, "recent_rate": 0.9541529507180001, "absolute_rate_change": -1.9083059014360004, "absolute_count_change": -4, "benchmark_rate_10k": 13.597203178615208, "baseline_percentile": 0.75, "peak_elevated": false, "recent_elevated": false, "transition": "Consistently below", "low_population_flag": false, "low_count_flag": true, "zero_population_flag": false, "missing_denominator_flag": false }, "geometry": { "type": "Polygon", "coordinates": [ [ [ -75.10323, 40.051355 ], [ -75.097484, 40.054665 ], [ -75.094056, 40.056771 ], [ -75.093504, 40.057241 ], [ -75.092807, 40.056329 ], [ -75.092131, 40.053178 ], [ -75.088344, 40.051235 ], [ -75.085989, 40.050878 ], [ -75.086165, 40.050024 ], [ -75.086975, 40.048567 ], [ -75.088312, 40.045514 ], [ -75.091859, 40.047485 ], [ -75.094175, 40.045026 ], [ -75.099559, 40.047973 ], [ -75.10323, 40.051355 ] ] ] } },
{ "type": "Feature", "properties": { "tract_geoid": "42101030700", "tract_name": "307", "fixed_population": 4432.0, "peak_count": 2, "peak_rate": 1.5042117930204573, "recent_count": 0, "recent_rate": 0.0, "absolute_rate_change": -1.5042117930204573, "absolute_count_change": -2, "benchmark_rate_10k": 13.597203178615208, "baseline_percentile": 0.75, "peak_elevated": false, "recent_elevated": false, "transition": "Consistently below", "low_population_flag": false, "low_count_flag": true, "zero_population_flag": false, "missing_denominator_flag": false }, "geometry": { "type": "Polygon", "coordinates": [ [ [ -75.093644, 40.057429 ], [ -75.087425, 40.063599 ], [ -75.083525, 40.06127 ], [ -75.08498, 40.058893 ], [ -75.085676, 40.057208 ], [ -75.085847, 40.05441 ], [ -75.086332, 40.053823 ], [ -75.086608, 40.05219 ], [ -75.085989, 40.050878 ], [ -75.088344, 40.051235 ], [ -75.092131, 40.053178 ], [ -75.092807, 40.056329 ], [ -75.093644, 40.057429 ] ] ] } },
{ "type": "Feature", "properties": { "tract_geoid": "42101030800", "tract_name": "308", "fixed_population": 4751.0, "peak_count": 4, "peak_rate": 2.8064267171823474, "recent_count": 5, "recent_rate": 3.5080333964779347, "absolute_rate_change": 0.70160667929558729, "absolute_count_change": 1, "benchmark_rate_10k": 13.597203178615208, "baseline_percentile": 0.75, "peak_elevated": false, "recent_elevated": false, "transition": "Consistently below", "low_population_flag": false, "low_count_flag": true, "zero_population_flag": false, "missing_denominator_flag": false }, "geometry": { "type": "Polygon", "coordinates": [ [ [ -75.086332, 40.053823 ], [ -75.085847, 40.05441 ], [ -75.085676, 40.057208 ], [ -75.08498, 40.058893 ], [ -75.083525, 40.06127 ], [ -75.075032, 40.056359 ], [ -75.079878, 40.051217 ], [ -75.082888, 40.048197 ], [ -75.086165, 40.050024 ], [ -75.085989, 40.050878 ], [ -75.086608, 40.05219 ], [ -75.086332, 40.053823 ] ] ] } },
{ "type": "Feature", "properties": { "tract_geoid": "42101030900", "tract_name": "309", "fixed_population": 4528.0, "peak_count": 4, "peak_rate": 2.9446407538280326, "recent_count": 3, "recent_rate": 2.2084805653710249, "absolute_rate_change": -0.7361601884570077, "absolute_count_change": -1, "benchmark_rate_10k": 13.597203178615208, "baseline_percentile": 0.75, "peak_elevated": false, "recent_elevated": false, "transition": "Consistently below", "low_population_flag": false, "low_count_flag": true, "zero_population_flag": false, "missing_denominator_flag": false }, "geometry": { "type": "Polygon", "coordinates": [ [ [ -75.088975, 40.044332 ], [ -75.088312, 40.045514 ], [ -75.086975, 40.048567 ], [ -75.086165, 40.050024 ], [ -75.079188, 40.046133 ], [ -75.082674, 40.04242 ], [ -75.084412, 40.039499 ], [ -75.086804, 40.037049 ], [ -75.087852, 40.036111 ], [ -75.088709, 40.03795 ], [ -75.088184, 40.040767 ], [ -75.088975, 40.044332 ] ] ] } },
{ "type": "Feature", "properties": { "tract_geoid": "42101031000", "tract_name": "310", "fixed_population": 7377.0, "peak_count": 7, "peak_rate": 3.1629840495232933, "recent_count": 7, "recent_rate": 3.1629840495232933, "absolute_rate_change": 0.0, "absolute_count_change": 0, "benchmark_rate_10k": 13.597203178615208, "baseline_percentile": 0.75, "peak_elevated": false, "recent_elevated": false, "transition": "Consistently below", "low_population_flag": false, "low_count_flag": false, "zero_population_flag": false, "missing_denominator_flag": false }, "geometry": { "type": "Polygon", "coordinates": [ [ [ -75.082888, 40.048197 ], [ -75.075032, 40.056359 ], [ -75.066045, 40.051181 ], [ -75.073836, 40.043174 ], [ -75.082888, 40.048197 ] ] ] } },
{ "type": "Feature", "properties": { "tract_geoid": "42101031101", "tract_name": "311.01", "fixed_population": 4411.0, "peak_count": 9, "peak_rate": 6.8011788710043071, "recent_count": 4, "recent_rate": 3.0227461648908034, "absolute_rate_change": -3.7784327061135037, "absolute_count_change": -5, "benchmark_rate_10k": 13.597203178615208, "baseline_percentile": 0.75, "peak_elevated": false, "recent_elevated": false, "transition": "Consistently below", "low_population_flag": false, "low_count_flag": true, "zero_population_flag": false, "missing_denominator_flag": false }, "geometry": { "type": "Polygon", "coordinates": [ [ [ -75.082674, 40.04242 ], [ -75.079188, 40.046133 ], [ -75.073836, 40.043174 ], [ -75.07862, 40.038205 ], [ -75.082114, 40.040147 ], [ -75.080904, 40.041432 ], [ -75.082674, 40.04242 ] ] ] } },
{ "type": "Feature", "properties": { "tract_geoid": "42101031102", "tract_name": "311.02", "fixed_population": 5168.0, "peak_count": 3, "peak_rate": 1.9349845201238391, "recent_count": 8, "recent_rate": 5.1599587203302368, "absolute_rate_change": 3.2249742002063977, "absolute_count_change": 5, "benchmark_rate_10k": 13.597203178615208, "baseline_percentile": 0.75, "peak_elevated": false, "recent_elevated": false, "transition": "Consistently below", "low_population_flag": false, "low_count_flag": true, "zero_population_flag": false, "missing_denominator_flag": false }, "geometry": { "type": "Polygon", "coordinates": [ [ [ -75.087852, 40.036111 ], [ -75.086804, 40.037049 ], [ -75.084412, 40.039499 ], [ -75.082674, 40.04242 ], [ -75.080904, 40.041432 ], [ -75.082114, 40.040147 ], [ -75.07862, 40.038205 ], [ -75.084273, 40.032172 ], [ -75.084832, 40.032349 ], [ -75.085313, 40.033521 ], [ -75.087159, 40.03479 ], [ -75.087852, 40.036111 ] ] ] } },
{ "type": "Feature", "properties": { "tract_geoid": "42101031200", "tract_name": "312", "fixed_population": 5345.0, "peak_count": 13, "peak_rate": 8.1072653570314941, "recent_count": 3, "recent_rate": 1.8709073900841908, "absolute_rate_change": -6.2363579669473035, "absolute_count_change": -10, "benchmark_rate_10k": 13.597203178615208, "baseline_percentile": 0.75, "peak_elevated": false, "recent_elevated": false, "transition": "Consistently below", "low_population_flag": false, "low_count_flag": true, "zero_population_flag": false, "missing_denominator_flag": false }, "geometry": { "type": "Polygon", "coordinates": [ [ [ -75.08218, 40.034486 ], [ -75.077394, 40.039464 ], [ -75.07016, 40.035425 ], [ -75.084273, 40.032172 ], [ -75.08218, 40.034486 ] ] ] } },
{ "type": "Feature", "properties": { "tract_geoid": "42101031300", "tract_name": "313", "fixed_population": 6463.0, "peak_count": 6, "peak_rate": 3.0945381401825776, "recent_count": 9, "recent_rate": 4.6418072102738668, "absolute_rate_change": 1.5472690700912892, "absolute_count_change": 3, "benchmark_rate_10k": 13.597203178615208, "baseline_percentile": 0.75, "peak_elevated": false, "recent_elevated": false, "transition": "Consistently below", "low_population_flag": false, "low_count_flag": false, "zero_population_flag": false, "missing_denominator_flag": false }, "geometry": { "type": "Polygon", "coordinates": [ [ [ -75.077394, 40.039464 ], [ -75.072645, 40.044394 ], [ -75.061544, 40.038213 ], [ -75.063057, 40.03714 ], [ -75.064433, 40.036738 ], [ -75.07016, 40.035425 ], [ -75.077394, 40.039464 ] ] ] } },
{ "type": "Feature", "properties": { "tract_geoid": "42101031401", "tract_name": "314.01", "fixed_population": 6990.0, "peak_count": 5, "peak_rate": 2.3843586075345731, "recent_count": 5, "recent_rate": 2.3843586075345731, "absolute_rate_change": 0.0, "absolute_count_change": 0, "benchmark_rate_10k": 13.597203178615208, "baseline_percentile": 0.75, "peak_elevated": false, "recent_elevated": false, "transition": "Consistently below", "low_population_flag": false, "low_count_flag": false, "zero_population_flag": false, "missing_denominator_flag": false }, "geometry": { "type": "Polygon", "coordinates": [ [ [ -75.072645, 40.044394 ], [ -75.066045, 40.051181 ], [ -75.061374, 40.048585 ], [ -75.06446, 40.045522 ], [ -75.061926, 40.04411 ], [ -75.06558, 40.040442 ], [ -75.072645, 40.044394 ] ] ] } },
{ "type": "Feature", "properties": { "tract_geoid": "42101031402", "tract_name": "314.02", "fixed_population": 6124.0, "peak_count": 4, "peak_rate": 2.177226213803614, "recent_count": 2, "recent_rate": 1.088613106901807, "absolute_rate_change": -1.088613106901807, "absolute_count_change": -2, "benchmark_rate_10k": 13.597203178615208, "baseline_percentile": 0.75, "peak_elevated": false, "recent_elevated": false, "transition": "Consistently below", "low_population_flag": false, "low_count_flag": true, "zero_population_flag": false, "missing_denominator_flag": false }, "geometry": { "type": "Polygon", "coordinates": [ [ [ -75.06558, 40.040442 ], [ -75.061926, 40.04411 ], [ -75.06446, 40.045522 ], [ -75.061374, 40.048585 ], [ -75.054646, 40.044645 ], [ -75.061544, 40.038213 ], [ -75.06558, 40.040442 ] ] ] } },
{ "type": "Feature", "properties": { "tract_geoid": "42101031501", "tract_name": "315.01", "fixed_population": 7526.0, "peak_count": 8, "peak_rate": 3.543272211887678, "recent_count": 3, "recent_rate": 1.3287270794578794, "absolute_rate_change": -2.2145451324297989, "absolute_count_change": -5, "benchmark_rate_10k": 13.597203178615208, "baseline_percentile": 0.75, "peak_elevated": false, "recent_elevated": false, "transition": "Consistently below", "low_population_flag": false, "low_count_flag": true, "zero_population_flag": false, "missing_denominator_flag": false }, "geometry": { "type": "Polygon", "coordinates": [ [ [ -75.053701, 40.033844 ], [ -75.051973, 40.035672 ], [ -75.053584, 40.036574 ], [ -75.049027, 40.041412 ], [ -75.04086, 40.036757 ], [ -75.04677, 40.033683 ], [ -75.048701, 40.032945 ], [ -75.050972, 40.032324 ], [ -75.053701, 40.033844 ] ] ] } },
{ "type": "Feature", "properties": { "tract_geoid": "42101031502", "tract_name": "315.02", "fixed_population": 3671.0, "peak_count": 2, "peak_rate": 1.8160355942976483, "recent_count": 1, "recent_rate": 0.90801779714882414, "absolute_rate_change": -0.90801779714882414, "absolute_count_change": -1, "benchmark_rate_10k": 13.597203178615208, "baseline_percentile": 0.75, "peak_elevated": false, "recent_elevated": false, "transition": "Consistently below", "low_population_flag": false, "low_count_flag": true, "zero_population_flag": false, "missing_denominator_flag": false }, "geometry": { "type": "Polygon", "coordinates": [ [ [ -75.061544, 40.038213 ], [ -75.054646, 40.044645 ], [ -75.049027, 40.041412 ], [ -75.053584, 40.036574 ], [ -75.051973, 40.035672 ], [ -75.053701, 40.033844 ], [ -75.061544, 40.038213 ] ] ] } },
{ "type": "Feature", "properties": { "tract_geoid": "42101031600", "tract_name": "316", "fixed_population": 5610.0, "peak_count": 11, "peak_rate": 6.5359477124183005, "recent_count": 2, "recent_rate": 1.1883541295306002, "absolute_rate_change": -5.3475935828877006, "absolute_count_change": -9, "benchmark_rate_10k": 13.597203178615208, "baseline_percentile": 0.75, "peak_elevated": false, "recent_elevated": false, "transition": "Consistently below", "low_population_flag": false, "low_count_flag": true, "zero_population_flag": false, "missing_denominator_flag": false }, "geometry": { "type": "Polygon", "coordinates": [ [ [ -75.064433, 40.036738 ], [ -75.063057, 40.03714 ], [ -75.061544, 40.038213 ], [ -75.050972, 40.032324 ], [ -75.053249, 40.0317 ], [ -75.0548, 40.030642 ], [ -75.056077, 40.029455 ], [ -75.059227, 40.027909 ], [ -75.059982, 40.027793 ], [ -75.061597, 40.028094 ], [ -75.062394, 40.027444 ], [ -75.062486, 40.028284 ], [ -75.062828, 40.02941 ], [ -75.064433, 40.036738 ] ] ] } },
{ "type": "Feature", "properties": { "tract_geoid": "42101031700", "tract_name": "317", "fixed_population": 5873.0, "peak_count": 5, "peak_rate": 2.8378455076905618, "recent_count": 7, "recent_rate": 3.972983710766786, "absolute_rate_change": 1.1351382030762243, "absolute_count_change": 2, "benchmark_rate_10k": 13.597203178615208, "baseline_percentile": 0.75, "peak_elevated": false, "recent_elevated": false, "transition": "Consistently below", "low_population_flag": false, "low_count_flag": false, "zero_population_flag": false, "missing_denominator_flag": false }, "geometry": { "type": "Polygon", "coordinates": [ [ [ -75.075488, 40.027071 ], [ -75.074471, 40.028282 ], [ -75.072682, 40.031938 ], [ -75.070806, 40.03528 ], [ -75.064433, 40.036738 ], [ -75.062828, 40.02941 ], [ -75.062486, 40.028284 ], [ -75.062394, 40.027444 ], [ -75.067957, 40.026583 ], [ -75.073364, 40.025369 ], [ -75.075488, 40.027071 ] ] ] } },
{ "type": "Feature", "properties": { "tract_geoid": "42101031800", "tract_name": "318", "fixed_population": 3989.0, "peak_count": 7, "peak_rate": 5.8494192362329738, "recent_count": 8, "recent_rate": 6.6850505556948274, "absolute_rate_change": 0.83563131946185365, "absolute_count_change": 1, "benchmark_rate_10k": 13.597203178615208, "baseline_percentile": 0.75, "peak_elevated": false, "recent_elevated": false, "transition": "Consistently below", "low_population_flag": false, "low_count_flag": false, "zero_population_flag": false, "missing_denominator_flag": false }, "geometry": { "type": "Polygon", "coordinates": [ [ [ -75.084273, 40.032172 ], [ -75.080235, 40.03311 ], [ -75.070806, 40.03528 ], [ -75.072682, 40.031938 ], [ -75.074471, 40.028282 ], [ -75.075488, 40.027071 ], [ -75.07703, 40.027445 ], [ -75.084197, 40.031438 ], [ -75.084134, 40.031964 ], [ -75.084273, 40.032172 ] ] ] } },
{ "type": "Feature", "properties": { "tract_geoid": "42101031900", "tract_name": "319", "fixed_population": 5392.0, "peak_count": 9, "peak_rate": 5.5637982195845703, "recent_count": 3, "recent_rate": 1.8545994065281899, "absolute_rate_change": -3.7091988130563802, "absolute_count_change": -6, "benchmark_rate_10k": 13.597203178615208, "baseline_percentile": 0.75, "peak_elevated": false, "recent_elevated": false, "transition": "Consistently below", "low_population_flag": false, "low_count_flag": true, "zero_population_flag": false, "missing_denominator_flag": false }, "geometry": { "type": "Polygon", "coordinates": [ [ [ -75.073364, 40.025369 ], [ -75.067957, 40.026583 ], [ -75.062394, 40.027444 ], [ -75.062419, 40.027136 ], [ -75.057513, 40.021597 ], [ -75.063669, 40.018405 ], [ -75.065113, 40.017511 ], [ -75.068516, 40.021385 ], [ -75.073364, 40.025369 ] ] ] } },
{ "type": "Feature", "properties": { "tract_geoid": "42101032000", "tract_name": "320", "fixed_population": 7173.0, "peak_count": 16, "peak_rate": 7.4352897439472097, "recent_count": 4, "recent_rate": 1.8588224359868024, "absolute_rate_change": -5.5764673079604075, "absolute_count_change": -12, "benchmark_rate_10k": 13.597203178615208, "baseline_percentile": 0.75, "peak_elevated": false, "recent_elevated": false, "transition": "Consistently below", "low_population_flag": false, "low_count_flag": true, "zero_population_flag": false, "missing_denominator_flag": false }, "geometry": { "type": "Polygon", "coordinates": [ [ [ -75.062394, 40.027444 ], [ -75.061597, 40.028094 ], [ -75.059982, 40.027793 ], [ -75.059227, 40.027909 ], [ -75.056077, 40.029455 ], [ -75.0548, 40.030642 ], [ -75.053249, 40.0317 ], [ -75.050972, 40.032324 ], [ -75.047453, 40.028294 ], [ -75.054495, 40.024648 ], [ -75.053604, 40.023615 ], [ -75.057513, 40.021597 ], [ -75.062419, 40.027136 ], [ -75.062394, 40.027444 ] ] ] } },
{ "type": "Feature", "properties": { "tract_geoid": "42101032100", "tract_name": "321", "fixed_population": 4102.0, "peak_count": 14, "peak_rate": 11.376564277588168, "recent_count": 15, "recent_rate": 12.189176011701608, "absolute_rate_change": 0.81261173411344068, "absolute_count_change": 1, "benchmark_rate_10k": 13.597203178615208, "baseline_percentile": 0.75, "peak_elevated": false, "recent_elevated": false, "transition": "Consistently below", "low_population_flag": false, "low_count_flag": false, "zero_population_flag": false, "missing_denominator_flag": false }, "geometry": { "type": "Polygon", "coordinates": [ [ [ -75.065113, 40.017511 ], [ -75.063669, 40.018405 ], [ -75.057513, 40.021597 ], [ -75.052816, 40.016119 ], [ -75.056898, 40.014204 ], [ -75.061339, 40.012764 ], [ -75.06206, 40.014021 ], [ -75.065113, 40.017511 ] ] ] } },
{ "type": "Feature", "properties": { "tract_geoid": "42101032300", "tract_name": "323", "fixed_population": 4158.0, "peak_count": 8, "peak_rate": 6.4133397466730804, "recent_count": 14, "recent_rate": 11.22334455667789, "absolute_rate_change": 4.8100048100048101, "absolute_count_change": 6, "benchmark_rate_10k": 13.597203178615208, "baseline_percentile": 0.75, "peak_elevated": false, "recent_elevated": false, "transition": "Consistently below", "low_population_flag": false, "low_count_flag": false, "zero_population_flag": false, "missing_denominator_flag": false }, "geometry": { "type": "Polygon", "coordinates": [ [ [ -75.057513, 40.021597 ], [ -75.053604, 40.023615 ], [ -75.054495, 40.024648 ], [ -75.051104, 40.026407 ], [ -75.045381, 40.019868 ], [ -75.052816, 40.016119 ], [ -75.057513, 40.021597 ] ] ] } },
{ "type": "Feature", "properties": { "tract_geoid": "42101032500", "tract_name": "325", "fixed_population": 5598.0, "peak_count": 16, "peak_rate": 9.5272120995593674, "recent_count": 19, "recent_rate": 11.313564368226748, "absolute_rate_change": 1.7863522686673807, "absolute_count_change": 3, "benchmark_rate_10k": 13.597203178615208, "baseline_percentile": 0.75, "peak_elevated": false, "recent_elevated": false, "transition": "Consistently below", "low_population_flag": false, "low_count_flag": false, "zero_population_flag": false, "missing_denominator_flag": false }, "geometry": { "type": "Polygon", "coordinates": [ [ [ -75.051104, 40.026407 ], [ -75.047453, 40.028294 ], [ -75.050972, 40.032324 ], [ -75.048701, 40.032945 ], [ -75.04677, 40.033683 ], [ -75.038625, 40.024239 ], [ -75.039452, 40.022917 ], [ -75.043506, 40.020749 ], [ -75.045381, 40.019868 ], [ -75.051104, 40.026407 ] ] ] } },
{ "type": "Feature", "properties": { "tract_geoid": "42101032600", "tract_name": "326", "fixed_population": 7014.0, "peak_count": 12, "peak_rate": 5.7028799543769608, "recent_count": 12, "recent_rate": 5.7028799543769608, "absolute_rate_change": 0.0, "absolute_count_change": 0, "benchmark_rate_10k": 13.597203178615208, "baseline_percentile": 0.75, "peak_elevated": false, "recent_elevated": false, "transition": "Consistently below", "low_population_flag": false, "low_count_flag": false, "zero_population_flag": false, "missing_denominator_flag": false }, "geometry": { "type": "Polygon", "coordinates": [ [ [ -75.04677, 40.033683 ], [ -75.04086, 40.036757 ], [ -75.04034, 40.036458 ], [ -75.032752, 40.02705 ], [ -75.039452, 40.022917 ], [ -75.038625, 40.024239 ], [ -75.04677, 40.033683 ] ] ] } },
{ "type": "Feature", "properties": { "tract_geoid": "42101032900", "tract_name": "329", "fixed_population": 4053.0, "peak_count": 8, "peak_rate": 6.5794884447734185, "recent_count": 4, "recent_rate": 3.2897442223867093, "absolute_rate_change": -3.2897442223867093, "absolute_count_change": -4, "benchmark_rate_10k": 13.597203178615208, "baseline_percentile": 0.75, "peak_elevated": false, "recent_elevated": false, "transition": "Consistently below", "low_population_flag": false, "low_count_flag": true, "zero_population_flag": false, "missing_denominator_flag": false }, "geometry": { "type": "Polygon", "coordinates": [ [ [ -75.033427, 40.039473 ], [ -75.021752, 40.043668 ], [ -75.020499, 40.043542 ], [ -75.022122, 40.038058 ], [ -75.021806, 40.037024 ], [ -75.021906, 40.03451 ], [ -75.021725, 40.033923 ], [ -75.028413, 40.029758 ], [ -75.029706, 40.030947 ], [ -75.02798, 40.031894 ], [ -75.030793, 40.03519 ], [ -75.033427, 40.039473 ] ] ] } },
{ "type": "Feature", "properties": { "tract_geoid": "42101033000", "tract_name": "330", "fixed_population": 10596.0, "peak_count": 34, "peak_rate": 10.695860072983516, "recent_count": 12, "recent_rate": 3.7750094375235936, "absolute_rate_change": -6.9208506354599226, "absolute_count_change": -22, "benchmark_rate_10k": 13.597203178615208, "baseline_percentile": 0.75, "peak_elevated": false, "recent_elevated": false, "transition": "Consistently below", "low_population_flag": false, "low_count_flag": false, "zero_population_flag": false, "missing_denominator_flag": false }, "geometry": { "type": "Polygon", "coordinates": [ [ [ -75.04086, 40.036757 ], [ -75.033427, 40.039473 ], [ -75.030793, 40.03519 ], [ -75.02798, 40.031894 ], [ -75.029706, 40.030947 ], [ -75.028413, 40.029758 ], [ -75.032752, 40.02705 ], [ -75.04034, 40.036458 ], [ -75.04086, 40.036757 ] ] ] } },
{ "type": "Feature", "properties": { "tract_geoid": "42101033101", "tract_name": "331.01", "fixed_population": 4969.0, "peak_count": 5, "peak_rate": 3.3541289327161738, "recent_count": 6, "recent_rate": 4.0249547192594086, "absolute_rate_change": 0.67082578654323477, "absolute_count_change": 1, "benchmark_rate_10k": 13.597203178615208, "baseline_percentile": 0.75, "peak_elevated": false, "recent_elevated": false, "transition": "Consistently below", "low_population_flag": false, "low_count_flag": false, "zero_population_flag": false, "missing_denominator_flag": false }, "geometry": { "type": "Polygon", "coordinates": [ [ [ -75.045919, 40.039643 ], [ -75.043322, 40.040305 ], [ -75.034393, 40.044379 ], [ -75.0327, 40.042205 ], [ -75.03134, 40.040236 ], [ -75.04086, 40.036757 ], [ -75.045919, 40.039643 ] ] ] } },
{ "type": "Feature", "properties": { "tract_geoid": "42101033102", "tract_name": "331.02", "fixed_population": 3705.0, "peak_count": 0, "peak_rate": 0.0, "recent_count": 4, "recent_rate": 3.5987404408457042, "absolute_rate_change": 3.5987404408457042, "absolute_count_change": 4, "benchmark_rate_10k": 13.597203178615208, "baseline_percentile": 0.75, "peak_elevated": false, "recent_elevated": false, "transition": "Consistently below", "low_population_flag": false, "low_count_flag": true, "zero_population_flag": false, "missing_denominator_flag": false }, "geometry": { "type": "Polygon", "coordinates": [ [ [ -75.034393, 40.044379 ], [ -75.03154, 40.045681 ], [ -75.031776, 40.046141 ], [ -75.03163, 40.047852 ], [ -75.029934, 40.048585 ], [ -75.026037, 40.048163 ], [ -75.023007, 40.049197 ], [ -75.021343, 40.048294 ], [ -75.020489, 40.04639 ], [ -75.021752, 40.043668 ], [ -75.03134, 40.040236 ], [ -75.0327, 40.042205 ], [ -75.034393, 40.044379 ] ] ] } },
{ "type": "Feature", "properties": { "tract_geoid": "42101033200", "tract_name": "332", "fixed_population": 2581.0, "peak_count": 3, "peak_rate": 3.8744672607516466, "recent_count": 6, "recent_rate": 7.7489345215032932, "absolute_rate_change": 3.8744672607516466, "absolute_count_change": 3, "benchmark_rate_10k": 13.597203178615208, "baseline_percentile": 0.75, "peak_elevated": false, "recent_elevated": false, "transition": "Consistently below", "low_population_flag": false, "low_count_flag": true, "zero_population_flag": false, "missing_denominator_flag": false }, "geometry": { "type": "Polygon", "coordinates": [ [ [ -75.054646, 40.044645 ], [ -75.052455, 40.046732 ], [ -75.051619, 40.047072 ], [ -75.049377, 40.046771 ], [ -75.047775, 40.046246 ], [ -75.045269, 40.046509 ], [ -75.043694, 40.047502 ], [ -75.041323, 40.047292 ], [ -75.039255, 40.045982 ], [ -75.033824, 40.04466 ], [ -75.043322, 40.040305 ], [ -75.045919, 40.039643 ], [ -75.054646, 40.044645 ] ] ] } },
{ "type": "Feature", "properties": { "tract_geoid": "42101033300", "tract_name": "333", "fixed_population": 4296.0, "peak_count": 5, "peak_rate": 3.8795779019242711, "recent_count": 2, "recent_rate": 1.5518311607697082, "absolute_rate_change": -2.3277467411545629, "absolute_count_change": -3, "benchmark_rate_10k": 13.597203178615208, "baseline_percentile": 0.75, "peak_elevated": false, "recent_elevated": false, "transition": "Consistently below", "low_population_flag": false, "low_count_flag": true, "zero_population_flag": false, "missing_denominator_flag": false }, "geometry": { "type": "Polygon", "coordinates": [ [ [ -75.051258, 40.052074 ], [ -75.050817, 40.052907 ], [ -75.044507, 40.059365 ], [ -75.04206, 40.064722 ], [ -75.041738, 40.064658 ], [ -75.03892, 40.06143 ], [ -75.038539, 40.060858 ], [ -75.038658, 40.056708 ], [ -75.040059, 40.054079 ], [ -75.040247, 40.053158 ], [ -75.041515, 40.051762 ], [ -75.041778, 40.050361 ], [ -75.045149, 40.048854 ], [ -75.04796, 40.048016 ], [ -75.051057, 40.049022 ], [ -75.050943, 40.050215 ], [ -75.051496, 40.050459 ], [ -75.051258, 40.052074 ] ] ] } },
{ "type": "Feature", "properties": { "tract_geoid": "42101033400", "tract_name": "334", "fixed_population": 5033.0, "peak_count": 2, "peak_rate": 1.3245910325187098, "recent_count": 2, "recent_rate": 1.3245910325187098, "absolute_rate_change": 0.0, "absolute_count_change": 0, "benchmark_rate_10k": 13.597203178615208, "baseline_percentile": 0.75, "peak_elevated": false, "recent_elevated": false, "transition": "Consistently below", "low_population_flag": false, "low_count_flag": true, "zero_population_flag": false, "missing_denominator_flag": false }, "geometry": { "type": "Polygon", "coordinates": [ [ [ -75.060654, 40.050999 ], [ -75.052408, 40.059739 ], [ -75.051859, 40.061295 ], [ -75.051677, 40.063082 ], [ -75.048323, 40.061176 ], [ -75.044507, 40.059365 ], [ -75.050817, 40.052907 ], [ -75.051258, 40.052074 ], [ -75.05195, 40.047436 ], [ -75.052455, 40.046732 ], [ -75.054646, 40.044645 ], [ -75.059937, 40.047751 ], [ -75.058284, 40.049688 ], [ -75.060654, 40.050999 ] ] ] } },
{ "type": "Feature", "properties": { "tract_geoid": "42101033500", "tract_name": "335", "fixed_population": 4262.0, "peak_count": 3, "peak_rate": 2.3463162834350069, "recent_count": 3, "recent_rate": 2.3463162834350069, "absolute_rate_change": 0.0, "absolute_count_change": 0, "benchmark_rate_10k": 13.597203178615208, "baseline_percentile": 0.75, "peak_elevated": false, "recent_elevated": false, "transition": "Consistently below", "low_population_flag": false, "low_count_flag": true, "zero_population_flag": false, "missing_denominator_flag": false }, "geometry": { "type": "Polygon", "coordinates": [ [ [ -75.073256, 40.05533 ], [ -75.068074, 40.060824 ], [ -75.057125, 40.054722 ], [ -75.060654, 40.050999 ], [ -75.058284, 40.049688 ], [ -75.059937, 40.047751 ], [ -75.073256, 40.05533 ] ] ] } },
{ "type": "Feature", "properties": { "tract_geoid": "42101033600", "tract_name": "336", "fixed_population": 7585.0, "peak_count": 7, "peak_rate": 3.0762469786860032, "recent_count": 4, "recent_rate": 1.7578554163920017, "absolute_rate_change": -1.3183915622940015, "absolute_count_change": -3, "benchmark_rate_10k": 13.597203178615208, "baseline_percentile": 0.75, "peak_elevated": false, "recent_elevated": false, "transition": "Consistently below", "low_population_flag": false, "low_count_flag": true, "zero_population_flag": false, "missing_denominator_flag": false }, "geometry": { "type": "Polygon", "coordinates": [ [ [ -75.068074, 40.060824 ], [ -75.061118, 40.068122 ], [ -75.059221, 40.067297 ], [ -75.051677, 40.063082 ], [ -75.051859, 40.061295 ], [ -75.052408, 40.059739 ], [ -75.057125, 40.054722 ], [ -75.068074, 40.060824 ] ] ] } },
{ "type": "Feature", "properties": { "tract_geoid": "42101033701", "tract_name": "337.01", "fixed_population": 6134.0, "peak_count": 2, "peak_rate": 1.0868383871318334, "recent_count": 2, "recent_rate": 1.0868383871318334, "absolute_rate_change": 0.0, "absolute_count_change": 0, "benchmark_rate_10k": 13.597203178615208, "baseline_percentile": 0.75, "peak_elevated": false, "recent_elevated": false, "transition": "Consistently below", "low_population_flag": false, "low_count_flag": true, "zero_population_flag": false, "missing_denominator_flag": false }, "geometry": { "type": "Polygon", "coordinates": [ [ [ -75.055477, 40.065149 ], [ -75.052315, 40.068484 ], [ -75.051875, 40.069988 ], [ -75.050462, 40.071509 ], [ -75.051719, 40.072241 ], [ -75.047467, 40.076419 ], [ -75.04608, 40.075019 ], [ -75.045793, 40.075329 ], [ -75.043955, 40.072522 ], [ -75.045101, 40.069622 ], [ -75.047381, 40.070558 ], [ -75.047762, 40.069395 ], [ -75.047114, 40.068037 ], [ -75.047435, 40.067186 ], [ -75.047347, 40.066401 ], [ -75.046589, 40.065885 ], [ -75.044675, 40.06484 ], [ -75.04206, 40.064722 ], [ -75.044507, 40.059365 ], [ -75.048323, 40.061176 ], [ -75.055477, 40.065149 ] ] ] } },
{ "type": "Feature", "properties": { "tract_geoid": "42101033702", "tract_name": "337.02", "fixed_population": 4723.0, "peak_count": 4, "peak_rate": 2.8230644364457618, "recent_count": 0, "recent_rate": 0.0, "absolute_rate_change": -2.8230644364457618, "absolute_count_change": -4, "benchmark_rate_10k": 13.597203178615208, "baseline_percentile": 0.75, "peak_elevated": false, "recent_elevated": false, "transition": "Consistently below", "low_population_flag": false, "low_count_flag": true, "zero_population_flag": false, "missing_denominator_flag": false }, "geometry": { "type": "Polygon", "coordinates": [ [ [ -75.068862, 40.071845 ], [ -75.065724, 40.070193 ], [ -75.058503, 40.074804 ], [ -75.055857, 40.073249 ], [ -75.049347, 40.077036 ], [ -75.048258, 40.077034 ], [ -75.045793, 40.075329 ], [ -75.04608, 40.075019 ], [ -75.047467, 40.076419 ], [ -75.051719, 40.072241 ], [ -75.050462, 40.071509 ], [ -75.051875, 40.069988 ], [ -75.052315, 40.068484 ], [ -75.055477, 40.065149 ], [ -75.059221, 40.067297 ], [ -75.061118, 40.068122 ], [ -75.06304, 40.066143 ], [ -75.067355, 40.068727 ], [ -75.070412, 40.07022 ], [ -75.068862, 40.071845 ] ] ] } },
{ "type": "Feature", "properties": { "tract_geoid": "42101033800", "tract_name": "338", "fixed_population": 6142.0, "peak_count": 5, "peak_rate": 2.7135569304244003, "recent_count": 16, "recent_rate": 8.6833821773580802, "absolute_rate_change": 5.9698252469336799, "absolute_count_change": 11, "benchmark_rate_10k": 13.597203178615208, "baseline_percentile": 0.75, "peak_elevated": false, "recent_elevated": false, "transition": "Consistently below", "low_population_flag": false, "low_count_flag": false, "zero_population_flag": false, "missing_denominator_flag": false }, "geometry": { "type": "Polygon", "coordinates": [ [ [ -75.085729, 40.062589 ], [ -75.082965, 40.063948 ], [ -75.069297, 40.068345 ], [ -75.067838, 40.068959 ], [ -75.06304, 40.066143 ], [ -75.073256, 40.05533 ], [ -75.085729, 40.062589 ] ] ] } },
{ "type": "Feature", "properties": { "tract_geoid": "42101033900", "tract_name": "339", "fixed_population": 3292.0, "peak_count": 1, "peak_rate": 1.0125556905629811, "recent_count": 1, "recent_rate": 1.0125556905629811, "absolute_rate_change": 0.0, "absolute_count_change": 0, "benchmark_rate_10k": 13.597203178615208, "baseline_percentile": 0.75, "peak_elevated": false, "recent_elevated": false, "transition": "Consistently below", "low_population_flag": false, "low_count_flag": true, "zero_population_flag": false, "missing_denominator_flag": false }, "geometry": { "type": "Polygon", "coordinates": [ [ [ -75.096733, 40.068989 ], [ -75.090317, 40.075115 ], [ -75.085044, 40.072141 ], [ -75.08415, 40.071824 ], [ -75.083255, 40.071209 ], [ -75.07966, 40.069203 ], [ -75.080965, 40.067974 ], [ -75.07805, 40.06636 ], [ -75.077177, 40.065785 ], [ -75.082965, 40.063948 ], [ -75.085729, 40.062589 ], [ -75.096733, 40.068989 ] ] ] } },
{ "type": "Feature", "properties": { "tract_geoid": "42101034000", "tract_name": "340", "fixed_population": 3057.0, "peak_count": 1, "peak_rate": 1.0903936321011884, "recent_count": 0, "recent_rate": 0.0, "absolute_rate_change": -1.0903936321011884, "absolute_count_change": -1, "benchmark_rate_10k": 13.597203178615208, "baseline_percentile": 0.75, "peak_elevated": false, "recent_elevated": false, "transition": "Consistently below", "low_population_flag": false, "low_count_flag": true, "zero_population_flag": false, "missing_denominator_flag": false }, "geometry": { "type": "Polygon", "coordinates": [ [ [ -75.080965, 40.067974 ], [ -75.071007, 40.077682 ], [ -75.067912, 40.075976 ], [ -75.067333, 40.075504 ], [ -75.067823, 40.074097 ], [ -75.068958, 40.072358 ], [ -75.068862, 40.071845 ], [ -75.070412, 40.07022 ], [ -75.067838, 40.068959 ], [ -75.069297, 40.068345 ], [ -75.077177, 40.065785 ], [ -75.07805, 40.06636 ], [ -75.080965, 40.067974 ] ] ] } },
{ "type": "Feature", "properties": { "tract_geoid": "42101034100", "tract_name": "341", "fixed_population": 5843.0, "peak_count": 1, "peak_rate": 0.57048319926978153, "recent_count": 2, "recent_rate": 1.1409663985395631, "absolute_rate_change": 0.57048319926978153, "absolute_count_change": 1, "benchmark_rate_10k": 13.597203178615208, "baseline_percentile": 0.75, "peak_elevated": false, "recent_elevated": false, "transition": "Consistently below", "low_population_flag": false, "low_count_flag": true, "zero_population_flag": false, "missing_denominator_flag": false }, "geometry": { "type": "Polygon", "coordinates": [ [ [ -75.090317, 40.075115 ], [ -75.086906, 40.078648 ], [ -75.082456, 40.082884 ], [ -75.078845, 40.082048 ], [ -75.071007, 40.077682 ], [ -75.07966, 40.069203 ], [ -75.083255, 40.071209 ], [ -75.08415, 40.071824 ], [ -75.085044, 40.072141 ], [ -75.090317, 40.075115 ] ] ] } },
{ "type": "Feature", "properties": { "tract_geoid": "42101034200", "tract_name": "342", "fixed_population": 3751.0, "peak_count": 1, "peak_rate": 0.88865191504487695, "recent_count": 1, "recent_rate": 0.88865191504487695, "absolute_rate_change": 0.0, "absolute_count_change": 0, "benchmark_rate_10k": 13.597203178615208, "baseline_percentile": 0.75, "peak_elevated": false, "recent_elevated": false, "transition": "Consistently below", "low_population_flag": false, "low_count_flag": true, "zero_population_flag": false, "missing_denominator_flag": false }, "geometry": { "type": "Polygon", "coordinates": [ [ [ -75.081649, 40.083667 ], [ -75.077805, 40.08577 ], [ -75.069456, 40.094411 ], [ -75.066356, 40.092925 ], [ -75.066135, 40.092421 ], [ -75.066955, 40.091763 ], [ -75.072545, 40.088313 ], [ -75.073616, 40.087907 ], [ -75.074069, 40.087585 ], [ -75.074429, 40.087087 ], [ -75.074488, 40.086788 ], [ -75.071691, 40.086977 ], [ -75.068235, 40.085035 ], [ -75.062288, 40.084478 ], [ -75.068463, 40.080164 ], [ -75.066202, 40.077928 ], [ -75.067333, 40.075504 ], [ -75.067912, 40.075976 ], [ -75.078845, 40.082048 ], [ -75.082456, 40.082884 ], [ -75.081649, 40.083667 ] ] ] } },
{ "type": "Feature", "properties": { "tract_geoid": "42101034400", "tract_name": "344", "fixed_population": 8023.0, "peak_count": 0, "peak_rate": 0.0, "recent_count": 0, "recent_rate": 0.0, "absolute_rate_change": 0.0, "absolute_count_change": 0, "benchmark_rate_10k": 13.597203178615208, "baseline_percentile": 0.75, "peak_elevated": false, "recent_elevated": false, "transition": "Consistently below", "low_population_flag": false, "low_count_flag": true, "zero_population_flag": false, "missing_denominator_flag": false }, "geometry": { "type": "Polygon", "coordinates": [ [ [ -75.069456, 40.094411 ], [ -75.058342, 40.105892 ], [ -75.054321, 40.108692 ], [ -75.053057, 40.10618 ], [ -75.050974, 40.103122 ], [ -75.049676, 40.102037 ], [ -75.047115, 40.098377 ], [ -75.046737, 40.09524 ], [ -75.047299, 40.092762 ], [ -75.047052, 40.09108 ], [ -75.045685, 40.089021 ], [ -75.041488, 40.087338 ], [ -75.051031, 40.080086 ], [ -75.052737, 40.079427 ], [ -75.055208, 40.081189 ], [ -75.057065, 40.086823 ], [ -75.055807, 40.088095 ], [ -75.056445, 40.089014 ], [ -75.057068, 40.089697 ], [ -75.058343, 40.090153 ], [ -75.063708, 40.090568 ], [ -75.064096, 40.090677 ], [ -75.066135, 40.092421 ], [ -75.066356, 40.092925 ], [ -75.069456, 40.094411 ] ] ] } },
{ "type": "Feature", "properties": { "tract_geoid": "42101034501", "tract_name": "345.01", "fixed_population": 5001.0, "peak_count": 0, "peak_rate": 0.0, "recent_count": 2, "recent_rate": 1.3330667199893356, "absolute_rate_change": 1.3330667199893356, "absolute_count_change": 2, "benchmark_rate_10k": 13.597203178615208, "baseline_percentile": 0.75, "peak_elevated": false, "recent_elevated": false, "transition": "Consistently below", "low_population_flag": false, "low_count_flag": true, "zero_population_flag": false, "missing_denominator_flag": false }, "geometry": { "type": "Polygon", "coordinates": [ [ [ -75.04312, 40.077166 ], [ -75.040252, 40.079994 ], [ -75.037348, 40.078537 ], [ -75.036758, 40.079083 ], [ -75.03536, 40.074939 ], [ -75.035087, 40.074617 ], [ -75.039163, 40.070369 ], [ -75.040265, 40.068747 ], [ -75.041644, 40.070418 ], [ -75.039748, 40.072411 ], [ -75.04312, 40.077166 ] ] ] } },
{ "type": "Feature", "properties": { "tract_geoid": "42101034502", "tract_name": "345.02", "fixed_population": 5093.0, "peak_count": 2, "peak_rate": 1.3089861901956934, "recent_count": 0, "recent_rate": 0.0, "absolute_rate_change": -1.3089861901956934, "absolute_count_change": -2, "benchmark_rate_10k": 13.597203178615208, "baseline_percentile": 0.75, "peak_elevated": false, "recent_elevated": false, "transition": "Consistently below", "low_population_flag": false, "low_count_flag": true, "zero_population_flag": false, "missing_denominator_flag": false }, "geometry": { "type": "Polygon", "coordinates": [ [ [ -75.047286, 40.082932 ], [ -75.041488, 40.087338 ], [ -75.040877, 40.086966 ], [ -75.039509, 40.085702 ], [ -75.0384, 40.084472 ], [ -75.037498, 40.085459 ], [ -75.028952, 40.080968 ], [ -75.035087, 40.074617 ], [ -75.03536, 40.074939 ], [ -75.036758, 40.079083 ], [ -75.037348, 40.078537 ], [ -75.040252, 40.079994 ], [ -75.04312, 40.077166 ], [ -75.043154, 40.078466 ], [ -75.045593, 40.078487 ], [ -75.04553, 40.08057 ], [ -75.047286, 40.082932 ] ] ] } },
{ "type": "Feature", "properties": { "tract_geoid": "42101034600", "tract_name": "346", "fixed_population": 2691.0, "peak_count": 8, "peak_rate": 9.9095751269664323, "recent_count": 2, "recent_rate": 2.4773937817416081, "absolute_rate_change": -7.4321813452248247, "absolute_count_change": -6, "benchmark_rate_10k": 13.597203178615208, "baseline_percentile": 0.75, "peak_elevated": false, "recent_elevated": false, "transition": "Consistently below", "low_population_flag": false, "low_count_flag": true, "zero_population_flag": false, "missing_denominator_flag": false }, "geometry": { "type": "Polygon", "coordinates": [ [ [ -75.035087, 40.074617 ], [ -75.028952, 40.080968 ], [ -75.013126, 40.072071 ], [ -75.021707, 40.063392 ], [ -75.022217, 40.06352 ], [ -75.025427, 40.065647 ], [ -75.02966, 40.068154 ], [ -75.035087, 40.074617 ] ] ] } },
{ "type": "Feature", "properties": { "tract_geoid": "42101034701", "tract_name": "347.01", "fixed_population": 8066.0, "peak_count": 4, "peak_rate": 1.6530291759649558, "recent_count": 3, "recent_rate": 1.2397718819737169, "absolute_rate_change": -0.41325729399123889, "absolute_count_change": -1, "benchmark_rate_10k": 13.597203178615208, "baseline_percentile": 0.75, "peak_elevated": false, "recent_elevated": false, "transition": "Consistently below", "low_population_flag": false, "low_count_flag": true, "zero_population_flag": false, "missing_denominator_flag": false }, "geometry": { "type": "Polygon", "coordinates": [ [ [ -75.0406, 40.068042 ], [ -75.040265, 40.068747 ], [ -75.039163, 40.070369 ], [ -75.035087, 40.074617 ], [ -75.02966, 40.068154 ], [ -75.028256, 40.067314 ], [ -75.028512, 40.06684 ], [ -75.028, 40.059736 ], [ -75.029005, 40.05752 ], [ -75.028756, 40.056781 ], [ -75.029032, 40.056399 ], [ -75.033734, 40.056884 ], [ -75.035062, 40.057327 ], [ -75.035532, 40.05881 ], [ -75.034225, 40.062701 ], [ -75.03528, 40.064995 ], [ -75.0406, 40.068042 ] ] ] } },
{ "type": "Feature", "properties": { "tract_geoid": "42101034702", "tract_name": "347.02", "fixed_population": 3762.0, "peak_count": 1, "peak_rate": 0.88605351763246498, "recent_count": 1, "recent_rate": 0.88605351763246498, "absolute_rate_change": 0.0, "absolute_count_change": 0, "benchmark_rate_10k": 13.597203178615208, "baseline_percentile": 0.75, "peak_elevated": false, "recent_elevated": false, "transition": "Consistently below", "low_population_flag": false, "low_count_flag": true, "zero_population_flag": false, "missing_denominator_flag": false }, "geometry": { "type": "Polygon", "coordinates": [ [ [ -75.036467, 40.053965 ], [ -75.035062, 40.057327 ], [ -75.033734, 40.056884 ], [ -75.029032, 40.056399 ], [ -75.028756, 40.056781 ], [ -75.029005, 40.05752 ], [ -75.028, 40.059736 ], [ -75.028512, 40.06684 ], [ -75.028256, 40.067314 ], [ -75.025427, 40.065647 ], [ -75.022217, 40.06352 ], [ -75.021707, 40.063392 ], [ -75.024818, 40.060286 ], [ -75.024701, 40.057278 ], [ -75.024345, 40.05644 ], [ -75.023374, 40.055334 ], [ -75.02425, 40.053991 ], [ -75.022732, 40.052387 ], [ -75.024179, 40.051038 ], [ -75.026753, 40.050779 ], [ -75.031695, 40.051607 ], [ -75.032754, 40.052569 ], [ -75.036019, 40.051602 ], [ -75.036467, 40.053965 ] ] ] } },
{ "type": "Feature", "properties": { "tract_geoid": "42101034801", "tract_name": "348.01", "fixed_population": 4364.0, "peak_count": 5, "peak_rate": 3.8191261839291166, "recent_count": 1, "recent_rate": 0.76382523678582337, "absolute_rate_change": -3.0553009471432935, "absolute_count_change": -4, "benchmark_rate_10k": 13.597203178615208, "baseline_percentile": 0.75, "peak_elevated": false, "recent_elevated": false, "transition": "Consistently below", "low_population_flag": false, "low_count_flag": true, "zero_population_flag": false, "missing_denominator_flag": false }, "geometry": { "type": "Polygon", "coordinates": [ [ [ -75.024818, 40.060286 ], [ -75.021992, 40.063113 ], [ -75.021185, 40.061691 ], [ -75.012828, 40.056404 ], [ -75.011241, 40.056667 ], [ -75.008639, 40.057773 ], [ -75.008245, 40.057796 ], [ -75.004795, 40.054747 ], [ -75.01402, 40.047471 ], [ -75.018502, 40.044081 ], [ -75.019409, 40.046474 ], [ -75.016833, 40.049374 ], [ -75.0172, 40.051445 ], [ -75.017956, 40.052322 ], [ -75.023374, 40.055334 ], [ -75.024345, 40.05644 ], [ -75.024701, 40.057278 ], [ -75.024818, 40.060286 ] ] ] } },
{ "type": "Feature", "properties": { "tract_geoid": "42101034802", "tract_name": "348.02", "fixed_population": 5869.0, "peak_count": 1, "peak_rate": 0.56795592662009431, "recent_count": 1, "recent_rate": 0.56795592662009431, "absolute_rate_change": 0.0, "absolute_count_change": 0, "benchmark_rate_10k": 13.597203178615208, "baseline_percentile": 0.75, "peak_elevated": false, "recent_elevated": false, "transition": "Consistently below", "low_population_flag": false, "low_count_flag": true, "zero_population_flag": false, "missing_denominator_flag": false }, "geometry": { "type": "Polygon", "coordinates": [ [ [ -75.021992, 40.063113 ], [ -75.013126, 40.072071 ], [ -75.007269, 40.069161 ], [ -75.008128, 40.068585 ], [ -75.008788, 40.06735 ], [ -75.009331, 40.065812 ], [ -75.009338, 40.06052 ], [ -75.008801, 40.058401 ], [ -75.008245, 40.057796 ], [ -75.008639, 40.057773 ], [ -75.011241, 40.056667 ], [ -75.012828, 40.056404 ], [ -75.021185, 40.061691 ], [ -75.021992, 40.063113 ] ] ] } },
{ "type": "Feature", "properties": { "tract_geoid": "42101034803", "tract_name": "348.03", "fixed_population": 3631.0, "peak_count": 1, "peak_rate": 0.91802074726888838, "recent_count": 0, "recent_rate": 0.0, "absolute_rate_change": -0.91802074726888838, "absolute_count_change": -1, "benchmark_rate_10k": 13.597203178615208, "baseline_percentile": 0.75, "peak_elevated": false, "recent_elevated": false, "transition": "Consistently below", "low_population_flag": false, "low_count_flag": true, "zero_population_flag": false, "missing_denominator_flag": false }, "geometry": { "type": "Polygon", "coordinates": [ [ [ -75.009338, 40.06052 ], [ -75.009331, 40.065812 ], [ -75.008788, 40.06735 ], [ -75.008128, 40.068585 ], [ -75.007269, 40.069161 ], [ -74.995269, 40.062344 ], [ -74.991709, 40.061095 ], [ -74.990432, 40.060396 ], [ -74.991254, 40.059949 ], [ -75.001181, 40.057232 ], [ -75.004795, 40.054747 ], [ -75.008245, 40.057796 ], [ -75.008801, 40.058401 ], [ -75.009338, 40.06052 ] ] ] } },
{ "type": "Feature", "properties": { "tract_geoid": "42101034900", "tract_name": "349", "fixed_population": 5910.0, "peak_count": 16, "peak_rate": 9.0242526790750137, "recent_count": 4, "recent_rate": 2.2560631697687534, "absolute_rate_change": -6.7681895093062607, "absolute_count_change": -12, "benchmark_rate_10k": 13.597203178615208, "baseline_percentile": 0.75, "peak_elevated": false, "recent_elevated": false, "transition": "Consistently below", "low_population_flag": false, "low_count_flag": true, "zero_population_flag": false, "missing_denominator_flag": false }, "geometry": { "type": "Polygon", "coordinates": [ [ [ -75.022122, 40.038058 ], [ -75.020499, 40.043542 ], [ -75.018502, 40.044081 ], [ -75.01402, 40.047471 ], [ -75.004795, 40.054747 ], [ -74.99627, 40.047202 ], [ -75.006278, 40.041155 ], [ -75.010099, 40.039038 ], [ -75.012541, 40.038027 ], [ -75.01432, 40.039451 ], [ -75.016212, 40.039914 ], [ -75.021806, 40.037024 ], [ -75.022122, 40.038058 ] ] ] } },
{ "type": "Feature", "properties": { "tract_geoid": "42101035100", "tract_name": "351", "fixed_population": 3698.0, "peak_count": 0, "peak_rate": 0.0, "recent_count": 0, "recent_rate": 0.0, "absolute_rate_change": 0.0, "absolute_count_change": 0, "benchmark_rate_10k": 13.597203178615208, "baseline_percentile": 0.75, "peak_elevated": false, "recent_elevated": false, "transition": "Consistently below", "low_population_flag": false, "low_count_flag": true, "zero_population_flag": false, "missing_denominator_flag": false }, "geometry": { "type": "Polygon", "coordinates": [ [ [ -74.99627, 40.047202 ], [ -74.987123, 40.051917 ], [ -74.983904, 40.054994 ], [ -74.982022, 40.053727 ], [ -74.979695, 40.053399 ], [ -74.973710351995294, 40.048187443221728 ], [ -74.977435, 40.045714 ], [ -74.986592120061601, 40.038975530568685 ], [ -74.990976, 40.042526 ], [ -74.99627, 40.047202 ] ] ] } },
{ "type": "Feature", "properties": { "tract_geoid": "42101035200", "tract_name": "352", "fixed_population": 4548.0, "peak_count": 0, "peak_rate": 0.0, "recent_count": 0, "recent_rate": 0.0, "absolute_rate_change": 0.0, "absolute_count_change": 0, "benchmark_rate_10k": 13.597203178615208, "baseline_percentile": 0.75, "peak_elevated": false, "recent_elevated": false, "transition": "Consistently below", "low_population_flag": false, "low_count_flag": true, "zero_population_flag": false, "missing_denominator_flag": false }, "geometry": { "type": "Polygon", "coordinates": [ [ [ -75.004795, 40.054747 ], [ -75.001181, 40.057232 ], [ -74.991254, 40.059949 ], [ -74.985576, 40.063345 ], [ -74.984171, 40.064075 ], [ -74.982355, 40.064672 ], [ -74.981023, 40.064939 ], [ -74.980873, 40.064466 ], [ -74.980378, 40.060349 ], [ -74.984893, 40.057287 ], [ -74.983904, 40.054994 ], [ -74.987123, 40.051917 ], [ -74.99627, 40.047202 ], [ -75.004795, 40.054747 ] ] ] } },
{ "type": "Feature", "properties": { "tract_geoid": "42101035301", "tract_name": "353.01", "fixed_population": 4902.0, "peak_count": 1, "peak_rate": 0.67999456004351966, "recent_count": 1, "recent_rate": 0.67999456004351966, "absolute_rate_change": 0.0, "absolute_count_change": 0, "benchmark_rate_10k": 13.597203178615208, "baseline_percentile": 0.75, "peak_elevated": false, "recent_elevated": false, "transition": "Consistently below", "low_population_flag": false, "low_count_flag": true, "zero_population_flag": false, "missing_denominator_flag": false }, "geometry": { "type": "Polygon", "coordinates": [ [ [ -74.99873, 40.065828 ], [ -74.996409, 40.06659 ], [ -74.9928, 40.07216 ], [ -74.9887, 40.072833 ], [ -74.987857, 40.072829 ], [ -74.987148, 40.072702 ], [ -74.984901, 40.07448 ], [ -74.983657, 40.073786 ], [ -74.981173, 40.071985 ], [ -74.981347, 40.071493 ], [ -74.981648, 40.06881 ], [ -74.982302, 40.06642 ], [ -74.982355, 40.064672 ], [ -74.984171, 40.064075 ], [ -74.985576, 40.063345 ], [ -74.990432, 40.060396 ], [ -74.991709, 40.061095 ], [ -74.995269, 40.062344 ], [ -74.998385, 40.064117 ], [ -74.99873, 40.065828 ] ] ] } },
{ "type": "Feature", "properties": { "tract_geoid": "42101035302", "tract_name": "353.02", "fixed_population": 4662.0, "peak_count": 0, "peak_rate": 0.0, "recent_count": 2, "recent_rate": 1.4300014300014301, "absolute_rate_change": 1.4300014300014301, "absolute_count_change": 2, "benchmark_rate_10k": 13.597203178615208, "baseline_percentile": 0.75, "peak_elevated": false, "recent_elevated": false, "transition": "Consistently below", "low_population_flag": false, "low_count_flag": true, "zero_population_flag": false, "missing_denominator_flag": false }, "geometry": { "type": "Polygon", "coordinates": [ [ [ -75.003606, 40.071362 ], [ -75.000897, 40.075825 ], [ -74.998488, 40.078701 ], [ -74.997233, 40.080023 ], [ -74.994348, 40.081681 ], [ -74.987568, 40.075825 ], [ -74.986886, 40.075332 ], [ -74.984901, 40.07448 ], [ -74.987148, 40.072702 ], [ -74.987857, 40.072829 ], [ -74.9887, 40.072833 ], [ -74.9928, 40.07216 ], [ -74.996409, 40.06659 ], [ -74.99873, 40.065828 ], [ -74.998385, 40.064117 ], [ -75.007269, 40.069161 ], [ -75.003606, 40.071362 ] ] ] } },
{ "type": "Feature", "properties": { "tract_geoid": "42101035500", "tract_name": "355", "fixed_population": 7818.0, "peak_count": 1, "peak_rate": 0.42636650464739489, "recent_count": 1, "recent_rate": 0.42636650464739489, "absolute_rate_change": 0.0, "absolute_count_change": 0, "benchmark_rate_10k": 13.597203178615208, "baseline_percentile": 0.75, "peak_elevated": false, "recent_elevated": false, "transition": "Consistently below", "low_population_flag": false, "low_count_flag": true, "zero_population_flag": false, "missing_denominator_flag": false }, "geometry": { "type": "Polygon", "coordinates": [ [ [ -75.041488, 40.087338 ], [ -75.023927, 40.100702 ], [ -75.021842, 40.100098 ], [ -75.015528, 40.09486 ], [ -75.028952, 40.080968 ], [ -75.037498, 40.085459 ], [ -75.0384, 40.084472 ], [ -75.039509, 40.085702 ], [ -75.040877, 40.086966 ], [ -75.041488, 40.087338 ] ] ] } },
{ "type": "Feature", "properties": { "tract_geoid": "42101035601", "tract_name": "356.01", "fixed_population": 5543.0, "peak_count": 1, "peak_rate": 0.60135907150159362, "recent_count": 0, "recent_rate": 0.0, "absolute_rate_change": -0.60135907150159362, "absolute_count_change": -1, "benchmark_rate_10k": 13.597203178615208, "baseline_percentile": 0.75, "peak_elevated": false, "recent_elevated": false, "transition": "Consistently below", "low_population_flag": false, "low_count_flag": true, "zero_population_flag": false, "missing_denominator_flag": false }, "geometry": { "type": "Polygon", "coordinates": [ [ [ -75.047299, 40.092762 ], [ -75.046737, 40.09524 ], [ -75.047115, 40.098377 ], [ -75.032998, 40.10511 ], [ -75.027635, 40.101765 ], [ -75.023927, 40.100702 ], [ -75.041488, 40.087338 ], [ -75.045685, 40.089021 ], [ -75.047052, 40.09108 ], [ -75.047299, 40.092762 ] ] ] } },
{ "type": "Feature", "properties": { "tract_geoid": "42101035602", "tract_name": "356.02", "fixed_population": 3436.0, "peak_count": 0, "peak_rate": 0.0, "recent_count": 0, "recent_rate": 0.0, "absolute_rate_change": 0.0, "absolute_count_change": 0, "benchmark_rate_10k": 13.597203178615208, "baseline_percentile": 0.75, "peak_elevated": false, "recent_elevated": false, "transition": "Consistently below", "low_population_flag": false, "low_count_flag": true, "zero_population_flag": false, "missing_denominator_flag": false }, "geometry": { "type": "Polygon", "coordinates": [ [ [ -75.054321, 40.108692 ], [ -75.048542, 40.112729 ], [ -75.03946, 40.107362 ], [ -75.036064, 40.106784 ], [ -75.033897, 40.105689 ], [ -75.032998, 40.10511 ], [ -75.047115, 40.098377 ], [ -75.049676, 40.102037 ], [ -75.050974, 40.103122 ], [ -75.053057, 40.10618 ], [ -75.054321, 40.108692 ] ] ] } },
{ "type": "Feature", "properties": { "tract_geoid": "42101035701", "tract_name": "357.01", "fixed_population": 5069.0, "peak_count": 1, "peak_rate": 0.65759189846781085, "recent_count": 0, "recent_rate": 0.0, "absolute_rate_change": -0.65759189846781085, "absolute_count_change": -1, "benchmark_rate_10k": 13.597203178615208, "baseline_percentile": 0.75, "peak_elevated": false, "recent_elevated": false, "transition": "Consistently below", "low_population_flag": false, "low_count_flag": true, "zero_population_flag": false, "missing_denominator_flag": false }, "geometry": { "type": "Polygon", "coordinates": [ [ [ -75.033722, 40.106639 ], [ -75.029192, 40.111392 ], [ -75.02858, 40.111799 ], [ -75.029579, 40.112555 ], [ -75.028279, 40.11408 ], [ -75.028642, 40.114308 ], [ -75.029956, 40.114481 ], [ -75.030162, 40.114978 ], [ -75.02923, 40.11597 ], [ -75.027231, 40.115422 ], [ -75.023041, 40.112998 ], [ -75.02617, 40.108509 ], [ -75.028883, 40.102543 ], [ -75.033897, 40.105689 ], [ -75.033722, 40.106639 ] ] ] } },
{ "type": "Feature", "properties": { "tract_geoid": "42101035702", "tract_name": "357.02", "fixed_population": 4679.0, "peak_count": 1, "peak_rate": 0.71240293510009256, "recent_count": 1, "recent_rate": 0.71240293510009256, "absolute_rate_change": 0.0, "absolute_count_change": 0, "benchmark_rate_10k": 13.597203178615208, "baseline_percentile": 0.75, "peak_elevated": false, "recent_elevated": false, "transition": "Consistently below", "low_population_flag": false, "low_count_flag": true, "zero_population_flag": false, "missing_denominator_flag": false }, "geometry": { "type": "Polygon", "coordinates": [ [ [ -75.048542, 40.112729 ], [ -75.037842, 40.120213 ], [ -75.036495, 40.12039 ], [ -75.034996, 40.119328 ], [ -75.030059, 40.116298 ], [ -75.02923, 40.11597 ], [ -75.030162, 40.114978 ], [ -75.029956, 40.114481 ], [ -75.028642, 40.114308 ], [ -75.028279, 40.11408 ], [ -75.029579, 40.112555 ], [ -75.02858, 40.111799 ], [ -75.029192, 40.111392 ], [ -75.033722, 40.106639 ], [ -75.033897, 40.105689 ], [ -75.036064, 40.106784 ], [ -75.03946, 40.107362 ], [ -75.048542, 40.112729 ] ] ] } },
{ "type": "Feature", "properties": { "tract_geoid": "42101035800", "tract_name": "358", "fixed_population": 6049.0, "peak_count": 0, "peak_rate": 0.0, "recent_count": 1, "recent_rate": 0.55105527084366568, "absolute_rate_change": 0.55105527084366568, "absolute_count_change": 1, "benchmark_rate_10k": 13.597203178615208, "baseline_percentile": 0.75, "peak_elevated": false, "recent_elevated": false, "transition": "Consistently below", "low_population_flag": false, "low_count_flag": true, "zero_population_flag": false, "missing_denominator_flag": false }, "geometry": { "type": "Polygon", "coordinates": [ [ [ -75.037842, 40.120213 ], [ -75.024891, 40.129216 ], [ -75.015384, 40.123599 ], [ -75.018457, 40.118119 ], [ -75.021951, 40.114483 ], [ -75.023041, 40.112998 ], [ -75.027231, 40.115422 ], [ -75.02923, 40.11597 ], [ -75.030059, 40.116298 ], [ -75.034996, 40.119328 ], [ -75.036495, 40.12039 ], [ -75.037842, 40.120213 ] ] ] } },
{ "type": "Feature", "properties": { "tract_geoid": "42101035900", "tract_name": "359", "fixed_population": 4640.0, "peak_count": 1, "peak_rate": 0.7183908045977011, "recent_count": 4, "recent_rate": 2.8735632183908044, "absolute_rate_change": 2.1551724137931032, "absolute_count_change": 3, "benchmark_rate_10k": 13.597203178615208, "baseline_percentile": 0.75, "peak_elevated": false, "recent_elevated": false, "transition": "Consistently below", "low_population_flag": false, "low_count_flag": true, "zero_population_flag": false, "missing_denominator_flag": false }, "geometry": { "type": "Polygon", "coordinates": [ [ [ -75.028883, 40.102543 ], [ -75.02617, 40.108509 ], [ -75.021951, 40.114483 ], [ -75.018457, 40.118119 ], [ -75.015384, 40.123599 ], [ -75.006991, 40.118599 ], [ -75.005391, 40.114802 ], [ -75.023927, 40.100702 ], [ -75.027635, 40.101765 ], [ -75.028883, 40.102543 ] ] ] } },
{ "type": "Feature", "properties": { "tract_geoid": "42101036000", "tract_name": "360", "fixed_population": 3200.0, "peak_count": 2, "peak_rate": 2.0833333333333335, "recent_count": 1, "recent_rate": 1.0416666666666667, "absolute_rate_change": -1.0416666666666667, "absolute_count_change": -1, "benchmark_rate_10k": 13.597203178615208, "baseline_percentile": 0.75, "peak_elevated": false, "recent_elevated": false, "transition": "Consistently below", "low_population_flag": false, "low_count_flag": true, "zero_population_flag": false, "missing_denominator_flag": false }, "geometry": { "type": "Polygon", "coordinates": [ [ [ -75.023927, 40.100702 ], [ -75.005391, 40.114802 ], [ -75.003554, 40.110847 ], [ -75.002414, 40.110976 ], [ -75.000959, 40.111393 ], [ -74.997124, 40.108151 ], [ -75.012249, 40.097733 ], [ -75.014156, 40.096236 ], [ -75.015528, 40.09486 ], [ -75.021842, 40.100098 ], [ -75.023927, 40.100702 ] ] ] } },
{ "type": "Feature", "properties": { "tract_geoid": "42101036100", "tract_name": "361", "fixed_population": 3916.0, "peak_count": 1, "peak_rate": 0.85120871637725559, "recent_count": 1, "recent_rate": 0.85120871637725559, "absolute_rate_change": 0.0, "absolute_count_change": 0, "benchmark_rate_10k": 13.597203178615208, "baseline_percentile": 0.75, "peak_elevated": false, "recent_elevated": false, "transition": "Consistently below", "low_population_flag": false, "low_count_flag": true, "zero_population_flag": false, "missing_denominator_flag": false }, "geometry": { "type": "Polygon", "coordinates": [ [ [ -75.001796, 40.10493 ], [ -74.997124, 40.108151 ], [ -74.980021, 40.093712 ], [ -74.982385, 40.091724 ], [ -74.98418, 40.089906 ], [ -74.995464, 40.099166 ], [ -74.999804, 40.103236 ], [ -75.001796, 40.10493 ] ] ] } },
{ "type": "Feature", "properties": { "tract_geoid": "42101036201", "tract_name": "362.01", "fixed_population": 5100.0, "peak_count": 1, "peak_rate": 0.65359477124183007, "recent_count": 0, "recent_rate": 0.0, "absolute_rate_change": -0.65359477124183007, "absolute_count_change": -1, "benchmark_rate_10k": 13.597203178615208, "baseline_percentile": 0.75, "peak_elevated": false, "recent_elevated": false, "transition": "Consistently below", "low_population_flag": false, "low_count_flag": true, "zero_population_flag": false, "missing_denominator_flag": false }, "geometry": { "type": "Polygon", "coordinates": [ [ [ -74.994348, 40.081681 ], [ -74.990155, 40.084052 ], [ -74.987065, 40.086049 ], [ -74.98418, 40.089906 ], [ -74.981491, 40.087994 ], [ -74.980601, 40.087914 ], [ -74.980158, 40.086256 ], [ -74.980404, 40.085545 ], [ -74.981546, 40.083583 ], [ -74.981807, 40.082355 ], [ -74.981705, 40.080331 ], [ -74.982487, 40.077246 ], [ -74.983141, 40.07603 ], [ -74.984631, 40.074335 ], [ -74.986886, 40.075332 ], [ -74.987568, 40.075825 ], [ -74.994348, 40.081681 ] ] ] } },
{ "type": "Feature", "properties": { "tract_geoid": "42101036202", "tract_name": "362.02", "fixed_population": 5456.0, "peak_count": 0, "peak_rate": 0.0, "recent_count": 0, "recent_rate": 0.0, "absolute_rate_change": 0.0, "absolute_count_change": 0, "benchmark_rate_10k": 13.597203178615208, "baseline_percentile": 0.75, "peak_elevated": false, "recent_elevated": false, "transition": "Consistently below", "low_population_flag": false, "low_count_flag": true, "zero_population_flag": false, "missing_denominator_flag": false }, "geometry": { "type": "Polygon", "coordinates": [ [ [ -74.984631, 40.074335 ], [ -74.983141, 40.07603 ], [ -74.982487, 40.077246 ], [ -74.981705, 40.080331 ], [ -74.981807, 40.082355 ], [ -74.981546, 40.083583 ], [ -74.980404, 40.085545 ], [ -74.980158, 40.086256 ], [ -74.980601, 40.087914 ], [ -74.981491, 40.087994 ], [ -74.98418, 40.089906 ], [ -74.982385, 40.091724 ], [ -74.980021, 40.093712 ], [ -74.976932, 40.09114 ], [ -74.971611, 40.087236 ], [ -74.97582, 40.081889 ], [ -74.97725, 40.080506 ], [ -74.977684, 40.079834 ], [ -74.981173, 40.071985 ], [ -74.983657, 40.073786 ], [ -74.984631, 40.074335 ] ] ] } },
{ "type": "Feature", "properties": { "tract_geoid": "42101036203", "tract_name": "362.03", "fixed_population": 4722.0, "peak_count": 0, "peak_rate": 0.0, "recent_count": 0, "recent_rate": 0.0, "absolute_rate_change": 0.0, "absolute_count_change": 0, "benchmark_rate_10k": 13.597203178615208, "baseline_percentile": 0.75, "peak_elevated": false, "recent_elevated": false, "transition": "Consistently below", "low_population_flag": false, "low_count_flag": true, "zero_population_flag": false, "missing_denominator_flag": false }, "geometry": { "type": "Polygon", "coordinates": [ [ [ -74.982302, 40.06642 ], [ -74.981648, 40.06881 ], [ -74.981347, 40.071493 ], [ -74.977684, 40.079834 ], [ -74.97725, 40.080506 ], [ -74.97582, 40.081889 ], [ -74.971611, 40.087236 ], [ -74.970568, 40.086384 ], [ -74.966814, 40.082209 ], [ -74.966078, 40.081031 ], [ -74.964842, 40.077148 ], [ -74.969855, 40.076383 ], [ -74.97108, 40.075992 ], [ -74.971466, 40.074355 ], [ -74.971063, 40.073966 ], [ -74.972235, 40.073038 ], [ -74.973138, 40.071719 ], [ -74.973888, 40.071175 ], [ -74.977634, 40.067589 ], [ -74.980878, 40.066028 ], [ -74.981023, 40.064939 ], [ -74.982355, 40.064672 ], [ -74.982302, 40.06642 ] ] ] } },
{ "type": "Feature", "properties": { "tract_geoid": "42101036301", "tract_name": "363.01", "fixed_population": 3952.0, "peak_count": 2, "peak_rate": 1.6869095816464237, "recent_count": 2, "recent_rate": 1.6869095816464237, "absolute_rate_change": 0.0, "absolute_count_change": 0, "benchmark_rate_10k": 13.597203178615208, "baseline_percentile": 0.75, "peak_elevated": false, "recent_elevated": false, "transition": "Consistently below", "low_population_flag": false, "low_count_flag": true, "zero_population_flag": false, "missing_denominator_flag": false }, "geometry": { "type": "Polygon", "coordinates": [ [ [ -74.976932, 40.09114 ], [ -74.976215, 40.09155 ], [ -74.976783, 40.095969 ], [ -74.97577, 40.096412 ], [ -74.972898, 40.096859 ], [ -74.971016, 40.096392 ], [ -74.970828, 40.096674 ], [ -74.969152, 40.097214 ], [ -74.964688, 40.097293 ], [ -74.96163, 40.097804 ], [ -74.961049, 40.097431 ], [ -74.958623, 40.096872 ], [ -74.955777, 40.095103 ], [ -74.956447, 40.092757 ], [ -74.957747, 40.089844 ], [ -74.958284, 40.084145 ], [ -74.960411, 40.080967 ], [ -74.961743, 40.079295 ], [ -74.963764, 40.077063 ], [ -74.964842, 40.077148 ], [ -74.966078, 40.081031 ], [ -74.966814, 40.082209 ], [ -74.970568, 40.086384 ], [ -74.976932, 40.09114 ] ] ] } },
{ "type": "Feature", "properties": { "tract_geoid": "42101036302", "tract_name": "363.02", "fixed_population": 3751.0, "peak_count": 1, "peak_rate": 0.88865191504487695, "recent_count": 1, "recent_rate": 0.88865191504487695, "absolute_rate_change": 0.0, "absolute_count_change": 0, "benchmark_rate_10k": 13.597203178615208, "baseline_percentile": 0.75, "peak_elevated": false, "recent_elevated": false, "transition": "Consistently below", "low_population_flag": false, "low_count_flag": true, "zero_population_flag": false, "missing_denominator_flag": false }, "geometry": { "type": "Polygon", "coordinates": [ [ [ -74.986674, 40.099278 ], [ -74.981997, 40.102454 ], [ -74.9781, 40.099212 ], [ -74.976783, 40.095969 ], [ -74.976215, 40.09155 ], [ -74.976932, 40.09114 ], [ -74.986674, 40.099278 ] ] ] } },
{ "type": "Feature", "properties": { "tract_geoid": "42101036303", "tract_name": "363.03", "fixed_population": 6771.0, "peak_count": 0, "peak_rate": 0.0, "recent_count": 2, "recent_rate": 0.98459114852557483, "absolute_rate_change": 0.98459114852557483, "absolute_count_change": 2, "benchmark_rate_10k": 13.597203178615208, "baseline_percentile": 0.75, "peak_elevated": false, "recent_elevated": false, "transition": "Consistently below", "low_population_flag": false, "low_count_flag": true, "zero_population_flag": false, "missing_denominator_flag": false }, "geometry": { "type": "Polygon", "coordinates": [ [ [ -74.983393, 40.103684 ], [ -74.979872, 40.105533 ], [ -74.970286, 40.113065 ], [ -74.969983, 40.113483 ], [ -74.969758, 40.115927 ], [ -74.966829, 40.117851 ], [ -74.96408, 40.117766 ], [ -74.963857, 40.117557 ], [ -74.963129, 40.114978 ], [ -74.96345, 40.110013 ], [ -74.965194, 40.107777 ], [ -74.963491, 40.10674 ], [ -74.961156, 40.103446 ], [ -74.960807, 40.101572 ], [ -74.96163, 40.097804 ], [ -74.964688, 40.097293 ], [ -74.969152, 40.097214 ], [ -74.970828, 40.096674 ], [ -74.971016, 40.096392 ], [ -74.972898, 40.096859 ], [ -74.97577, 40.096412 ], [ -74.976783, 40.095969 ], [ -74.9781, 40.099212 ], [ -74.983393, 40.103684 ] ] ] } },
{ "type": "Feature", "properties": { "tract_geoid": "42101036400", "tract_name": "364", "fixed_population": 993.0, "peak_count": 0, "peak_rate": 0.0, "recent_count": 0, "recent_rate": 0.0, "absolute_rate_change": 0.0, "absolute_count_change": 0, "benchmark_rate_10k": 13.597203178615208, "baseline_percentile": 0.75, "peak_elevated": false, "recent_elevated": false, "transition": "Consistently below", "low_population_flag": false, "low_count_flag": true, "zero_population_flag": false, "missing_denominator_flag": false }, "geometry": { "type": "Polygon", "coordinates": [ [ [ -75.005391, 40.114802 ], [ -74.997052, 40.121168 ], [ -74.993533, 40.11868 ], [ -74.987943, 40.123291 ], [ -74.987193, 40.123286 ], [ -74.983523, 40.123671 ], [ -74.982213, 40.122057 ], [ -74.982748, 40.120887 ], [ -74.980058, 40.119883 ], [ -74.97994, 40.119742 ], [ -74.97618, 40.120209 ], [ -74.973219, 40.119891 ], [ -74.969311, 40.117097 ], [ -74.966331, 40.11808 ], [ -74.964991, 40.118635 ], [ -74.96408, 40.117766 ], [ -74.966829, 40.117851 ], [ -74.969758, 40.115927 ], [ -74.969983, 40.113483 ], [ -74.970286, 40.113065 ], [ -74.979872, 40.105533 ], [ -74.983393, 40.103684 ], [ -74.981997, 40.102454 ], [ -74.986674, 40.099278 ], [ -75.000959, 40.111393 ], [ -75.002414, 40.110976 ], [ -75.003554, 40.110847 ], [ -75.005391, 40.114802 ] ] ] } },
{ "type": "Feature", "properties": { "tract_geoid": "42101036501", "tract_name": "365.01", "fixed_population": 5046.0, "peak_count": 0, "peak_rate": 0.0, "recent_count": 2, "recent_rate": 1.3211784912141631, "absolute_rate_change": 1.3211784912141631, "absolute_count_change": 2, "benchmark_rate_10k": 13.597203178615208, "baseline_percentile": 0.75, "peak_elevated": false, "recent_elevated": false, "transition": "Consistently below", "low_population_flag": false, "low_count_flag": true, "zero_population_flag": false, "missing_denominator_flag": false }, "geometry": { "type": "Polygon", "coordinates": [ [ [ -75.024891, 40.129216 ], [ -75.020571, 40.132274 ], [ -75.015066, 40.137992 ], [ -75.009117, 40.134355 ], [ -75.003255, 40.131012 ], [ -75.005269, 40.127925 ], [ -75.005574, 40.125655 ], [ -75.006174, 40.124918 ], [ -75.010453, 40.120681 ], [ -75.024891, 40.129216 ] ] ] } },
{ "type": "Feature", "properties": { "tract_geoid": "42101036502", "tract_name": "365.02", "fixed_population": 4496.0, "peak_count": 0, "peak_rate": 0.0, "recent_count": 0, "recent_rate": 0.0, "absolute_rate_change": 0.0, "absolute_count_change": 0, "benchmark_rate_10k": 13.597203178615208, "baseline_percentile": 0.75, "peak_elevated": false, "recent_elevated": false, "transition": "Consistently below", "low_population_flag": false, "low_count_flag": true, "zero_population_flag": false, "missing_denominator_flag": false }, "geometry": { "type": "Polygon", "coordinates": [ [ [ -75.010453, 40.120681 ], [ -75.006174, 40.124918 ], [ -75.005574, 40.125655 ], [ -75.005269, 40.127925 ], [ -75.003255, 40.131012 ], [ -74.997885, 40.127816 ], [ -74.994187, 40.131516 ], [ -74.993595, 40.132266 ], [ -74.992288, 40.130682 ], [ -74.993768, 40.126643 ], [ -74.99184, 40.126178 ], [ -74.9903, 40.126378 ], [ -74.989014, 40.12607 ], [ -74.988605, 40.124643 ], [ -74.987193, 40.123286 ], [ -74.987943, 40.123291 ], [ -74.993533, 40.11868 ], [ -74.997052, 40.121168 ], [ -75.005391, 40.114802 ], [ -75.006991, 40.118599 ], [ -75.010453, 40.120681 ] ] ] } },
{ "type": "Feature", "properties": { "tract_geoid": "42101036600", "tract_name": "366", "fixed_population": 2372.0, "peak_count": 10, "peak_rate": 14.05283867341203, "recent_count": 5, "recent_rate": 7.0264193367060148, "absolute_rate_change": -7.0264193367060148, "absolute_count_change": -5, "benchmark_rate_10k": 13.597203178615208, "baseline_percentile": 0.75, "peak_elevated": true, "recent_elevated": false, "transition": "Previously elevated", "low_population_flag": false, "low_count_flag": false, "zero_population_flag": false, "missing_denominator_flag": false }, "geometry": { "type": "Polygon", "coordinates": [ [ [ -75.146985, 39.927665 ], [ -75.14617, 39.931321 ], [ -75.145392, 39.933378 ], [ -75.144888, 39.935465 ], [ -75.143877, 39.938784 ], [ -75.144529, 39.938873 ], [ -75.142466, 39.948174 ], [ -75.141766, 39.949884 ], [ -75.141469, 39.951698 ], [ -75.141612, 39.954246 ], [ -75.141586, 39.955754 ], [ -75.141412, 39.957117 ], [ -75.139954, 39.956928 ], [ -75.138081, 39.962936 ], [ -75.136242, 39.962415 ], [ -75.134545, 39.960597 ], [ -75.136638, 39.960881 ], [ -75.134386, 39.959896 ], [ -75.131742, 39.959838 ], [ -75.130223707139507, 39.958587190470688 ], [ -75.133855, 39.954217 ], [ -75.13572, 39.947112 ], [ -75.13612, 39.933912 ], [ -75.13502, 39.927312 ], [ -75.134295579082206, 39.925783569319208 ], [ -75.140585, 39.926437 ], [ -75.140894, 39.927227 ], [ -75.141664, 39.927482 ], [ -75.142098, 39.927016 ], [ -75.146985, 39.927665 ] ] ] } },
{ "type": "Feature", "properties": { "tract_geoid": "42101036700", "tract_name": "367", "fixed_population": 3970.0, "peak_count": 3, "peak_rate": 2.5188916876574305, "recent_count": 5, "recent_rate": 4.1981528127623848, "absolute_rate_change": 1.6792611251049543, "absolute_count_change": 2, "benchmark_rate_10k": 13.597203178615208, "baseline_percentile": 0.75, "peak_elevated": false, "recent_elevated": false, "transition": "Consistently below", "low_population_flag": false, "low_count_flag": true, "zero_population_flag": false, "missing_denominator_flag": false }, "geometry": { "type": "Polygon", "coordinates": [ [ [ -75.148877, 39.957664 ], [ -75.147146, 39.967126 ], [ -75.140706, 39.964138 ], [ -75.138827, 39.963129 ], [ -75.138081, 39.962936 ], [ -75.139954, 39.956928 ], [ -75.141412, 39.957117 ], [ -75.141586, 39.955754 ], [ -75.142177, 39.956184 ], [ -75.144255, 39.956784 ], [ -75.148877, 39.957664 ] ] ] } },
{ "type": "Feature", "properties": { "tract_geoid": "42101036901", "tract_name": "369.01", "fixed_population": 155.0, "peak_count": 9, "peak_rate": 193.54838709677421, "recent_count": 3, "recent_rate": 64.516129032258064, "absolute_rate_change": -129.03225806451616, "absolute_count_change": -6, "benchmark_rate_10k": 13.597203178615208, "baseline_percentile": 0.75, "peak_elevated": true, "recent_elevated": true, "transition": "Persistently elevated", "low_population_flag": false, "low_count_flag": true, "zero_population_flag": false, "missing_denominator_flag": false }, "geometry": { "type": "Polygon", "coordinates": [ [ [ -75.207838, 39.941286 ], [ -75.20506, 39.943624 ], [ -75.205313, 39.944102 ], [ -75.205367, 39.944994 ], [ -75.207046, 39.946754 ], [ -75.205656, 39.948053 ], [ -75.205682, 39.948512 ], [ -75.204525, 39.948728 ], [ -75.200967, 39.949862 ], [ -75.199545, 39.949211 ], [ -75.199519, 39.95022 ], [ -75.195577, 39.949728 ], [ -75.195322, 39.950781 ], [ -75.191689, 39.95032 ], [ -75.187231, 39.947176 ], [ -75.188299, 39.946409 ], [ -75.191495, 39.943153 ], [ -75.193872, 39.9421 ], [ -75.195234, 39.942217 ], [ -75.20037, 39.943991 ], [ -75.203156, 39.943591 ], [ -75.204577, 39.942549 ], [ -75.205185, 39.941116 ], [ -75.207838, 39.941286 ] ] ] } },
{ "type": "Feature", "properties": { "tract_geoid": "42101036902", "tract_name": "369.02", "fixed_population": 5829.0, "peak_count": 1, "peak_rate": 0.5718533767941899, "recent_count": 2, "recent_rate": 1.1437067535883798, "absolute_rate_change": 0.5718533767941899, "absolute_count_change": 1, "benchmark_rate_10k": 13.597203178615208, "baseline_percentile": 0.75, "peak_elevated": false, "recent_elevated": false, "transition": "Consistently below", "low_population_flag": false, "low_count_flag": true, "zero_population_flag": false, "missing_denominator_flag": false }, "geometry": { "type": "Polygon", "coordinates": [ [ [ -75.199204, 39.951257 ], [ -75.197243, 39.951021 ], [ -75.196121, 39.956429 ], [ -75.180223, 39.954472 ], [ -75.181663, 39.951509 ], [ -75.183288, 39.949512 ], [ -75.185634, 39.948021 ], [ -75.187231, 39.947176 ], [ -75.191689, 39.95032 ], [ -75.195322, 39.950781 ], [ -75.195577, 39.949728 ], [ -75.199519, 39.95022 ], [ -75.199204, 39.951257 ] ] ] } },
{ "type": "Feature", "properties": { "tract_geoid": "42101037200", "tract_name": "372", "fixed_population": 3902.0, "peak_count": 7, "peak_rate": 5.979839398599009, "recent_count": 6, "recent_rate": 5.1255766273705792, "absolute_rate_change": -0.85426277122842986, "absolute_count_change": -1, "benchmark_rate_10k": 13.597203178615208, "baseline_percentile": 0.75, "peak_elevated": false, "recent_elevated": false, "transition": "Consistently below", "low_population_flag": false, "low_count_flag": false, "zero_population_flag": false, "missing_denominator_flag": false }, "geometry": { "type": "Polygon", "coordinates": [ [ [ -75.172253, 39.912388 ], [ -75.171423, 39.916757 ], [ -75.148124, 39.913772 ], [ -75.149181, 39.908642 ], [ -75.152341, 39.909209 ], [ -75.154517, 39.909773 ], [ -75.160186, 39.910854 ], [ -75.172253, 39.912388 ] ] ] } },
{ "type": "Feature", "properties": { "tract_geoid": "42101037300", "tract_name": "373", "fixed_population": 5962.0, "peak_count": 1, "peak_rate": 0.55909650005590972, "recent_count": 3, "recent_rate": 1.677289500167729, "absolute_rate_change": 1.1181930001118192, "absolute_count_change": 2, "benchmark_rate_10k": 13.597203178615208, "baseline_percentile": 0.75, "peak_elevated": false, "recent_elevated": false, "transition": "Consistently below", "low_population_flag": false, "low_count_flag": true, "zero_population_flag": false, "missing_denominator_flag": false }, "geometry": { "type": "Polygon", "coordinates": [ [ [ -75.193987, 39.905633 ], [ -75.192285, 39.906428 ], [ -75.19022, 39.915884 ], [ -75.188754, 39.914447 ], [ -75.181884, 39.913517 ], [ -75.171928, 39.912348 ], [ -75.169806, 39.911326 ], [ -75.17081, 39.908594 ], [ -75.173234, 39.908002 ], [ -75.1828, 39.909208 ], [ -75.183387, 39.906617 ], [ -75.173536, 39.90539 ], [ -75.174959, 39.898488 ], [ -75.176903, 39.898652 ], [ -75.185189, 39.897048 ], [ -75.189553, 39.896694 ], [ -75.19194, 39.896089 ], [ -75.193809, 39.90002 ], [ -75.193652, 39.902387 ], [ -75.193465, 39.903433 ], [ -75.193987, 39.905633 ] ] ] } },
{ "type": "Feature", "properties": { "tract_geoid": "42101037500", "tract_name": "375", "fixed_population": 3805.0, "peak_count": 3, "peak_rate": 2.6281208935611038, "recent_count": 0, "recent_rate": 0.0, "absolute_rate_change": -2.6281208935611038, "absolute_count_change": -3, "benchmark_rate_10k": 13.597203178615208, "baseline_percentile": 0.75, "peak_elevated": false, "recent_elevated": false, "transition": "Consistently below", "low_population_flag": false, "low_count_flag": true, "zero_population_flag": false, "missing_denominator_flag": false }, "geometry": { "type": "Polygon", "coordinates": [ [ [ -75.262946, 39.983045 ], [ -75.258545, 39.985527 ], [ -75.256119, 39.987301 ], [ -75.247948, 39.991138 ], [ -75.246904, 39.98985 ], [ -75.246187, 39.989516 ], [ -75.246416, 39.988266 ], [ -75.245478, 39.986619 ], [ -75.248991, 39.985109 ], [ -75.248668, 39.98468 ], [ -75.248346, 39.982968 ], [ -75.252544, 39.98077 ], [ -75.253929, 39.979067 ], [ -75.255918, 39.978122 ], [ -75.256605, 39.981408 ], [ -75.255802, 39.982254 ], [ -75.257113, 39.983789 ], [ -75.259062, 39.982814 ], [ -75.259471, 39.97978 ], [ -75.261282, 39.978272 ], [ -75.265566, 39.981832 ], [ -75.262946, 39.983045 ] ] ] } },
{ "type": "Feature", "properties": { "tract_geoid": "42101037600", "tract_name": "376", "fixed_population": 3155.0, "peak_count": 9, "peak_rate": 9.5087163232963547, "recent_count": 5, "recent_rate": 5.2826201796090864, "absolute_rate_change": -4.2260961436872684, "absolute_count_change": -4, "benchmark_rate_10k": 13.597203178615208, "baseline_percentile": 0.75, "peak_elevated": false, "recent_elevated": false, "transition": "Consistently below", "low_population_flag": false, "low_count_flag": false, "zero_population_flag": false, "missing_denominator_flag": false }, "geometry": { "type": "Polygon", "coordinates": [ [ [ -75.162339, 39.957825 ], [ -75.161188, 39.963422 ], [ -75.152965, 39.962493 ], [ -75.148029, 39.962265 ], [ -75.148877, 39.957664 ], [ -75.150881, 39.957421 ], [ -75.152893, 39.956884 ], [ -75.153846, 39.956784 ], [ -75.155538, 39.956923 ], [ -75.162339, 39.957825 ] ] ] } },
{ "type": "Feature", "properties": { "tract_geoid": "42101037700", "tract_name": "377", "fixed_population": 5611.0, "peak_count": 36, "peak_rate": 21.386562110140794, "recent_count": 17, "recent_rate": 10.099209885344266, "absolute_rate_change": -11.287352224796528, "absolute_count_change": -19, "benchmark_rate_10k": 13.597203178615208, "baseline_percentile": 0.75, "peak_elevated": true, "recent_elevated": false, "transition": "Previously elevated", "low_population_flag": false, "low_count_flag": false, "zero_population_flag": false, "missing_denominator_flag": false }, "geometry": { "type": "Polygon", "coordinates": [ [ [ -75.157581, 39.980223 ], [ -75.156275, 39.986283 ], [ -75.144154, 39.984724 ], [ -75.14405, 39.983721 ], [ -75.14501, 39.978597 ], [ -75.157581, 39.980223 ] ] ] } },
{ "type": "Feature", "properties": { "tract_geoid": "42101037800", "tract_name": "378", "fixed_population": 2113.0, "peak_count": 7, "peak_rate": 11.042751222590313, "recent_count": 7, "recent_rate": 11.042751222590313, "absolute_rate_change": 0.0, "absolute_count_change": 0, "benchmark_rate_10k": 13.597203178615208, "baseline_percentile": 0.75, "peak_elevated": false, "recent_elevated": false, "transition": "Consistently below", "low_population_flag": false, "low_count_flag": false, "zero_population_flag": false, "missing_denominator_flag": false }, "geometry": { "type": "Polygon", "coordinates": [ [ [ -75.122592, 39.97388 ], [ -75.120992, 39.97547 ], [ -75.119959, 39.975915 ], [ -75.117355, 39.981481 ], [ -75.113227, 39.976803 ], [ -75.08604, 39.990897 ], [ -75.086603, 39.990017 ], [ -75.081387, 39.992731 ], [ -75.080785, 39.993572 ], [ -75.078288, 39.990945 ], [ -75.070716, 39.985097 ], [ -75.067664096638595, 39.983171324838906 ], [ -75.068802, 39.98224 ], [ -75.075605, 39.978041 ], [ -75.085831, 39.975102 ], [ -75.093718, 39.974412 ], [ -75.102287, 39.972377 ], [ -75.118952641189196, 39.965521971896095 ], [ -75.121241, 39.968659 ], [ -75.121476, 39.969251 ], [ -75.121801, 39.969656 ], [ -75.122097, 39.970632 ], [ -75.119617, 39.97295 ], [ -75.120235, 39.97332 ], [ -75.121504, 39.97321 ], [ -75.123489, 39.972651 ], [ -75.122592, 39.97388 ] ] ] } },
{ "type": "Feature", "properties": { "tract_geoid": "42101037900", "tract_name": "379", "fixed_population": 4906.0, "peak_count": 8, "peak_rate": 5.4355211305883948, "recent_count": 2, "recent_rate": 1.3588802826470987, "absolute_rate_change": -4.0766408479412961, "absolute_count_change": -6, "benchmark_rate_10k": 13.597203178615208, "baseline_percentile": 0.75, "peak_elevated": false, "recent_elevated": false, "transition": "Consistently below", "low_population_flag": false, "low_count_flag": true, "zero_population_flag": false, "missing_denominator_flag": false }, "geometry": { "type": "Polygon", "coordinates": [ [ [ -75.105064, 39.987073 ], [ -75.095726, 39.99195 ], [ -75.097007, 39.993399 ], [ -75.094523, 39.994603 ], [ -75.08637, 39.998895 ], [ -75.083346, 39.99641 ], [ -75.080785, 39.993572 ], [ -75.081387, 39.992731 ], [ -75.086603, 39.990017 ], [ -75.08604, 39.990897 ], [ -75.101439, 39.982974 ], [ -75.105064, 39.987073 ] ] ] } },
{ "type": "Feature", "properties": { "tract_geoid": "42101038000", "tract_name": "380", "fixed_population": 2421.0, "peak_count": 10, "peak_rate": 13.768415255404102, "recent_count": 5, "recent_rate": 6.8842076277020512, "absolute_rate_change": -6.8842076277020512, "absolute_count_change": -5, "benchmark_rate_10k": 13.597203178615208, "baseline_percentile": 0.75, "peak_elevated": true, "recent_elevated": false, "transition": "Previously elevated", "low_population_flag": false, "low_count_flag": false, "zero_population_flag": false, "missing_denominator_flag": false }, "geometry": { "type": "Polygon", "coordinates": [ [ [ -75.090154, 40.004148 ], [ -75.087448, 40.006079 ], [ -75.083087, 40.007437 ], [ -75.069508, 40.010798 ], [ -75.068938, 40.008779 ], [ -75.072487, 40.008123 ], [ -75.079781, 40.002337 ], [ -75.08637, 39.998895 ], [ -75.087933, 40.002829 ], [ -75.088572, 40.00352 ], [ -75.090154, 40.004148 ] ] ] } },
{ "type": "Feature", "properties": { "tract_geoid": "42101038100", "tract_name": "381", "fixed_population": 702.0, "peak_count": 6, "peak_rate": 28.490028490028493, "recent_count": 6, "recent_rate": 28.490028490028493, "absolute_rate_change": 0.0, "absolute_count_change": 0, "benchmark_rate_10k": 13.597203178615208, "baseline_percentile": 0.75, "peak_elevated": true, "recent_elevated": true, "transition": "Persistently elevated", "low_population_flag": false, "low_count_flag": false, "zero_population_flag": false, "missing_denominator_flag": false }, "geometry": { "type": "Polygon", "coordinates": [ [ [ -75.069508, 40.010798 ], [ -75.061339, 40.012764 ], [ -75.059285, 40.013387 ], [ -75.056898, 40.014204 ], [ -75.052816, 40.016119 ], [ -75.040499, 40.022297 ], [ -75.021725, 40.033923 ], [ -75.018617, 40.033655 ], [ -75.017973, 40.033361 ], [ -75.022508, 40.030832 ], [ -75.015583, 40.023134 ], [ -75.013805034048502, 40.0202136884648 ], [ -75.019645, 40.018436 ], [ -75.034216, 40.015219 ], [ -75.042889, 40.012032 ], [ -75.04709, 40.009941 ], [ -75.053405, 40.004568 ], [ -75.053723885964402, 40.004080276035715 ], [ -75.058457, 40.004988 ], [ -75.058226, 40.005412 ], [ -75.062126, 40.006643 ], [ -75.067696, 40.005333 ], [ -75.068625, 40.007644 ], [ -75.069508, 40.010798 ] ] ] } },
{ "type": "Feature", "properties": { "tract_geoid": "42101038200", "tract_name": "382", "fixed_population": 2931.0, "peak_count": 39, "peak_rate": 44.353462981917438, "recent_count": 27, "recent_rate": 30.706243602865914, "absolute_rate_change": -13.647219379051524, "absolute_count_change": -12, "benchmark_rate_10k": 13.597203178615208, "baseline_percentile": 0.75, "peak_elevated": true, "recent_elevated": true, "transition": "Persistently elevated", "low_population_flag": false, "low_count_flag": false, "zero_population_flag": false, "missing_denominator_flag": false }, "geometry": { "type": "Polygon", "coordinates": [ [ [ -75.109709, 39.992334 ], [ -75.097949, 39.998496 ], [ -75.100085, 40.000977 ], [ -75.104197, 40.001525 ], [ -75.092574, 40.007932 ], [ -75.0923, 40.006817 ], [ -75.09291, 40.005972 ], [ -75.092536, 40.005378 ], [ -75.091749, 40.0047 ], [ -75.088572, 40.00352 ], [ -75.087933, 40.002829 ], [ -75.08637, 39.998895 ], [ -75.094523, 39.994603 ], [ -75.097007, 39.993399 ], [ -75.095726, 39.99195 ], [ -75.105064, 39.987073 ], [ -75.109709, 39.992334 ] ] ] } },
{ "type": "Feature", "properties": { "tract_geoid": "42101038301", "tract_name": "383.01", "fixed_population": 2405.0, "peak_count": 9, "peak_rate": 12.474012474012476, "recent_count": 6, "recent_rate": 8.3160083160083165, "absolute_rate_change": -4.1580041580041591, "absolute_count_change": -3, "benchmark_rate_10k": 13.597203178615208, "baseline_percentile": 0.75, "peak_elevated": false, "recent_elevated": false, "transition": "Consistently below", "low_population_flag": false, "low_count_flag": false, "zero_population_flag": false, "missing_denominator_flag": false }, "geometry": { "type": "Polygon", "coordinates": [ [ [ -75.137669, 40.003645 ], [ -75.134194, 40.019619 ], [ -75.128883, 40.018945 ], [ -75.131937, 40.005156 ], [ -75.134351, 40.00486 ], [ -75.137669, 40.003645 ] ] ] } },
{ "type": "Feature", "properties": { "tract_geoid": "42101038400", "tract_name": "384", "fixed_population": 2484.0, "peak_count": 0, "peak_rate": 0.0, "recent_count": 1, "recent_rate": 1.3419216317767042, "absolute_rate_change": 1.3419216317767042, "absolute_count_change": 1, "benchmark_rate_10k": 13.597203178615208, "baseline_percentile": 0.75, "peak_elevated": false, "recent_elevated": false, "transition": "Consistently below", "low_population_flag": false, "low_count_flag": true, "zero_population_flag": false, "missing_denominator_flag": false }, "geometry": { "type": "Polygon", "coordinates": [ [ [ -75.243288, 40.073494 ], [ -75.232952, 40.083618 ], [ -75.227444, 40.081209 ], [ -75.225988, 40.079068 ], [ -75.230411, 40.077042 ], [ -75.225658, 40.07485 ], [ -75.228088, 40.070649 ], [ -75.226651, 40.070458 ], [ -75.223769, 40.067923 ], [ -75.224346, 40.066745 ], [ -75.224566, 40.066553 ], [ -75.2248, 40.062554 ], [ -75.225959, 40.062153 ], [ -75.223454, 40.059173 ], [ -75.224933, 40.058349 ], [ -75.228493, 40.060331 ], [ -75.226882, 40.061813 ], [ -75.228446, 40.06254 ], [ -75.227925, 40.063987 ], [ -75.229354, 40.0657 ], [ -75.230082, 40.0663 ], [ -75.232439, 40.064739 ], [ -75.231724, 40.064099 ], [ -75.238182, 40.059771 ], [ -75.23885, 40.060815 ], [ -75.239696, 40.063998 ], [ -75.240321, 40.068383 ], [ -75.241075, 40.070395 ], [ -75.242047, 40.071949 ], [ -75.243288, 40.073494 ] ] ] } },
{ "type": "Feature", "properties": { "tract_geoid": "42101038500", "tract_name": "385", "fixed_population": 1869.0, "peak_count": 0, "peak_rate": 0.0, "recent_count": 0, "recent_rate": 0.0, "absolute_rate_change": 0.0, "absolute_count_change": 0, "benchmark_rate_10k": 13.597203178615208, "baseline_percentile": 0.75, "peak_elevated": false, "recent_elevated": false, "transition": "Consistently below", "low_population_flag": false, "low_count_flag": true, "zero_population_flag": false, "missing_denominator_flag": false }, "geometry": { "type": "Polygon", "coordinates": [ [ [ -75.227717, 40.084321 ], [ -75.224012, 40.084218 ], [ -75.219807, 40.082084 ], [ -75.217463, 40.080575 ], [ -75.208175, 40.077042 ], [ -75.204902, 40.075122 ], [ -75.203427, 40.07418 ], [ -75.202651, 40.073212 ], [ -75.204218, 40.071632 ], [ -75.204166, 40.069595 ], [ -75.205815, 40.070106 ], [ -75.208933, 40.067015 ], [ -75.211138, 40.068318 ], [ -75.211442, 40.070919 ], [ -75.215385, 40.073257 ], [ -75.216984, 40.074811 ], [ -75.215755, 40.076447 ], [ -75.218189, 40.075823 ], [ -75.224633, 40.079605 ], [ -75.227717, 40.084321 ] ] ] } },
{ "type": "Feature", "properties": { "tract_geoid": "42101038600", "tract_name": "386", "fixed_population": 1352.0, "peak_count": 0, "peak_rate": 0.0, "recent_count": 0, "recent_rate": 0.0, "absolute_rate_change": 0.0, "absolute_count_change": 0, "benchmark_rate_10k": 13.597203178615208, "baseline_percentile": 0.75, "peak_elevated": false, "recent_elevated": false, "transition": "Consistently below", "low_population_flag": false, "low_count_flag": true, "zero_population_flag": false, "missing_denominator_flag": false }, "geometry": { "type": "Polygon", "coordinates": [ [ [ -75.221348, 40.072432 ], [ -75.222268, 40.073056 ], [ -75.215385, 40.073257 ], [ -75.211442, 40.070919 ], [ -75.211138, 40.068318 ], [ -75.208933, 40.067015 ], [ -75.209573, 40.066375 ], [ -75.206782, 40.064755 ], [ -75.20615, 40.065376 ], [ -75.204744, 40.064538 ], [ -75.20714, 40.062139 ], [ -75.202545, 40.059884 ], [ -75.201856, 40.05893 ], [ -75.202021, 40.056688 ], [ -75.204845, 40.054823 ], [ -75.203342, 40.053504 ], [ -75.196511, 40.049188 ], [ -75.199409, 40.046469 ], [ -75.198988, 40.045271 ], [ -75.200784, 40.043528 ], [ -75.201433, 40.042404 ], [ -75.207005, 40.047063 ], [ -75.206632, 40.047417 ], [ -75.207679, 40.047496 ], [ -75.209969, 40.047081 ], [ -75.210272, 40.047688 ], [ -75.213377, 40.049215 ], [ -75.214554, 40.05046 ], [ -75.216824, 40.052399 ], [ -75.217903, 40.055401 ], [ -75.213767, 40.056678 ], [ -75.212549, 40.058425 ], [ -75.214011, 40.0571 ], [ -75.21579, 40.056645 ], [ -75.21733, 40.05789 ], [ -75.217031, 40.059025 ], [ -75.218818, 40.059154 ], [ -75.22054, 40.061923 ], [ -75.219853, 40.062634 ], [ -75.220769, 40.064065 ], [ -75.218506, 40.066949 ], [ -75.21441, 40.06884 ], [ -75.215983, 40.069557 ], [ -75.217151, 40.068512 ], [ -75.218898, 40.067813 ], [ -75.222536, 40.071328 ], [ -75.221348, 40.072432 ] ] ] } },
{ "type": "Feature", "properties": { "tract_geoid": "42101038700", "tract_name": "387", "fixed_population": 2370.0, "peak_count": 1, "peak_rate": 1.4064697609001406, "recent_count": 1, "recent_rate": 1.4064697609001406, "absolute_rate_change": 0.0, "absolute_count_change": 0, "benchmark_rate_10k": 13.597203178615208, "baseline_percentile": 0.75, "peak_elevated": false, "recent_elevated": false, "transition": "Consistently below", "low_population_flag": false, "low_count_flag": true, "zero_population_flag": false, "missing_denominator_flag": false }, "geometry": { "type": "Polygon", "coordinates": [ [ [ -75.2305, 40.086022 ], [ -75.22361, 40.092907 ], [ -75.21357, 40.087154 ], [ -75.212375, 40.085995 ], [ -75.211868, 40.086086 ], [ -75.209396, 40.084927 ], [ -75.204147, 40.081741 ], [ -75.197601, 40.077991 ], [ -75.199379, 40.075781 ], [ -75.199496, 40.07547 ], [ -75.200878, 40.074958 ], [ -75.202651, 40.073212 ], [ -75.203427, 40.07418 ], [ -75.208175, 40.077042 ], [ -75.217463, 40.080575 ], [ -75.219807, 40.082084 ], [ -75.224012, 40.084218 ], [ -75.227717, 40.084321 ], [ -75.2305, 40.086022 ] ] ] } },
{ "type": "Feature", "properties": { "tract_geoid": "42101038800", "tract_name": "388", "fixed_population": 3981.0, "peak_count": 0, "peak_rate": 0.0, "recent_count": 0, "recent_rate": 0.0, "absolute_rate_change": 0.0, "absolute_count_change": 0, "benchmark_rate_10k": 13.597203178615208, "baseline_percentile": 0.75, "peak_elevated": false, "recent_elevated": false, "transition": "Consistently below", "low_population_flag": false, "low_count_flag": true, "zero_population_flag": false, "missing_denominator_flag": false }, "geometry": { "type": "Polygon", "coordinates": [ [ [ -75.204845, 40.054823 ], [ -75.202021, 40.056688 ], [ -75.201856, 40.05893 ], [ -75.202545, 40.059884 ], [ -75.202475, 40.06265 ], [ -75.201204, 40.063956 ], [ -75.200444, 40.063526 ], [ -75.198854, 40.064389 ], [ -75.196385, 40.066623 ], [ -75.195726, 40.065177 ], [ -75.192891, 40.062662 ], [ -75.191291, 40.060456 ], [ -75.188077, 40.056898 ], [ -75.191752, 40.054604 ], [ -75.192966, 40.055267 ], [ -75.193951, 40.054358 ], [ -75.19326, 40.053057 ], [ -75.194012, 40.051732 ], [ -75.194491, 40.051466 ], [ -75.196511, 40.049188 ], [ -75.203342, 40.053504 ], [ -75.204845, 40.054823 ] ] ] } },
{ "type": "Feature", "properties": { "tract_geoid": "42101038900", "tract_name": "389", "fixed_population": 3246.0, "peak_count": 8, "peak_rate": 8.215239268843705, "recent_count": 9, "recent_rate": 9.2421441774491679, "absolute_rate_change": 1.0269049086054629, "absolute_count_change": 1, "benchmark_rate_10k": 13.597203178615208, "baseline_percentile": 0.75, "peak_elevated": false, "recent_elevated": false, "transition": "Consistently below", "low_population_flag": false, "low_count_flag": false, "zero_population_flag": false, "missing_denominator_flag": false }, "geometry": { "type": "Polygon", "coordinates": [ [ [ -75.177193, 40.05308 ], [ -75.175743, 40.054577 ], [ -75.175203, 40.056773 ], [ -75.174759, 40.057282 ], [ -75.173579, 40.056546 ], [ -75.168641, 40.061373 ], [ -75.158889, 40.055768 ], [ -75.167701, 40.047245 ], [ -75.170884, 40.049199 ], [ -75.171755, 40.048359 ], [ -75.172182, 40.04926 ], [ -75.17326, 40.050667 ], [ -75.177193, 40.05308 ] ] ] } },
{ "type": "Feature", "properties": { "tract_geoid": "42101039001", "tract_name": "390.01", "fixed_population": 4124.0, "peak_count": 17, "peak_rate": 13.740704817329455, "recent_count": 9, "recent_rate": 7.2744907856450052, "absolute_rate_change": -6.4662140316844496, "absolute_count_change": -8, "benchmark_rate_10k": 13.597203178615208, "baseline_percentile": 0.75, "peak_elevated": true, "recent_elevated": false, "transition": "Previously elevated", "low_population_flag": false, "low_count_flag": false, "zero_population_flag": false, "missing_denominator_flag": false }, "geometry": { "type": "Polygon", "coordinates": [ [ [ -75.101572, 40.038293 ], [ -75.096603, 40.042487 ], [ -75.091859, 40.047485 ], [ -75.088312, 40.045514 ], [ -75.088975, 40.044332 ], [ -75.088184, 40.040767 ], [ -75.088709, 40.03795 ], [ -75.087159, 40.03479 ], [ -75.085313, 40.033521 ], [ -75.084832, 40.032349 ], [ -75.084273, 40.032172 ], [ -75.084134, 40.031964 ], [ -75.084197, 40.031438 ], [ -75.084794, 40.031223 ], [ -75.08508, 40.031266 ], [ -75.085381, 40.031491 ], [ -75.086551, 40.031133 ], [ -75.09227, 40.034323 ], [ -75.089404, 40.037263 ], [ -75.091334, 40.038409 ], [ -75.090543, 40.039142 ], [ -75.09203, 40.040214 ], [ -75.096098, 40.036574 ], [ -75.096847, 40.03697 ], [ -75.098416, 40.036101 ], [ -75.101572, 40.038293 ] ] ] } },
{ "type": "Feature", "properties": { "tract_geoid": "42101039002", "tract_name": "390.02", "fixed_population": 4826.0, "peak_count": 14, "peak_rate": 9.669843901091312, "recent_count": 19, "recent_rate": 13.123359580052494, "absolute_rate_change": 3.4535156789611818, "absolute_count_change": 5, "benchmark_rate_10k": 13.597203178615208, "baseline_percentile": 0.75, "peak_elevated": false, "recent_elevated": false, "transition": "Consistently below", "low_population_flag": false, "low_count_flag": false, "zero_population_flag": false, "missing_denominator_flag": false }, "geometry": { "type": "Polygon", "coordinates": [ [ [ -75.103903, 40.030589 ], [ -75.098416, 40.036101 ], [ -75.096847, 40.03697 ], [ -75.096098, 40.036574 ], [ -75.09203, 40.040214 ], [ -75.090543, 40.039142 ], [ -75.091334, 40.038409 ], [ -75.089404, 40.037263 ], [ -75.09227, 40.034323 ], [ -75.086551, 40.031133 ], [ -75.09399, 40.027037 ], [ -75.096038, 40.026567 ], [ -75.098696, 40.027853 ], [ -75.101728, 40.029726 ], [ -75.102431, 40.029934 ], [ -75.103228, 40.030048 ], [ -75.104331, 40.029981 ], [ -75.103903, 40.030589 ] ] ] } },
{ "type": "Feature", "properties": { "tract_geoid": "42101039100", "tract_name": "391", "fixed_population": 2152.0, "peak_count": 43, "peak_rate": 66.604708798017356, "recent_count": 10, "recent_rate": 15.489467162329616, "absolute_rate_change": -51.115241635687738, "absolute_count_change": -33, "benchmark_rate_10k": 13.597203178615208, "baseline_percentile": 0.75, "peak_elevated": true, "recent_elevated": true, "transition": "Persistently elevated", "low_population_flag": false, "low_count_flag": false, "zero_population_flag": false, "missing_denominator_flag": false }, "geometry": { "type": "Polygon", "coordinates": [ [ [ -75.222696, 39.930808 ], [ -75.21065, 39.939199 ], [ -75.207838, 39.941286 ], [ -75.205185, 39.941116 ], [ -75.205643, 39.936882 ], [ -75.206322, 39.934759 ], [ -75.207433, 39.933513 ], [ -75.211253, 39.928519 ], [ -75.212428, 39.92523 ], [ -75.219434, 39.928082 ], [ -75.222696, 39.930808 ] ] ] } },
{ "type": "Feature", "properties": { "tract_geoid": "42101980001", "tract_name": "9800.01", "fixed_population": 0.0, "peak_count": 9, "peak_rate": null, "recent_count": 28, "recent_rate": null, "absolute_rate_change": null, "absolute_count_change": 19, "benchmark_rate_10k": 13.597203178615208, "baseline_percentile": 0.75, "peak_elevated": null, "recent_elevated": null, "transition": "Unavailable", "low_population_flag": false, "low_count_flag": false, "zero_population_flag": true, "missing_denominator_flag": false }, "geometry": { "type": "Polygon", "coordinates": [ [ [ -75.204084, 39.985856 ], [ -75.201107, 39.987635 ], [ -75.193986, 39.995365 ], [ -75.191754, 39.999748 ], [ -75.188447, 40.000272 ], [ -75.186861, 40.000409 ], [ -75.187604, 39.998195 ], [ -75.187555, 39.995829 ], [ -75.186976, 39.994344 ], [ -75.186148, 39.992662 ], [ -75.188979, 39.979811 ], [ -75.189882, 39.977933 ], [ -75.189716, 39.977273 ], [ -75.189674, 39.977173 ], [ -75.188252, 39.976764 ], [ -75.187121, 39.975035 ], [ -75.185442, 39.971999 ], [ -75.184005, 39.970781 ], [ -75.181589, 39.969025 ], [ -75.179683, 39.967416 ], [ -75.177513, 39.965382 ], [ -75.175984, 39.964208 ], [ -75.178068, 39.964671 ], [ -75.181416, 39.964378 ], [ -75.182515, 39.96448 ], [ -75.183323, 39.964374 ], [ -75.184976, 39.966129 ], [ -75.191012, 39.970034 ], [ -75.193055, 39.973852 ], [ -75.193724, 39.975285 ], [ -75.193985, 39.976132 ], [ -75.198654, 39.978457 ], [ -75.201831, 39.980357 ], [ -75.204417, 39.983169 ], [ -75.204084, 39.985856 ] ] ] } },
{ "type": "Feature", "properties": { "tract_geoid": "42101980002", "tract_name": "9800.02", "fixed_population": 0.0, "peak_count": 4, "peak_rate": null, "recent_count": 8, "recent_rate": null, "absolute_rate_change": null, "absolute_count_change": 4, "benchmark_rate_10k": 13.597203178615208, "baseline_percentile": 0.75, "peak_elevated": null, "recent_elevated": null, "transition": "Unavailable", "low_population_flag": false, "low_count_flag": true, "zero_population_flag": true, "missing_denominator_flag": false }, "geometry": { "type": "Polygon", "coordinates": [ [ [ -75.226963, 39.983813 ], [ -75.226239, 39.985769 ], [ -75.225573, 39.987151 ], [ -75.225109, 39.987582 ], [ -75.220317, 39.990286 ], [ -75.219333, 39.992171 ], [ -75.217994, 39.994223 ], [ -75.215572, 39.996241 ], [ -75.209156, 39.998339 ], [ -75.20728, 39.999054 ], [ -75.206695, 39.999167 ], [ -75.205488, 40.000902 ], [ -75.20412, 40.000328 ], [ -75.200868, 40.004432 ], [ -75.202057, 40.004729 ], [ -75.201293, 40.00597 ], [ -75.20338, 40.005165 ], [ -75.207504, 40.006469 ], [ -75.20556, 40.007369 ], [ -75.203156, 40.008256 ], [ -75.208221, 40.009947 ], [ -75.205771, 40.011629 ], [ -75.203107, 40.010138 ], [ -75.19281, 40.006733 ], [ -75.192101, 40.005995 ], [ -75.19132, 40.003715 ], [ -75.191754, 39.999748 ], [ -75.193986, 39.995365 ], [ -75.201107, 39.987635 ], [ -75.204084, 39.985856 ], [ -75.204417, 39.983169 ], [ -75.201831, 39.980357 ], [ -75.198654, 39.978457 ], [ -75.193985, 39.976132 ], [ -75.193724, 39.975285 ], [ -75.193055, 39.973852 ], [ -75.191012, 39.970034 ], [ -75.184976, 39.966129 ], [ -75.183323, 39.964374 ], [ -75.18521, 39.963757 ], [ -75.186742, 39.963445 ], [ -75.187403, 39.965104 ], [ -75.189583, 39.966756 ], [ -75.192308, 39.967724 ], [ -75.201219, 39.970214 ], [ -75.198995, 39.971543 ], [ -75.198547, 39.973296 ], [ -75.198809, 39.974722 ], [ -75.20372, 39.974182 ], [ -75.223157, 39.981381 ], [ -75.224066, 39.981508 ], [ -75.226202, 39.981608 ], [ -75.227057, 39.982691 ], [ -75.226963, 39.983813 ] ] ] } },
{ "type": "Feature", "properties": { "tract_geoid": "42101980003", "tract_name": "9800.03", "fixed_population": 0.0, "peak_count": 2, "peak_rate": null, "recent_count": 1, "recent_rate": null, "absolute_rate_change": null, "absolute_count_change": -1, "benchmark_rate_10k": 13.597203178615208, "baseline_percentile": 0.75, "peak_elevated": null, "recent_elevated": null, "transition": "Unavailable", "low_population_flag": false, "low_count_flag": true, "zero_population_flag": true, "missing_denominator_flag": false }, "geometry": { "type": "Polygon", "coordinates": [ [ [ -75.186574, 39.956251 ], [ -75.18449, 39.956914 ], [ -75.186286, 39.957641 ], [ -75.186678, 39.960652 ], [ -75.186742, 39.963445 ], [ -75.18521, 39.963757 ], [ -75.183323, 39.964374 ], [ -75.179937, 39.960028 ], [ -75.179126, 39.958004 ], [ -75.180223, 39.954472 ], [ -75.187064, 39.955295 ], [ -75.186574, 39.956251 ] ] ] } },
{ "type": "Feature", "properties": { "tract_geoid": "42101980100", "tract_name": "9801", "fixed_population": 292.0, "peak_count": 1, "peak_rate": 11.415525114155251, "recent_count": 1, "recent_rate": 11.415525114155251, "absolute_rate_change": 0.0, "absolute_count_change": 0, "benchmark_rate_10k": 13.597203178615208, "baseline_percentile": 0.75, "peak_elevated": false, "recent_elevated": false, "transition": "Consistently below", "low_population_flag": false, "low_count_flag": true, "zero_population_flag": false, "missing_denominator_flag": false }, "geometry": { "type": "Polygon", "coordinates": [ [ [ -75.2305, 40.086022 ], [ -75.227717, 40.084321 ], [ -75.224633, 40.079605 ], [ -75.218189, 40.075823 ], [ -75.215755, 40.076447 ], [ -75.216984, 40.074811 ], [ -75.215385, 40.073257 ], [ -75.222268, 40.073056 ], [ -75.221348, 40.072432 ], [ -75.222536, 40.071328 ], [ -75.218898, 40.067813 ], [ -75.217151, 40.068512 ], [ -75.215983, 40.069557 ], [ -75.21441, 40.06884 ], [ -75.218506, 40.066949 ], [ -75.220769, 40.064065 ], [ -75.219853, 40.062634 ], [ -75.22054, 40.061923 ], [ -75.218818, 40.059154 ], [ -75.217031, 40.059025 ], [ -75.21733, 40.05789 ], [ -75.21579, 40.056645 ], [ -75.214011, 40.0571 ], [ -75.212549, 40.058425 ], [ -75.213767, 40.056678 ], [ -75.217903, 40.055401 ], [ -75.216824, 40.052399 ], [ -75.214554, 40.05046 ], [ -75.213377, 40.049215 ], [ -75.210272, 40.047688 ], [ -75.209969, 40.047081 ], [ -75.20994, 40.044636 ], [ -75.208173, 40.04199 ], [ -75.207016, 40.0416 ], [ -75.205047, 40.043123 ], [ -75.205944, 40.040667 ], [ -75.205546, 40.039057 ], [ -75.203164, 40.037635 ], [ -75.202846, 40.039503 ], [ -75.19961, 40.036824 ], [ -75.198586, 40.037217 ], [ -75.197674, 40.034404 ], [ -75.197121, 40.033375 ], [ -75.190565, 40.031178 ], [ -75.189063, 40.031905 ], [ -75.185463, 40.028875 ], [ -75.187462, 40.0285 ], [ -75.193231, 40.024996 ], [ -75.193308, 40.024091 ], [ -75.195011, 40.023198 ], [ -75.199854, 40.01937 ], [ -75.201269, 40.017189 ], [ -75.202422, 40.015804 ], [ -75.205848, 40.015281 ], [ -75.207599, 40.012719 ], [ -75.208008, 40.012997 ], [ -75.207524, 40.01331 ], [ -75.206903, 40.014958 ], [ -75.20714, 40.015646 ], [ -75.207178, 40.016553 ], [ -75.205622, 40.017107 ], [ -75.203749, 40.016658 ], [ -75.203422, 40.018763 ], [ -75.204057, 40.020213 ], [ -75.202985, 40.024602 ], [ -75.201854, 40.025293 ], [ -75.202549, 40.025447 ], [ -75.202496, 40.025609 ], [ -75.20323, 40.025839 ], [ -75.204006, 40.026441 ], [ -75.205616, 40.028661 ], [ -75.203407, 40.029561 ], [ -75.205569, 40.032514 ], [ -75.207715, 40.031573 ], [ -75.208278, 40.033762 ], [ -75.208938, 40.035221 ], [ -75.210014, 40.037085 ], [ -75.211536, 40.038405 ], [ -75.215056, 40.040768 ], [ -75.216923, 40.042249 ], [ -75.217556, 40.043271 ], [ -75.217846, 40.044343 ], [ -75.217842, 40.04608 ], [ -75.218194, 40.047966 ], [ -75.21977, 40.049098 ], [ -75.227161, 40.052534 ], [ -75.230978, 40.053587 ], [ -75.232003, 40.054395 ], [ -75.227325, 40.056645 ], [ -75.229675, 40.059776 ], [ -75.228493, 40.060331 ], [ -75.224933, 40.058349 ], [ -75.223454, 40.059173 ], [ -75.225959, 40.062153 ], [ -75.2248, 40.062554 ], [ -75.224566, 40.066553 ], [ -75.224346, 40.066745 ], [ -75.223769, 40.067923 ], [ -75.226651, 40.070458 ], [ -75.228088, 40.070649 ], [ -75.225658, 40.07485 ], [ -75.230411, 40.077042 ], [ -75.225988, 40.079068 ], [ -75.227444, 40.081209 ], [ -75.232952, 40.083618 ], [ -75.2305, 40.086022 ] ] ] } },
{ "type": "Feature", "properties": { "tract_geoid": "42101980200", "tract_name": "9802", "fixed_population": 68.0, "peak_count": 2, "peak_rate": 98.039215686274503, "recent_count": 1, "recent_rate": 49.019607843137251, "absolute_rate_change": -49.019607843137251, "absolute_count_change": -1, "benchmark_rate_10k": 13.597203178615208, "baseline_percentile": 0.75, "peak_elevated": true, "recent_elevated": true, "transition": "Persistently elevated", "low_population_flag": true, "low_count_flag": true, "zero_population_flag": false, "missing_denominator_flag": false }, "geometry": { "type": "Polygon", "coordinates": [ [ [ -75.074429, 40.087087 ], [ -75.074069, 40.087585 ], [ -75.073616, 40.087907 ], [ -75.072545, 40.088313 ], [ -75.066955, 40.091763 ], [ -75.066135, 40.092421 ], [ -75.064096, 40.090677 ], [ -75.063708, 40.090568 ], [ -75.058343, 40.090153 ], [ -75.057068, 40.089697 ], [ -75.056445, 40.089014 ], [ -75.055807, 40.088095 ], [ -75.057065, 40.086823 ], [ -75.055208, 40.081189 ], [ -75.052737, 40.079427 ], [ -75.051031, 40.080086 ], [ -75.047286, 40.082932 ], [ -75.04553, 40.08057 ], [ -75.045593, 40.078487 ], [ -75.043154, 40.078466 ], [ -75.04312, 40.077166 ], [ -75.039748, 40.072411 ], [ -75.041644, 40.070418 ], [ -75.040265, 40.068747 ], [ -75.0406, 40.068042 ], [ -75.03528, 40.064995 ], [ -75.034225, 40.062701 ], [ -75.035532, 40.05881 ], [ -75.035062, 40.057327 ], [ -75.036467, 40.053965 ], [ -75.036019, 40.051602 ], [ -75.032754, 40.052569 ], [ -75.031695, 40.051607 ], [ -75.026753, 40.050779 ], [ -75.024179, 40.051038 ], [ -75.022732, 40.052387 ], [ -75.02425, 40.053991 ], [ -75.023374, 40.055334 ], [ -75.017956, 40.052322 ], [ -75.0172, 40.051445 ], [ -75.016833, 40.049374 ], [ -75.019409, 40.046474 ], [ -75.018502, 40.044081 ], [ -75.020499, 40.043542 ], [ -75.021752, 40.043668 ], [ -75.020489, 40.04639 ], [ -75.021343, 40.048294 ], [ -75.023007, 40.049197 ], [ -75.026037, 40.048163 ], [ -75.029934, 40.048585 ], [ -75.03163, 40.047852 ], [ -75.031776, 40.046141 ], [ -75.03154, 40.045681 ], [ -75.033824, 40.04466 ], [ -75.039255, 40.045982 ], [ -75.041323, 40.047292 ], [ -75.043694, 40.047502 ], [ -75.045269, 40.046509 ], [ -75.047775, 40.046246 ], [ -75.049377, 40.046771 ], [ -75.051619, 40.047072 ], [ -75.052455, 40.046732 ], [ -75.05195, 40.047436 ], [ -75.051496, 40.050459 ], [ -75.050943, 40.050215 ], [ -75.051057, 40.049022 ], [ -75.04796, 40.048016 ], [ -75.045149, 40.048854 ], [ -75.041778, 40.050361 ], [ -75.041515, 40.051762 ], [ -75.040247, 40.053158 ], [ -75.040059, 40.054079 ], [ -75.038658, 40.056708 ], [ -75.038539, 40.060858 ], [ -75.03892, 40.06143 ], [ -75.041738, 40.064658 ], [ -75.044675, 40.06484 ], [ -75.046589, 40.065885 ], [ -75.047347, 40.066401 ], [ -75.047435, 40.067186 ], [ -75.047114, 40.068037 ], [ -75.047762, 40.069395 ], [ -75.047381, 40.070558 ], [ -75.045101, 40.069622 ], [ -75.043955, 40.072522 ], [ -75.045793, 40.075329 ], [ -75.048258, 40.077034 ], [ -75.049347, 40.077036 ], [ -75.055857, 40.073249 ], [ -75.058503, 40.074804 ], [ -75.065724, 40.070193 ], [ -75.068862, 40.071845 ], [ -75.068958, 40.072358 ], [ -75.067823, 40.074097 ], [ -75.067333, 40.075504 ], [ -75.066202, 40.077928 ], [ -75.068463, 40.080164 ], [ -75.062288, 40.084478 ], [ -75.068235, 40.085035 ], [ -75.071691, 40.086977 ], [ -75.074488, 40.086788 ], [ -75.074429, 40.087087 ] ] ] } },
{ "type": "Feature", "properties": { "tract_geoid": "42101980300", "tract_name": "9803", "fixed_population": 0.0, "peak_count": 1, "peak_rate": null, "recent_count": 2, "recent_rate": null, "absolute_rate_change": null, "absolute_count_change": 1, "benchmark_rate_10k": 13.597203178615208, "baseline_percentile": 0.75, "peak_elevated": null, "recent_elevated": null, "transition": "Unavailable", "low_population_flag": false, "low_count_flag": true, "zero_population_flag": true, "missing_denominator_flag": false }, "geometry": { "type": "Polygon", "coordinates": [ [ [ -75.028952, 40.080968 ], [ -75.014156, 40.096236 ], [ -75.012249, 40.097733 ], [ -75.001796, 40.10493 ], [ -74.999804, 40.103236 ], [ -74.995464, 40.099166 ], [ -74.98418, 40.089906 ], [ -74.987065, 40.086049 ], [ -74.990155, 40.084052 ], [ -74.997233, 40.080023 ], [ -74.998488, 40.078701 ], [ -75.000897, 40.075825 ], [ -75.003606, 40.071362 ], [ -75.007269, 40.069161 ], [ -75.013126, 40.072071 ], [ -75.028952, 40.080968 ] ] ] } },
{ "type": "Feature", "properties": { "tract_geoid": "42101980400", "tract_name": "9804", "fixed_population": 0.0, "peak_count": 0, "peak_rate": null, "recent_count": 2, "recent_rate": null, "absolute_rate_change": null, "absolute_count_change": 2, "benchmark_rate_10k": 13.597203178615208, "baseline_percentile": 0.75, "peak_elevated": null, "recent_elevated": null, "transition": "Unavailable", "low_population_flag": false, "low_count_flag": true, "zero_population_flag": true, "missing_denominator_flag": false }, "geometry": { "type": "Polygon", "coordinates": [ [ [ -75.253515, 39.876015 ], [ -75.247108, 39.878228 ], [ -75.245272, 39.879501 ], [ -75.243728, 39.881623 ], [ -75.242047, 39.88596 ], [ -75.239244, 39.889103 ], [ -75.237057, 39.890008 ], [ -75.234591, 39.889852 ], [ -75.233426, 39.889178 ], [ -75.229542, 39.881863 ], [ -75.228554, 39.881073 ], [ -75.223317, 39.883766 ], [ -75.221455, 39.882356 ], [ -75.213969, 39.883692 ], [ -75.212248, 39.883027 ], [ -75.211863, 39.880809 ], [ -75.215787, 39.875052 ], [ -75.215722, 39.876087 ], [ -75.21977, 39.875479 ], [ -75.223763, 39.875858 ], [ -75.229985, 39.876847 ], [ -75.234122, 39.877181 ], [ -75.23637, 39.876187 ], [ -75.24047, 39.872381 ], [ -75.241746, 39.872585 ], [ -75.246824, 39.875142 ], [ -75.248431, 39.876485 ], [ -75.253515, 39.876015 ] ] ] } },
{ "type": "Feature", "properties": { "tract_geoid": "42101980500", "tract_name": "9805", "fixed_population": 0.0, "peak_count": 14, "peak_rate": null, "recent_count": 2, "recent_rate": null, "absolute_rate_change": null, "absolute_count_change": -12, "benchmark_rate_10k": 13.597203178615208, "baseline_percentile": 0.75, "peak_elevated": null, "recent_elevated": null, "transition": "Unavailable", "low_population_flag": false, "low_count_flag": true, "zero_population_flag": true, "missing_denominator_flag": false }, "geometry": { "type": "Polygon", "coordinates": [ [ [ -75.147212, 40.014965 ], [ -75.14711, 40.02128 ], [ -75.142027, 40.020635 ], [ -75.141589, 40.020811 ], [ -75.14126, 40.020456 ], [ -75.140105, 40.02039 ], [ -75.141745, 40.012939 ], [ -75.146473, 40.014862 ], [ -75.147212, 40.014965 ] ] ] } },
{ "type": "Feature", "properties": { "tract_geoid": "42101980600", "tract_name": "9806", "fixed_population": 0.0, "peak_count": 0, "peak_rate": null, "recent_count": 1, "recent_rate": null, "absolute_rate_change": null, "absolute_count_change": 1, "benchmark_rate_10k": 13.597203178615208, "baseline_percentile": 0.75, "peak_elevated": null, "recent_elevated": null, "transition": "Unavailable", "low_population_flag": false, "low_count_flag": true, "zero_population_flag": true, "missing_denominator_flag": false }, "geometry": { "type": "Polygon", "coordinates": [ [ [ -75.1828, 39.909208 ], [ -75.173234, 39.908002 ], [ -75.17081, 39.908594 ], [ -75.169806, 39.911326 ], [ -75.171928, 39.912348 ], [ -75.165482, 39.911531 ], [ -75.163535, 39.910831 ], [ -75.16566, 39.899583 ], [ -75.166321, 39.899305 ], [ -75.170885, 39.898848 ], [ -75.174808, 39.899179 ], [ -75.173536, 39.90539 ], [ -75.183387, 39.906617 ], [ -75.1828, 39.909208 ] ] ] } },
{ "type": "Feature", "properties": { "tract_geoid": "42101980701", "tract_name": "9807.01", "fixed_population": 0.0, "peak_count": 0, "peak_rate": null, "recent_count": 0, "recent_rate": null, "absolute_rate_change": null, "absolute_count_change": 0, "benchmark_rate_10k": 13.597203178615208, "baseline_percentile": 0.75, "peak_elevated": null, "recent_elevated": null, "transition": "Unavailable", "low_population_flag": false, "low_count_flag": true, "zero_population_flag": true, "missing_denominator_flag": false }, "geometry": { "type": "Polygon", "coordinates": [ [ [ -75.174808, 39.899179 ], [ -75.170885, 39.898848 ], [ -75.166321, 39.899305 ], [ -75.16566, 39.899583 ], [ -75.163535, 39.910831 ], [ -75.165482, 39.911531 ], [ -75.160186, 39.910854 ], [ -75.154517, 39.909773 ], [ -75.152341, 39.909209 ], [ -75.1295463738265, 39.905307504693788 ], [ -75.13082, 39.900213 ], [ -75.135413798820693, 39.892999568309399 ], [ -75.141533, 39.895062 ], [ -75.144277, 39.895682 ], [ -75.15468, 39.897064 ], [ -75.170726, 39.897583 ], [ -75.174959, 39.898488 ], [ -75.174808, 39.899179 ] ] ] } },
{ "type": "Feature", "properties": { "tract_geoid": "42101980702", "tract_name": "9807.02", "fixed_population": 0.0, "peak_count": 7, "peak_rate": null, "recent_count": 3, "recent_rate": null, "absolute_rate_change": null, "absolute_count_change": -4, "benchmark_rate_10k": 13.597203178615208, "baseline_percentile": 0.75, "peak_elevated": null, "recent_elevated": null, "transition": "Unavailable", "low_population_flag": false, "low_count_flag": true, "zero_population_flag": true, "missing_denominator_flag": false }, "geometry": { "type": "Polygon", "coordinates": [ [ [ -75.148124, 39.913772 ], [ -75.147357, 39.91509 ], [ -75.146538, 39.91884 ], [ -75.148079, 39.919035 ], [ -75.148223, 39.920148 ], [ -75.148035, 39.921581 ], [ -75.147478, 39.923965 ], [ -75.147842, 39.924015 ], [ -75.146985, 39.927665 ], [ -75.142098, 39.927016 ], [ -75.141664, 39.927482 ], [ -75.140894, 39.927227 ], [ -75.140585, 39.926437 ], [ -75.134295579082206, 39.925783569319208 ], [ -75.13012, 39.917013 ], [ -75.12792, 39.911813 ], [ -75.1295463738265, 39.905307504693788 ], [ -75.149181, 39.908642 ], [ -75.148124, 39.913772 ] ] ] } },
{ "type": "Feature", "properties": { "tract_geoid": "42101980800", "tract_name": "9808", "fixed_population": 0.0, "peak_count": 3, "peak_rate": null, "recent_count": 0, "recent_rate": null, "absolute_rate_change": null, "absolute_count_change": -3, "benchmark_rate_10k": 13.597203178615208, "baseline_percentile": 0.75, "peak_elevated": null, "recent_elevated": null, "transition": "Unavailable", "low_population_flag": false, "low_count_flag": true, "zero_population_flag": true, "missing_denominator_flag": false }, "geometry": { "type": "Polygon", "coordinates": [ [ [ -75.280266, 39.974964 ], [ -75.275871, 39.977245 ], [ -75.271639, 39.972082 ], [ -75.26857, 39.972505 ], [ -75.26562, 39.969941 ], [ -75.2619, 39.972584 ], [ -75.259933, 39.974448 ], [ -75.259808, 39.974401 ], [ -75.260868, 39.977176 ], [ -75.265918, 39.979251 ], [ -75.267973, 39.980757 ], [ -75.265566, 39.981832 ], [ -75.261282, 39.978272 ], [ -75.259471, 39.97978 ], [ -75.259062, 39.982814 ], [ -75.257113, 39.983789 ], [ -75.255802, 39.982254 ], [ -75.256605, 39.981408 ], [ -75.2549, 39.97269 ], [ -75.255123, 39.970036 ], [ -75.250481, 39.96946 ], [ -75.251119, 39.966398 ], [ -75.247169, 39.965927 ], [ -75.247109, 39.964294 ], [ -75.246425, 39.964276 ], [ -75.246753, 39.962705 ], [ -75.247688, 39.962817 ], [ -75.247479, 39.963528 ], [ -75.251353, 39.965219 ], [ -75.25414, 39.965404 ], [ -75.25711, 39.963719 ], [ -75.259078, 39.965692 ], [ -75.260491, 39.966313 ], [ -75.265448, 39.965257 ], [ -75.267386, 39.966215 ], [ -75.270986, 39.968603 ], [ -75.27328, 39.969294 ], [ -75.275322, 39.969416 ], [ -75.275652, 39.970259 ], [ -75.276611, 39.970776 ], [ -75.27676, 39.971244 ], [ -75.278703, 39.972442 ], [ -75.278998, 39.973526 ], [ -75.280266, 39.974964 ] ] ] } },
{ "type": "Feature", "properties": { "tract_geoid": "42101980901", "tract_name": "9809.01", "fixed_population": 0.0, "peak_count": 10, "peak_rate": null, "recent_count": 10, "recent_rate": null, "absolute_rate_change": null, "absolute_count_change": 0, "benchmark_rate_10k": 13.597203178615208, "baseline_percentile": 0.75, "peak_elevated": null, "recent_elevated": null, "transition": "Unavailable", "low_population_flag": false, "low_count_flag": false, "zero_population_flag": true, "missing_denominator_flag": false }, "geometry": { "type": "Polygon", "coordinates": [ [ [ -75.256412, 39.878806 ], [ -75.254897, 39.880006 ], [ -75.245667, 39.890006 ], [ -75.241825, 39.892006 ], [ -75.243752, 39.893025 ], [ -75.238643, 39.898691 ], [ -75.240331, 39.904113 ], [ -75.238611, 39.904543 ], [ -75.236579, 39.905536 ], [ -75.235285, 39.906555 ], [ -75.232444, 39.90967 ], [ -75.230507, 39.911203 ], [ -75.229266, 39.909028 ], [ -75.216768, 39.926956 ], [ -75.212428, 39.92523 ], [ -75.21079, 39.922095 ], [ -75.208526, 39.921033 ], [ -75.203396, 39.921007 ], [ -75.2017, 39.919834 ], [ -75.20209, 39.918555 ], [ -75.2055, 39.91304 ], [ -75.206841, 39.911186 ], [ -75.213906, 39.911072 ], [ -75.216123, 39.909637 ], [ -75.214927, 39.901616 ], [ -75.211762, 39.897747 ], [ -75.208124, 39.895675 ], [ -75.19726, 39.892618 ], [ -75.195514, 39.89184 ], [ -75.195217294768597, 39.877343945193196 ], [ -75.199857, 39.873222 ], [ -75.204087, 39.871204 ], [ -75.211515931142699, 39.86705155243169 ], [ -75.216015, 39.871468 ], [ -75.215787, 39.875052 ], [ -75.211863, 39.880809 ], [ -75.212248, 39.883027 ], [ -75.213969, 39.883692 ], [ -75.221455, 39.882356 ], [ -75.223317, 39.883766 ], [ -75.228554, 39.881073 ], [ -75.229542, 39.881863 ], [ -75.233426, 39.889178 ], [ -75.234591, 39.889852 ], [ -75.237057, 39.890008 ], [ -75.239244, 39.889103 ], [ -75.242047, 39.88596 ], [ -75.243728, 39.881623 ], [ -75.245272, 39.879501 ], [ -75.247108, 39.878228 ], [ -75.253515, 39.876015 ], [ -75.261245, 39.876484 ], [ -75.256412, 39.878806 ] ] ] } },
{ "type": "Feature", "properties": { "tract_geoid": "42101980902", "tract_name": "9809.02", "fixed_population": 0.0, "peak_count": 0, "peak_rate": null, "recent_count": 0, "recent_rate": null, "absolute_rate_change": null, "absolute_count_change": 0, "benchmark_rate_10k": 13.597203178615208, "baseline_percentile": 0.75, "peak_elevated": null, "recent_elevated": null, "transition": "Unavailable", "low_population_flag": false, "low_count_flag": true, "zero_population_flag": true, "missing_denominator_flag": false }, "geometry": { "type": "Polygon", "coordinates": [ [ [ -75.206322, 39.934759 ], [ -75.205643, 39.936882 ], [ -75.205468, 39.938355 ], [ -75.20114, 39.937468 ], [ -75.199344, 39.938366 ], [ -75.203047, 39.93496 ], [ -75.204223, 39.932852 ], [ -75.207433, 39.933513 ], [ -75.206322, 39.934759 ] ] ] } },
{ "type": "Feature", "properties": { "tract_geoid": "42101980903", "tract_name": "9809.03", "fixed_population": 0.0, "peak_count": 1, "peak_rate": null, "recent_count": 0, "recent_rate": null, "absolute_rate_change": null, "absolute_count_change": -1, "benchmark_rate_10k": 13.597203178615208, "baseline_percentile": 0.75, "peak_elevated": null, "recent_elevated": null, "transition": "Unavailable", "low_population_flag": false, "low_count_flag": true, "zero_population_flag": true, "missing_denominator_flag": false }, "geometry": { "type": "Polygon", "coordinates": [ [ [ -75.203047, 39.93496 ], [ -75.199344, 39.938366 ], [ -75.197924, 39.938063 ], [ -75.198849, 39.936959 ], [ -75.199503, 39.934508 ], [ -75.199855, 39.93266 ], [ -75.199649, 39.931912 ], [ -75.204223, 39.932852 ], [ -75.203047, 39.93496 ] ] ] } },
{ "type": "Feature", "properties": { "tract_geoid": "42101980904", "tract_name": "9809.04", "fixed_population": 0.0, "peak_count": 1, "peak_rate": null, "recent_count": 0, "recent_rate": null, "absolute_rate_change": null, "absolute_count_change": -1, "benchmark_rate_10k": 13.597203178615208, "baseline_percentile": 0.75, "peak_elevated": null, "recent_elevated": null, "transition": "Unavailable", "low_population_flag": false, "low_count_flag": true, "zero_population_flag": true, "missing_denominator_flag": false }, "geometry": { "type": "Polygon", "coordinates": [ [ [ -75.211253, 39.928519 ], [ -75.207433, 39.933513 ], [ -75.199649, 39.931912 ], [ -75.193014, 39.925086 ], [ -75.193156, 39.924592 ], [ -75.195045, 39.921011 ], [ -75.2017, 39.919834 ], [ -75.203396, 39.921007 ], [ -75.208526, 39.921033 ], [ -75.21079, 39.922095 ], [ -75.212428, 39.92523 ], [ -75.211253, 39.928519 ] ] ] } },
{ "type": "Feature", "properties": { "tract_geoid": "42101980905", "tract_name": "9809.05", "fixed_population": 0.0, "peak_count": 0, "peak_rate": null, "recent_count": 0, "recent_rate": null, "absolute_rate_change": null, "absolute_count_change": 0, "benchmark_rate_10k": 13.597203178615208, "baseline_percentile": 0.75, "peak_elevated": null, "recent_elevated": null, "transition": "Unavailable", "low_population_flag": false, "low_count_flag": true, "zero_population_flag": true, "missing_denominator_flag": false }, "geometry": { "type": "Polygon", "coordinates": [ [ [ -75.211762, 39.897747 ], [ -75.193987, 39.905633 ], [ -75.193465, 39.903433 ], [ -75.193652, 39.902387 ], [ -75.194539, 39.902499 ], [ -75.196923, 39.900884 ], [ -75.195421, 39.89903 ], [ -75.196239, 39.893365 ], [ -75.195514, 39.89184 ], [ -75.19726, 39.892618 ], [ -75.208124, 39.895675 ], [ -75.211762, 39.897747 ] ] ] } },
{ "type": "Feature", "properties": { "tract_geoid": "42101980906", "tract_name": "9809.06", "fixed_population": 0.0, "peak_count": 2, "peak_rate": null, "recent_count": 0, "recent_rate": null, "absolute_rate_change": null, "absolute_count_change": -2, "benchmark_rate_10k": 13.597203178615208, "baseline_percentile": 0.75, "peak_elevated": null, "recent_elevated": null, "transition": "Unavailable", "low_population_flag": false, "low_count_flag": true, "zero_population_flag": true, "missing_denominator_flag": false }, "geometry": { "type": "Polygon", "coordinates": [ [ [ -75.216123, 39.909637 ], [ -75.213906, 39.911072 ], [ -75.206841, 39.911186 ], [ -75.2055, 39.91304 ], [ -75.20209, 39.918555 ], [ -75.2017, 39.919834 ], [ -75.195045, 39.921011 ], [ -75.192494, 39.921266 ], [ -75.189653, 39.921807 ], [ -75.18943, 39.920822 ], [ -75.190298, 39.91644 ], [ -75.19022, 39.915884 ], [ -75.192285, 39.906428 ], [ -75.211762, 39.897747 ], [ -75.214927, 39.901616 ], [ -75.216123, 39.909637 ] ] ] } },
{ "type": "Feature", "properties": { "tract_geoid": "42101989100", "tract_name": "9891", "fixed_population": 1190.0, "peak_count": 1, "peak_rate": 2.8011204481792715, "recent_count": 1, "recent_rate": 2.8011204481792715, "absolute_rate_change": 0.0, "absolute_count_change": 0, "benchmark_rate_10k": 13.597203178615208, "baseline_percentile": 0.75, "peak_elevated": false, "recent_elevated": false, "transition": "Consistently below", "low_population_flag": false, "low_count_flag": true, "zero_population_flag": false, "missing_denominator_flag": false }, "geometry": { "type": "Polygon", "coordinates": [ [ [ -75.017973, 40.033361 ], [ -75.018617, 40.033655 ], [ -75.021725, 40.033923 ], [ -75.021906, 40.03451 ], [ -75.021806, 40.037024 ], [ -75.016212, 40.039914 ], [ -75.01432, 40.039451 ], [ -75.012541, 40.038027 ], [ -75.011038, 40.038599 ], [ -75.006278, 40.041155 ], [ -74.99627, 40.047202 ], [ -74.990976, 40.042526 ], [ -74.986592120061601, 40.038975530568685 ], [ -74.988884, 40.037289 ], [ -75.008568, 40.023883 ], [ -75.012214, 40.020698 ], [ -75.013805034048502, 40.0202136884648 ], [ -75.015583, 40.023134 ], [ -75.022508, 40.030832 ], [ -75.017973, 40.033361 ] ] ] } },
{ "type": "Feature", "properties": { "tract_geoid": "42101989200", "tract_name": "9892", "fixed_population": 0.0, "peak_count": 1, "peak_rate": null, "recent_count": 0, "recent_rate": null, "absolute_rate_change": null, "absolute_count_change": -1, "benchmark_rate_10k": 13.597203178615208, "baseline_percentile": 0.75, "peak_elevated": null, "recent_elevated": null, "transition": "Unavailable", "low_population_flag": false, "low_count_flag": true, "zero_population_flag": true, "missing_denominator_flag": false }, "geometry": { "type": "Polygon", "coordinates": [ [ [ -75.196923, 39.900884 ], [ -75.194539, 39.902499 ], [ -75.193652, 39.902387 ], [ -75.193809, 39.90002 ], [ -75.19194, 39.896089 ], [ -75.189553, 39.896694 ], [ -75.185189, 39.897048 ], [ -75.176903, 39.898652 ], [ -75.174959, 39.898488 ], [ -75.170726, 39.897583 ], [ -75.15468, 39.897064 ], [ -75.144277, 39.895682 ], [ -75.141533, 39.895062 ], [ -75.135413798820693, 39.892999568309399 ], [ -75.137296, 39.889966 ], [ -75.141522, 39.886891 ], [ -75.143746, 39.884998 ], [ -75.148893, 39.883727 ], [ -75.183023, 39.882013 ], [ -75.189323, 39.880713 ], [ -75.195217294768597, 39.877343945193196 ], [ -75.195514, 39.89184 ], [ -75.196239, 39.893365 ], [ -75.195421, 39.89903 ], [ -75.196923, 39.900884 ] ] ] } },
{ "type": "Feature", "properties": { "tract_geoid": "42101989300", "tract_name": "9893", "fixed_population": 453.0, "peak_count": 13, "peak_rate": 95.658572479764544, "recent_count": 11, "recent_rate": 80.94186902133923, "absolute_rate_change": -14.716703458425314, "absolute_count_change": -2, "benchmark_rate_10k": 13.597203178615208, "baseline_percentile": 0.75, "peak_elevated": true, "recent_elevated": true, "transition": "Persistently elevated", "low_population_flag": false, "low_count_flag": false, "zero_population_flag": false, "missing_denominator_flag": false }, "geometry": { "type": "Polygon", "coordinates": [ [ [ -75.131937, 40.005156 ], [ -75.128883, 40.018945 ], [ -75.125023, 40.018435 ], [ -75.125092, 40.018105 ], [ -75.124556, 40.017826 ], [ -75.122752, 40.019722 ], [ -75.11751, 40.019054 ], [ -75.117475, 40.015783 ], [ -75.119439, 40.013026 ], [ -75.112161, 40.012085 ], [ -75.114161, 40.002811 ], [ -75.11609, 40.003067 ], [ -75.11629, 40.002141 ], [ -75.11902, 40.001961 ], [ -75.12441, 40.002634 ], [ -75.123949, 40.004814 ], [ -75.127863, 40.005057 ], [ -75.131937, 40.005156 ] ] ] } }
]
}
